cbm_warping,cbm_barrier,cbm_anisotropy,vbm_warping,vbm_barrier,vbm_anisotropy,cbm_rel,cbm_ratio,cbm_parabolic,vbm_rel,vbm_ratio,vbm_parabolic,uid,formula
0.0007003676224374073,False,1.6781752578625362,-0.01788068154604266,False,2.100454994252617,0.0,1.0,True,0.004632350492356881,0.9953676495076431,True,2ScF3-1,F6Sc2
1.5211552617281624e-05,False,1.0000779215597229,-9.56686278840798e-05,False,1.0002571135544225,1.4337653767228284e-16,0.9999999999999999,True,0.0,1.0,True,2FOY-1,O2F2Y2
0.00010444393372300935,False,1.3186343199191877,-0.003190678933434348,False,2.945724628693409,0.0,1.0,True,0.008807206925279289,1.0088072069252794,True,2FOSc-1,O2F2Sc2
1.6789202204986016e-05,False,1.0000208348733446,-0.011948334392551016,False,2.4813226948405367,0.0,1.0,True,0.048843894892027694,0.9511561051079723,False,1MgF2-1,F2Mg
0.10604667132812907,False,1.3711991360376161,-0.06272515373225775,True,1.9429001171449758,8.828969138850449e-07,0.9999991171030861,True,3.135046074658535e-05,0.9999686495392535,True,2KTaF6-1,F12K2Ta2
0.0002184417159121646,False,1.000000000012203,-0.005189814176827409,False,1.4472579500158467,1.1123787831702573e-16,0.9999999999999999,True,0.043758023204697294,1.0437580232046972,False,2BaClF-1,F2Cl2Ba2
0.00019693693109308744,False,1.000000000104032,-0.0004740935304250484,False,1.2262427398566105,1.138797881971172e-16,1.0000000000000002,True,0.0,1.0,True,2ClFSr-1,F2Cl2Sr2
0.00012338258345923614,False,1.1300545038242695,-0.0011697285586927462,False,2.6465660705128036,0.0,1.0,True,1.2158868317673067e-16,1.0000000000000002,True,2AlFO-1,O2F2Al2
0.0019614733741879302,False,1.0100632773711955,-0.015534321204775386,False,1.0827370055858063,2.9628767446293538e-05,1.0000296287674464,True,0.0006774987205226178,1.0006774987205227,True,2CaClF-1,F2Cl2Ca2
3.055684755162182e-05,False,1.0001226469356632,-0.0032130262240836153,True,25.41021643717954,1.2897766223958442e-16,1.0000000000000002,True,0.02578314070044656,1.0257831407004465,False,2ClOY-1,O2Cl2Y2
0.00047533661694419406,False,1.0000000000010627,-0.0027783996885209702,False,1.015686990353985,1.1584641230628079e-16,0.9999999999999999,True,5.503694740611356e-05,0.9999449630525938,True,2BaBrF-1,F2Br2Ba2
0.0005468936346486703,False,1.0000000000002511,-0.007764670037998535,False,1.041427581186923,0.0,1.0,True,5.452931105948503e-05,1.0000545293110594,True,2BrFSr-1,F2Br2Sr2
0.004453855311559718,False,1.0224565996716715,-0.011527439053267386,False,1.0599298885951107,4.089529075734566e-05,0.9999591047092427,True,0.000142227273530359,1.0001422272735303,True,2BrCaF-1,F2Ca2Br2
0.0005985984445970809,False,3.682417234942723,-0.00030559545690540184,True,3.315847709936533,1.4555675670871272e-16,1.0000000000000002,True,0.0,1.0,True,2ClOSc-1,O2Cl2Sc2
0.00023482059722567536,False,1.3173031746897081,-0.006348155198331755,False,1.993694840440037,0.0,1.0,True,0.021606062755554278,1.0216060627555543,False,1BaP2F12-1,F12P2Ba
1.60864490206028e-05,False,1.0000007032586613,-4.254194724393123e-06,False,1.0069530143762395,0.0,1.0,True,1.9242269858552715e-16,1.0000000000000002,True,2BrOY-1,O2Br2Y2
0.005181935947253175,False,1.021307366692835,-9.845444372271576e-05,False,1.000669496972535,0.0032933739555464736,0.9967066260444535,True,0.0,1.0,True,1TiF2-1,F2Ti
0.0004903172697698706,False,1.164390249741045,-0.009603938358974556,False,2.2247279446472517,1.5948488494758336e-16,0.9999999999999999,True,0.01658055288623945,0.9834194471137605,True,1SrP2F12-1,F12P2Sr
0.0009227519770547214,False,1.0000000000697626,-0.003727672352997963,False,1.0181521342056552,1.2674037344095844e-16,1.0000000000000002,True,0.00013720821137514532,1.000137208211375,True,2BaFI-1,F2I2Ba2
0.0026786401785547764,False,7.5873387463943835,-0.0009078413809665109,True,9.872862872689085,0.012991409091092606,1.0129914090910925,True,1.6645762677427958e-16,1.0000000000000002,True,2TiO2-1,O4Ti2
0.05641279093604478,False,4.674154992437728,-0.0026107363506409683,False,3.1743127041955135,0.10776030821945075,1.1077603082194507,False,0.022482542177436445,1.0224825421774364,False,2CaSn2F6-1,F12Ca2Sn4
0.0015145502426317458,False,1.0076550845880912,-0.006191921258791571,False,1.0324073929312052,6.897926918011068e-07,1.0000006897926919,True,4.245190444067121e-05,0.9999575480955594,True,2FISr-1,F2Sr2I2
0.08213973470246905,True,1.7591267575313494,-0.0015574999638292234,False,3.483607002572606,9.874773768243194e-05,0.9999012522623175,True,0.00016588435263289108,0.9998341156473671,True,2CaGe2F6-1,F12Ca2Ge4
0.008210842436153509,False,1.0000000392211228,-0.008444787520357697,False,1.000000000005377,2.1174904374033644e-16,1.0000000000000002,True,0.0,1.0,True,2CaFI-1,F2Ca2I2
0.00407198245614714,True,2.250606627706857,-0.00038804766781237266,False,2.280532034933464,0.0155223859139392,0.9844776140860608,True,1.274668527945316e-16,0.9999999999999999,True,2FSSc-1,F2S2Sc2
0.0006120409451471445,False,2.5092543201472255,-0.00015313649986428403,True,3.886938870879919,0.0,1.0,True,0.0,1.0,True,2BrOSc-1,O2Sc2Br2
0.0005388564468528648,False,1.052429491680999,-0.005299927665769548,False,2.852401443408179,1.187689733469265e-16,0.9999999999999999,True,0.006375825878046804,0.9936241741219531,True,1BaSb2F12-1,F12Sb2Ba
0.0004690472362834615,False,1.1327867360034738,-0.005537235342903086,False,2.1815447604362515,1.2542534796643277e-16,0.9999999999999999,True,0.035690259184388284,1.0356902591843884,False,1SrSb2F12-1,F12SrSb2
0.0004266485347733476,False,1.0004911954757487,-1.2259720304218495e-06,False,1.0019040185539771,1.2993142259895436e-16,0.9999999999999999,True,1.3073962111713672e-16,1.0000000000000002,True,2IOY-1,O2Y2I2
0.0028300674395159977,True,3.3987311087688776,-0.0002893744108201544,False,2.327264554943198,8.836467116271143e-09,0.9999999911635329,True,0.0,1.0,True,2FScSe-1,F2Sc2Se2
0.0007030788664460769,False,1.0154909367788272,-0.005068236520387904,False,2.65101930529393,0.0,1.0,True,0.03273305028779727,1.0327330502877974,False,1BaAs2F12-1,F12As2Ba
0.0009760614923316473,False,1.0035985132271712,-0.0003455290432929582,False,1.0019891836468047,0.0,1.0,True,1.13469356610881e-16,1.0000000000000002,True,1TeNb3F7-1,F7Nb3Te
0.0004922883262164879,False,1.1404316382441537,-0.006394135839707749,False,2.48719896744453,0.0,1.0,True,5.016770910925313e-05,0.9999498322908907,True,1SrAs2F12-1,F12As2Sr
0.00048143024772681836,True,2.4851671049193174,-0.000456815747054183,False,3.134774239011567,0.0,1.0,True,2.1183938763395166e-16,1.0000000000000002,True,4IOSc-1,O4Sc4I4
0.0035819068661713444,False,1.6164969840049461,-0.002829764179651227,False,1.4926759907541565,0.01975780748685231,1.0197578074868523,True,0.008731829213792532,1.0087318292137926,True,2WF2O2-1,O4F4W2
0.0013866981948124617,False,2.289569168192223,-0.0023437034345189295,False,1.0803431556977805,0.0,1.0,True,0.0034622454642096695,1.0034622454642097,True,4FNZr-1,N4F4Zr4
4.949182187817353e-05,False,10.207920037224126,-0.0015531310804364155,False,2.042429129228121,0.0,1.0,True,1.5917901682258513e-16,1.0000000000000002,True,2FHfN-1,N2F2Hf2
5.570797831914275e-06,False,1.0017522047269711,-0.0006401764618305706,False,3.6687667647761883,0.0,1.0,True,2.0018724898333984e-16,0.9999999999999998,True,1HfW2O8-1,O8HfW2
5.264575056353732e-06,False,1.0019213118173622,-0.0009578631695850811,False,3.7148837132894617,0.0,1.0,True,2.062571964810874e-16,1.0000000000000002,True,1ZrW2O8-1,O8ZrW2
0.00024087631651222098,False,1.0001116319195196,-0.0015647537950948366,False,1.035489173435011,1.9749260491740425e-16,0.9999999999999998,True,0.002194973935712254,0.9978050260642878,True,2FNZr-1,N2F2Zr2
0.0032638305249063156,False,5.627861452265024,-0.00018196228979954548,False,1.0385749258940922,0.006529366592504056,0.993470633407496,True,0.0,1.0,True,1CF2Sc2-1,CF2Sc2
2.9691272553321865e-05,False,1.0004675113741797,-0.0010821060400492048,True,40.069777002168344,0.0,1.0,True,2.0777457952115624e-16,1.0000000000000002,True,1Ta2W2O11-1,O11Ta2W2
5.799812092220018e-06,False,1.0003085021574656,-0.0003050778595192947,False,3.271956063615603,0.0,1.0,True,1.6815571162972632e-16,1.0000000000000002,True,1BaCl2-1,Cl2Ba
0.002828162744343336,False,4.93796401849609,-0.00011117146785078688,False,1.0026681761510077,0.005791710039079536,0.9942082899609205,True,0.0,1.0,True,1CF2Y2-1,CF2Y2
0.0009284506683942379,True,1.3675239953353755,-0.0007386138076014066,True,7.882642911450578,1.1131916874074699e-16,0.9999999999999999,True,0.0,1.0,True,2ZrO3-1,O6Zr2
5.946707000535563e-06,False,1.0005706905261291,-0.0005446611719975876,False,4.896517644070203,0.0,1.0,True,0.0,1.0,True,1HfMo2O8-1,O8Mo2Hf
1.76520204832121e-05,False,1.0120395653307133,-0.000699502612488965,False,4.912468876312239,0.0,1.0,True,1.1502328353866768e-16,0.9999999999999999,True,1ZrMo2O8-1,O8ZrMo2
0.0034379112185206812,False,1.0975282468505527,-0.00014829686660948433,False,1.002675334340476,0.004575366540719217,0.9954246334592808,True,0.0,1.0,True,2SbScO3-1,O6Sc2Sb2
5.185636612875285e-06,False,1.0002418769124586,-0.0007243570208202562,False,4.982609077877895,0.0,1.0,True,0.0,1.0,True,1SrCl2-1,Cl2Sr
0.008175441778395647,False,7.056591992130117,-0.0012521034546054423,False,1.0019482417730776,0.021433220567785915,0.978566779432214,False,0.0,1.0,True,2SbF3-1,F6Sb2
0.00039427164770863284,False,1.0451574816807647,-0.008145972642267855,False,1.361202018678688,0.0,1.0,True,0.008326878986643664,0.9916731210133564,True,1CdIn2F8-1,F8CdIn2
1.4694373142853056e-05,False,1.008241951100832,-0.00035830118580893735,False,1.016447165097105,1.6859763326231196e-16,1.0000000000000002,True,0.0,1.0,True,1Nb2W2O11-1,O11Nb2W2
0.0010967288566300069,False,9.659970398394103,-0.007576313170871328,False,10.607502307585444,1.6609318885249805e-16,0.9999999999999999,True,0.0037492362799561195,1.003749236279956,True,2HfO3-1,O6Hf2
0.00022342735377856794,False,1.5680364309031145,-0.0006108192684807366,False,6.204318635177914,0.0,1.0,True,0.0,1.0,True,2ClTaO2-1,O4Cl2Ta2
2.790541000278089e-07,False,2.331106649600098,-0.0005049944979342704,False,1.020846366861956,1.1967358574617157e-16,0.9999999999999999,True,0.0,1.0,True,1N2O2Zr3-1,N2O2Zr3
0.000767166763724261,False,3.5221889738883165,-0.00027458743061788463,False,6.563197794681358,1.7637982918717984e-16,1.0000000000000002,True,1.6093561368305572e-16,1.0000000000000002,True,1CaCl2-1,Cl2Ca
0.0004994972141510294,False,2.1928031573018334,-0.0019654783067318622,False,1.004126009487751,1.6184899099703907e-16,0.9999999999999999,True,0.0009320238387403221,0.9990679761612596,True,1N2O2Hf3-1,N2O2Hf3
5.1118196310119996e-05,False,1.0000820204556897,-0.0011871549680104513,False,1.0114818557897376,0.0,1.0,True,1.719041287378547e-16,1.0000000000000002,True,1ZnF2-1,F2Zn
0.009442988206483184,False,153.87545112271403,-0.0005157824695978711,False,4.780605323325938,0.3967281121100883,1.3967281121100883,False,1.3136838905787128e-16,0.9999999999999999,True,1BaBrCl-1,ClBrBa
0.0003590021146251805,False,1.3645197988956446,-0.0016725220206357185,True,3.1603803106223847,0.0,1.0,True,0.00510883655981433,0.9948911634401857,True,2AlClO-1,O2Al2Cl2
0.0003300076495657962,True,2.948026555198939,-0.002120319137025586,False,11.608782791360793,0.0,1.0,True,0.01095734574893593,1.010957345748936,True,2YCl3-1,Cl6Y2
0.0003209317839325648,False,1.5493242216900829,-0.0009064016818094911,False,3.346406290790741,0.0,1.0,True,0.0,1.0,True,2BrTaO2-1,O4Br2Ta2
0.002046615890586798,True,1.9351682788471138,-0.0005434140304980775,False,4.392957830815842,0.021413313176196082,0.9785866868238039,False,1.174418920391112e-16,0.9999999999999999,True,2ClNbO2-1,O4Cl2Nb2
0.0037146096285952173,False,8.949998186310356,-4.0766886978828685e-05,False,1.0164109002420232,0.00993515880699072,0.9900648411930093,True,0.0,1.0,True,1CHf2O2-1,CO2Hf2
0.006081000927965856,False,1.0336859337688697,-0.0025281339047260438,False,1.675517272927549,0.004170915919300738,1.0041709159193006,True,0.00467295550577269,1.0046729555057727,True,2FNTi-1,N2F2Ti2
0.003397241547489207,False,8.892655751576545,-3.2457379883021366e-05,False,1.022778151343377,0.009810925259661275,0.9901890747403387,True,0.0,1.0,True,1CO2Zr2-1,CO2Zr2
0.000382797459040181,False,1.7245509870240272,-0.0019635896398663287,True,1.7750805212805707,0.0,1.0,True,0.02370073968587241,1.0237007396858724,False,2V2O5-1,O10V4
5.6126566841242704e-05,False,1.0000049381877107,-0.0010400278080238555,False,1.0039820964722066,1.975996636186767e-16,1.0000000000000002,True,0.0,1.0,True,1CdF2-1,F2Cd
0.00020487710389435597,False,1.201638259195612,-0.0025468816344145803,False,3.1538274223331997,0.0,1.0,True,0.007889057677641592,1.0078890576776416,True,4VO2-1,O8V4
0.00030964153106450415,False,1.0242609586999785,-0.00043394384922438385,False,4.390111680232412,0.0,1.0,True,0.0,1.0,True,2FGaO-1,O2F2Ga2
0.0008815841140978279,False,2.3476321214815306,-0.00063739150693582,False,3.004527827064916,1.3752241936176338e-16,0.9999999999999999,True,0.0,1.0,True,2BrNbO2-1,O4Br2Nb2
0.18446298231310593,False,1.7911623574583622,-0.00024258316658534984,False,1.002436539244347,0.02634968623692548,0.9736503137630745,False,0.0,1.0,True,2PVO5-1,O10P2V2
0.0009901858917402675,False,1.0269344452591804,-0.0010327376690459759,False,1.653383288723065,0.0,1.0,True,1.1630451821164346e-16,1.0000000000000002,True,2AlInO3-1,O6Al2In2
0.003430703423099298,False,3.2989608386158666,-3.823873177921025e-05,False,1.0026343641037831,0.007226171620205134,1.0072261716202051,True,2.608229254786699e-16,1.0000000000000002,True,2AlSbO3-1,O6Al2Sb2
0.0007537924740722272,False,1.0000000043985202,-0.0026706181299009524,True,1.7490729439818014,0.0,1.0,True,5.664177797417301e-07,0.9999994335822202,True,2BaClI-1,Cl2I2Ba2
0.0005386203714449315,False,1.5554568805298858,-0.00034843561954433437,False,2.388449937643683,0.0,1.0,True,0.0,1.0,True,2ITaO2-1,O4I2Ta2
0.0012261289388782305,False,1.6798898937047084,-0.004104412195833417,True,1.5595348780084417,1.5783165398757216e-16,0.9999999999999999,True,0.03633713179707288,0.9636628682029271,False,2WO3-1,O6W2
1.6722580040779985e-05,False,1.0001321152312979,-0.0001381735488829579,False,1.000269222234837,1.3622042928979155e-16,1.0000000000000002,True,1.5133987494984312e-16,1.0000000000000002,True,1ZrH2P2O6-1,H2O6P2Zr
0.003521479713802129,False,5.319547052951293,-0.0020070284149998766,False,3.5283618484726613,0.0034848247460891393,1.0034848247460892,True,0.011752020080239532,1.0117520200802395,True,2TiO3-1,O6Ti2
0.0011152812876547601,False,2.810488356243132,-2.1774553009539263e-05,False,1.0016966020628943,1.8476008681024083e-16,0.9999999999999998,True,0.0,1.0,True,2ScCl3-1,Cl6Sc2
0.0016357210955442003,False,9.58281398745559,-0.0034307496093900426,False,2.8552885621982713,0.008569470595208772,1.0085694705952089,True,0.014377274766426985,1.014377274766427,True,1BaClI-1,ClIBa
0.09372455311862816,True,1.2522978295499598,-0.0055285225277669,False,2.762120997822326,1.3033074251037571e-05,0.999986966925749,True,7.277539457328944e-05,0.9999272246054267,True,2FPPbO3-1,O6F2P2Pb2
0.0006626627538628626,False,3.074812712819326,-0.00015235010307480953,False,1.2630973733907873,0.0,1.0,True,0.0,1.0,True,1SrBr2Ca2S2-1,S2Ca2Br2Sr
0.0008192434041747675,False,1.4951104798938613,-0.0007204069058614303,True,4.0313262976072215,0.0,1.0,True,0.0,1.0,True,2AlBrO-1,O2Al2Br2
0.003164232748901391,False,4.513727801763324,-2.9997562971512528e-05,False,1.0025296164975337,0.007665421919177352,0.9923345780808226,True,0.0,1.0,True,2AlAsO3-1,O6Al2As2
0.00013675479658902567,False,1.0958699589553507,-0.0006833081188667249,False,1.011558215684857,0.0,1.0,True,0.0,1.0,True,1OSTi-1,OSTi
0.024818002788724744,False,1.9010688946022285,-0.006180320831520171,False,9.972599902125479,0.05603256272699322,0.9439674372730068,False,0.037191791539505636,0.9628082084604943,False,2FPSnO3-1,O6F2P2Sn2
0.00033129612944275184,True,1.1231604358523428,-0.0004754157609198522,False,7.473872633640163,1.4860337082797596e-16,1.0000000000000002,True,0.0,1.0,True,1BiScCl2O2-1,O2Cl2ScBi
0.0019027940523798804,True,2.4702572329832417,-0.00038601266002451516,False,1.1387798174606711,0.03589104469484962,0.9641089553051504,False,0.0,1.0,True,1BaBr2-2,Br2Ba
0.000861980023368839,False,3.9435392752166525,-2.399595815975392e-06,False,1.0011116999581962,2.0461276884406767e-16,0.9999999999999998,True,1.1667023531022622e-16,0.9999999999999999,True,1CaBr2-1,CaBr2
0.00017856088161075496,False,2.5869573214942507,-0.008258499777779996,False,2.913604026288376,1.1477734639267306e-16,0.9999999999999999,True,0.009775571267258906,1.009775571267259,True,2INbO2-1,O4Nb2I2
1.4997927407617856e-05,False,1.0009426529441388,-0.0012154629477001725,False,1.6958869481672108,1.7777052952795096e-16,1.0000000000000002,True,1.5599488383593915e-16,0.9999999999999999,True,1OZrBr2-1,OBr2Zr
0.0013410807572712792,False,1.0000000302974705,-0.0021615712858656555,False,7.181347353127052,0.0,1.0,True,0.048221444523901175,1.048221444523901,False,2ClISr-1,Cl2Sr2I2
0.004218025634383087,False,11.66673252105389,-4.482622270565378e-05,False,1.0328645522391295,0.013774464663512035,0.9862255353364879,True,0.0,1.0,True,1CO2Ti2-1,CO2Ti2
0.00012046378515252145,True,4.403613903509742,-0.0010689392085272862,False,1.7169907193819038,0.0,1.0,True,0.0,1.0,True,2ClSSc-1,S2Cl2Sc2
0.008333784391248008,False,2.0696238745557385,-0.0019056438589431278,False,19.922657292055188,0.06731224771703559,0.9326877522829644,False,0.016642018205665996,0.983357981794334,True,2FGePO3-1,O6F2P2Ge2
0.00029566264403080983,False,1.017057682439356,-0.001990420872367569,False,10.906429109799802,1.5157449538085425e-16,1.0000000000000002,True,0.039757686464245344,1.0397576864642453,False,2FInO-1,O2F2In2
1.148952793586098e-06,False,1.0000983520484392,-0.0024943267944640183,False,1.7634232134856733,1.3126925910304927e-16,0.9999999999999999,True,0.09502120202239923,1.0950212020223993,False,1SrBr2-2,Br2Sr
0.01474530085055334,False,1.1883053737288498,-0.0033940275690007168,False,2.0038319636389055,2.443260723562248e-06,0.9999975567392765,True,1.0749855569281526e-09,0.9999999989250145,True,4CaTeO3-1,O12Ca4Te4
9.644848857013519e-05,False,1.0544336092410007,-0.002136769255965098,False,1.1560805448254559,1.4934117743880206e-16,1.0000000000000002,True,0.025087978599563396,1.0250879785995635,False,1MoW3O8-1,O8MoW3
2.5802398205363677e-05,False,1.0000967650544168,-0.0004775232206583424,False,1.0134649113496257,0.0,1.0,True,0.0,1.0,True,1WO2-1,O2W
8.012272710115948e-06,False,1.0000768940194285,-0.00034834635190010126,False,42.02917634565904,1.2669883561159785e-16,0.9999999999999999,True,0.0,1.0,True,2BrSY-2,S2Br2Y2
0.00013609193785984013,False,1.0024630325197537,-0.001590247529859098,False,1.3766942143819865,1.830359767927587e-16,1.0000000000000002,True,0.005637415743569108,1.005637415743569,True,2CaF2O2H4-1,H8O4F4Ca2
0.0022748968491536087,False,1.1048847421341697,-0.0027269713471915445,False,1.3848298846107994,0.037121741418162255,1.0371217414181622,False,0.0368509721185842,1.0368509721185841,False,2MoWO4-1,O8Mo2W2
0.0023644493558911393,False,13.294662516314474,-0.0008188931921925525,False,1.019244009233513,0.02716751916699176,1.0271675191669918,False,0.0,1.0,True,1BaBrI-1,BrIBa
3.438484451562809e-05,False,1.0097361722659013,-0.002227709803456972,False,1.5655507317395063,0.0,1.0,True,0.050771941572128075,0.949228058427872,False,2SrF2O2H4-1,H8O4F4Sr2
0.01090066746704233,False,1.0571398779486103,-0.002243649823086162,False,2.5735921639894572,2.5293876213355803e-07,0.9999997470612378,True,7.685077197404247e-08,0.999999923149228,True,4SrTeO3-1,O12Sr4Te4
0.001036256211909288,False,1.462871741983206,-0.002917000581338623,False,2.0500927650725584,0.0,1.0,True,0.02390786536726868,1.0239078653672686,False,2MoO3-1,O6Mo2
0.0043517909720078365,True,1.8173374358894843,-0.0017073127133405408,False,1.7152531443954049,0.016109488553845062,1.016109488553845,True,0.0014153566337864716,0.9985846433662136,True,2MgTeWO6-1,O12Mg2Te2W2
0.0002781349258551146,False,1.0787256721631182,-0.0015417743318316313,False,1.1892651853567369,1.2943011435506136e-16,1.0000000000000002,True,2.398081047960206e-05,1.0000239808104796,True,1WMo3O8-1,O8Mo3W
0.0021911194923565046,False,1.6696763883414474,-0.0015874448109428586,False,2.4368164445795375,0.003686218374996936,0.9963137816250031,True,0.0020163030144801125,1.0020163030144802,True,2WZnO4-1,O8Zn2W2
6.156870560484692e-05,False,1.000169835077399,-0.000124911682091634,False,1.0035984734456798,0.0,1.0,True,0.0,1.0,True,1MoO2-1,O2Mo
0.011975245213999584,False,1.194915303828927,-0.02383274312810709,False,1.1442641852203785,0.048676874349252774,0.9513231256507473,False,0.02132565774677176,0.9786743422532282,False,2CsIF4-1,F8I2Cs2
0.0004884928703351765,True,1.0542594375426981,-0.005550312299565777,False,3.3402168844837057,0.0,1.0,True,0.14361586048639932,1.1436158604863993,False,1SSeCl2Sc2-1,SCl2Sc2Se
0.00016505428932239138,False,23.450465811022575,-0.0020821172123106618,False,2.09578303881945,0.0,1.0,True,0.0779569325791396,0.9220430674208604,False,1BrClS2Sc2-1,S2ClSc2Br
0.001613691041370721,False,4.398789569040325,-1.981914075619851e-06,False,1.0003461673010028,2.3006027023699388e-09,0.9999999976993973,True,1.2658699215193855e-16,1.0000000000000002,True,2YBr3-1,Br6Y2
0.0014628328184743368,False,1.48382628151476,-0.016037450549969787,True,1.2807071618172137,0.0,1.0,True,2.8843945104799185e-05,0.9999711560548952,True,1OScHf3N3Br4-1,N3OScBr4Hf3
0.005119915512018933,True,11.580888506107582,-0.006438810145276779,False,2.135753408959304,0.008501262150817212,0.9914987378491827,True,0.007001733664076064,0.9929982663359239,True,2MgMoTeO6-1,O12Mg2Mo2Te2
0.00155328106866787,False,472.80082447999484,-0.009699288008983883,False,1.6936519457266843,0.06157963712427782,1.0615796371242778,False,0.02015365161049433,0.9798463483895057,False,1BrISr-1,BrSrI
0.00032415236498570184,True,5.412956199326118,-0.001933612324854273,False,1.667714476585919,0.0,1.0,True,0.007042848049048586,0.9929571519509515,True,1ClBr3S4Sc4-1,S4ClSc4Br3
0.002963816489294475,False,3.0152591543073655,-9.643956725321654e-05,False,1.0920303828898763,1.5892535878828472e-16,1.0000000000000002,True,0.0,1.0,True,2SrSb2O4-1,O8Sr2Sb4
0.0010105763235291965,False,4.730665806826321,-0.0005422839261216533,False,1.0326061927349968,1.1880168346617654e-16,0.9999999999999999,True,1.1126461045649405e-16,0.9999999999999999,True,2CaSb2O4-1,O8Ca2Sb4
0.00018444517602212877,True,1.793292965217996,-0.0005310653080652118,False,1.7382554152734944,0.0,1.0,True,0.0,1.0,True,2ClScSe-1,Cl2Sc2Se2
0.0008690878999353209,False,1.2345011832147499,-0.08835955790344084,True,13.593411126425353,1.277998418023277e-16,1.0000000000000002,True,0.17538371431887562,1.1753837143188757,False,1AuInF4-1,F4InAu
0.000413445589720433,False,8.575750162723816,-0.002078314454565797,False,1.1459837500452201,0.0,1.0,True,0.018244818440521518,1.0182448184405215,True,2ClScBr2-1,Cl2Sc2Br4
0.0025088092812125045,False,2.8434185429825067,-0.0011646008711461914,False,1.0134320403813464,0.009122962971598196,1.009122962971598,True,0.0,1.0,True,1CrMo3O8-1,O8CrMo3
0.001960217351011818,False,1.1405357688141078,-0.0003723182292738819,False,2.0905330653765555,2.446370834998314e-07,0.9999997553629165,True,1.4457155266102115e-16,0.9999999999999999,True,4CaSeO3-1,O12Ca4Se4
0.00040530095664354334,False,1.061962125451612,-0.021361039605322783,False,2.6899688587649466,1.394529643353632e-16,1.0000000000000002,True,0.037491844314832184,1.0374918443148322,False,1BeAs2F4O4-1,BeO4F4As2
0.000490622332913297,False,1.000330191962958,-0.0022964353785928458,False,1.1082093779228384,0.0,1.0,True,0.0020919037917655967,0.9979080962082344,True,2TlF3-1,F6Tl2
0.14351704481483338,False,8.238000036250005,-0.01566633533021795,False,1.2168105673666074,0.38344019664984763,1.3834401966498475,False,0.011793664568873754,1.0117936645688737,True,2OTaCl2-1,O2Cl4Ta2
0.017625901203709406,False,1.7597451134442539,-0.0010309926305291628,False,10.247406643010578,0.0,1.0,True,1.1438989975972824e-16,0.9999999999999999,True,2BaSb2O4-1,O8Sb4Ba2
0.02950173272086434,False,2.2193082474421573,-0.0005504888067282008,False,2.3323890655602852,0.028016633389665316,1.0280166333896654,False,0.0,1.0,True,4SeSrO3-1,O12Se4Sr4
0.03814732051065133,True,27.855796410627597,-0.0002763702539592558,False,1.5691301616525084,0.9184919766672474,1.9184919766672472,False,0.0,1.0,True,2BrSSc-1,S2Sc2Br2
3.4879572809893056e-06,False,1.0001549562883467,-1.1643038300459799e-05,False,1.0042483710301575,0.0,1.0,True,0.0,1.0,True,1MgCl2-1,MgCl2
0.016144756363845426,True,8.05098631698077,-0.00021255090926775998,False,1.0158413839041218,0.03398651766522844,1.0339865176652285,False,0.0,1.0,True,1BrSeY-1,SeBrY
0.0002259659902975105,False,1.0007195712978512,-0.0009055581047478505,False,1.0017867004453334,0.0,1.0,True,1.559374235318439e-16,1.0000000000000002,True,2ClNZr-1,N2Cl2Zr2
0.004552950290981169,False,1.0338665398646392,-0.0009382116540938781,False,10.81657251922052,2.2861737755375183e-08,0.9999999771382623,True,0.0,1.0,True,4BSbO3-1,B4O12Sb4
0.01704053906125824,False,1.6556081155587155,-0.000662783237917271,False,24.09014724919136,1.813054781806278e-16,1.0000000000000002,True,1.3492601963887058e-16,0.9999999999999999,True,2PSbO4-1,O8P2Sb2
0.00776851580465301,False,1.579485731780233,-0.0038039799358104594,False,3.624839301691703,0.01394881334569391,0.9860511866543061,True,0.2070942966707001,1.2070942966707001,False,1ZrHf3Cl4N4-1,N4Cl4ZrHf3
0.01291581176926027,False,1.1271800581678884,-0.0012444177529727471,False,3.12418140301525,9.270679231619258e-09,0.9999999907293208,True,1.5907979989579076e-16,1.0000000000000002,True,4BBiO3-1,B4O12Bi4
0.0004518233482910139,False,1.0002876475484141,-0.08413300786784286,True,1.374370558950608,0.0,1.0,True,6.595505256038132e-11,0.999999999934045,True,2ClHfN-1,N2Cl2Hf2
0.05261999444627785,True,8.650451241136535,-0.011083827450024663,False,4.51196329333242,0.3983806008802271,1.398380600880227,False,0.09092282007702218,1.0909228200770222,False,2MgSeWO6-1,O12Mg2Se2W2
0.00015492405250276014,False,1.0000000000014788,-0.0053611144005643666,False,1.0274233013477478,1.5830847171932385e-16,0.9999999999999999,True,0.0008792948509561661,1.0008792948509562,True,2ClCs-1,Cl2Cs2
0.21253280584768253,True,2.2981341822425887,-0.0018086470269312379,False,7.78884631953581,2.62790047920261e-06,0.9999973720995208,True,1.8481751802688066e-16,0.9999999999999998,True,2BiPO4-1,O8P2Bi2
1.4669105109079478e-05,False,1.000100444908449,-0.025364411172595153,True,17.161004224603868,0.0,1.0,True,0.0912304372426377,1.0912304372426378,False,2ISY-1,S2Y2I2
0.0013565245827398893,False,1.4352924599834975,-0.0007939360079255202,False,1.9270678585108159,0.0,1.0,True,0.0,1.0,True,2MoZnO4-1,O8Zn2Mo2
0.005893973756519332,False,2.308725753793147,-0.001720515267038048,False,19.698799641181434,0.0028549310305793405,0.9971450689694207,True,0.0068455739567886845,1.0068455739567888,True,2NbF2Se2-1,F4Se4Nb2
0.001223231118745214,False,1.6444105443221912,-0.005599265825539176,True,9.432117333027705,0.0,1.0,True,0.0029191168239519373,0.997080883176048,True,1PbSrS2O8-1,O8S2SrPb
0.017710294803703074,True,1.3046933224784962,-0.2211844499077211,True,2.2918975239970703,9.51856828204949e-06,0.999990481431718,True,1.3731484143189438e-06,0.9999986268515857,True,4BiFSrS2-1,F4S8Sr4Bi4
0.01961445192604878,False,6.940044494222791,-0.006421350044231228,False,6.744377220286052,0.07130580088184368,0.9286941991181563,False,0.014516541383109935,1.0145165413831099,True,4BaFSbS2-1,F4S8Sb4Ba4
0.01219654232636832,True,1.682457416433461,-0.010035276264139917,False,1.661031426730316,9.437250061427153e-07,0.9999990562749939,True,7.698649692947704e-05,0.9999230135030706,True,4BaBiFS2-1,F4S8Ba4Bi4
0.035530814799319445,False,5.303383715221258,-0.021229076933677486,False,1.5290715843737392,1.103708016465225e-06,0.9999988962919836,True,1.8535760551469714e-07,0.9999998146423945,True,4FSbSrS2-1,F4S8Sr4Sb4
0.0007230798801876462,False,3.890354077125395,-9.834284865148683e-06,False,1.0007855539874901,0.0,1.0,True,1.1167461683226186e-16,0.9999999999999999,True,1BaI2-1,I2Ba
5.651111438113624e-06,False,1.0002378531531377,-0.0012878960288661627,False,1.0060873050945358,1.5588433629885663e-16,1.0000000000000002,True,2.0521213946216868e-16,0.9999999999999998,True,1BaH2O2-1,H2O2Ba
0.003922624303093723,False,1.8562685061109996,-0.006101231643904673,False,1.2699470622083737,0.002164162561773848,0.9978358374382261,True,0.02215576585877594,1.0221557658587759,False,1ISY-1,SYI
0.00024716646349956864,False,6.685526067851562,-0.00030904594461764634,False,1.3434445044014305,0.0,1.0,True,1.216072102881152e-16,1.0000000000000002,True,2AlHSO4-1,H2O8Al2S2
0.00018712836713244383,True,5.586228634058293,-0.00029374526220685257,False,4.375627536566032,0.0,1.0,True,0.0,1.0,True,2BrIS2Sc2-1,S4Sc4Br2I2
0.0738582951021407,True,1.735827075827547,-0.0011969048846493888,False,1.2293670218891233,4.139165898509896e-05,0.9999586083410149,True,0.0,1.0,True,4BaBiFSe2-1,F4Se8Ba4Bi4
0.001448083716328424,False,1.3253268260809057,-0.034409347278071566,False,1.9335243927616026,0.0,1.0,True,0.04477195383650426,1.0447719538365043,False,1BrClHfZrN2-1,N2ClBrZrHf
0.00033421299284545344,False,10.06260272879868,-1.498380603559245e-06,False,1.0002649194702289,0.0,1.0,True,0.0,1.0,True,2ScBr3-1,Sc2Br6
0.0018490487027748549,False,6.660603752536781,-0.000626928486521631,False,2.1220068516409567,0.04540332756982647,1.0454033275698265,False,1.2652726684764083e-16,1.0000000000000002,True,4BaFSbSe2-1,F4Se8Sb4Ba4
3.6489906691755726e-06,False,1.0001423374425695,-0.00020406770368462156,False,1.0368233351304932,0.0,1.0,True,0.0,1.0,True,1MgH2O2-1,H2O2Mg
9.559499158787235e-06,False,1.0017121608363573,-8.856730217293921e-05,False,1.0002048250443198,1.1623271245463658e-16,1.0000000000000002,True,0.0,1.0,True,2FSi-1,F2Si2
0.006872164505657517,False,1.1780282428485425,-0.0077875551585189304,False,1.2657204923480012,1.9791040226437545e-16,1.0000000000000002,True,1.0018035121027183e-10,0.9999999998998197,True,2SrBi2O4-1,O8Sr2Bi4
1.0577012119769084e-07,False,1.2448363788929948,-0.002262320777587842,True,2.0064997635828665,1.7177572488663138e-16,1.0000000000000002,True,0.02014871455463913,1.020148714554639,False,2Ga2O3-1,O6Ga4
0.003551665029896141,False,2.5014713833653017,-0.00823611943094137,True,1.4758199481175438,0.006392376546506078,1.0063923765465062,True,0.03978251629531242,0.9602174837046876,False,4AsFSrS2-1,F4S8As4Sr4
0.044562389575668535,False,6.58184638740123,-0.03838997702211352,False,2.073694896911121,6.620831049867086e-06,0.9999933791689501,True,1.7113169103282883e-06,0.9999982886830897,True,4FSbSrSe2-1,F4Se8Sr4Sb4
0.008060520122287869,True,1.3205894830896026,-0.004150555613368526,False,1.6450240514255179,1.5445848211918003e-06,0.9999984554151788,True,1.23272517743559e-10,0.9999999998767275,True,2CaBi2O4-1,O8Ca2Bi4
0.0001909254757125212,False,1.5124728344004388,-0.00016939058862096165,True,3.021471917071263,0.0,1.0,True,1.7637063834100634e-16,0.9999999999999998,True,4FPSrS2-1,F4P4S8Sr4
0.0002837764019887941,False,1.840966138154228,-0.0017282840443450978,False,1.4417914118019934,0.0,1.0,True,0.0006288290547528799,1.000628829054753,True,2BrScSe-1,Sc2Se2Br2
0.02322663484360898,False,1.3146778954839242,-0.003198320092358815,False,6.590400349650823,2.8660802658162787e-15,0.9999999999999971,True,1.0823757393648057e-15,0.9999999999999989,True,2BaBi2O4-1,O8Ba2Bi4
0.00011666905267126023,False,1.1997017567084356,-0.0006856234799685831,False,7.570606834733422,0.0,1.0,True,1.2608525458117926e-16,1.0000000000000002,True,2MgCl2-1,Mg2Cl4
0.00011936800841053197,True,4.3527774312354275,-0.0007260109691162421,False,6.508589797828054,0.0,1.0,True,0.0,1.0,True,4BaFPS2-1,F4P4S8Ba4
0.0005364306642159409,False,4.006083400803228,-1.0223713503063335e-07,False,1.0009117271899681,0.0,1.0,True,1.498179199951858e-16,1.0000000000000002,True,1SrI2-1,SrI2
0.001172342417000468,False,1.1745453786060327,-0.008729599428627019,False,4.711683662877741,1.6153494036381755e-16,1.0000000000000002,True,0.18492948050044358,0.8150705194995564,False,1ClBr3Hf4N4-1,N4ClBr3Hf4
7.907271916954826e-05,False,1.4333831334848597,-0.0002476731301831782,False,1.6867879730035176,0.0,1.0,True,0.0,1.0,True,2HSLi3O4-1,H2Li6O8S2
0.00014935446827255998,False,1.183432321066665,-0.008213618474757201,False,1.3399433217572918,1.208793631677127e-16,1.0000000000000002,True,0.016433893981873286,1.0164338939818733,True,2CKSF3O3-1,C2O6F6S2K2
0.0004932890532937193,False,1.0005945725787257,-0.014602071394623679,True,10.765024515976547,0.0,1.0,True,0.010550520021143267,1.0105505200211433,True,2BrNZr-1,N2Br2Zr2
0.00017721268553508784,False,1.0029771760207598,-0.00033150723339561895,False,1.0416624494032352,0.0,1.0,True,0.0,1.0,True,1ZnRe2O8-1,O8ZnRe2
8.848786095319847e-05,False,1.7851135496627661,-3.6037469972574963e-05,False,1.0000163042252304,0.0,1.0,True,0.0,1.0,True,1ZrCl2-1,Cl2Zr
0.0057022357077462825,False,2.76750103284798,-0.01051159025947764,False,2.470237561139187,0.14096839350576468,0.8590316064942354,False,0.01043553874947561,0.9895644612505244,True,4AsBaFSe2-1,F4As4Se8Ba4
0.007933453674701003,False,3.217032633995839,-0.0038463867634959707,False,2.1448402643098805,2.379403049046238e-05,0.9999762059695095,True,2.6139552478217552e-06,0.9999973860447522,True,4AsFSrSe2-1,F4As4Se8Sr4
0.001681142999082811,False,1.1036297391792795,-0.0035017240952016997,False,1.5790745317904222,1.7071156852401152e-16,1.0000000000000002,True,1.4042273163907914e-16,0.9999999999999999,True,2BrHfN-1,N2Br2Hf2
0.05288790063784382,True,1.28459892481651,-0.0032358097734113836,False,2.9630672220227625,1.4319678649624176e-05,0.9999856803213504,True,0.0006879062170509826,0.999312093782949,True,2ClPSnO3-1,O6P2Cl2Sn2
0.020958409897420243,False,5.020868762767898,-0.009677319911225203,False,3.974383778659532,0.028621588299936516,1.0286215882999366,False,0.05209813652668581,1.0520981365266857,False,1Sc2Te5O13-1,O13Sc2Te5
4.7119498492734034e-08,False,1.0038665022867428,-0.00013355407777161684,False,1.0016024496175053,1.2754777835742894e-16,1.0000000000000002,True,0.0,1.0,True,1CrO2-2,O2Cr
0.0005357664335643226,True,1.5824573355348595,-0.015390560050743126,False,9.499112545503406,0.0,1.0,True,0.06836882695012914,1.0683688269501292,False,2WCl2O2-1,O4Cl4W2
0.00047379276300392925,False,1.1871062621564559,-0.0027519714367425763,False,1.5855605363264595,1.750160508043497e-16,0.9999999999999998,True,0.04559331960304592,1.045593319603046,False,1CdF2O2Sn2-1,O2F2CdSn2
1.0676026903844137e-05,False,1.0001602131854508,-0.0007889916911646756,False,1.0313688588144296,0.0,1.0,True,0.0,1.0,True,1ZrK2H6O6-1,H6O6K2Zr
0.00023739464203131219,False,23.55601840024715,-0.0553660184624036,False,4.448466562207879,1.7604812692685929e-16,0.9999999999999998,True,0.12121450287438082,1.1212145028743807,False,1CuYCl4-1,Cl4CuY
3.381211263475072e-05,False,1.0000911325901685,-0.001326347022189162,False,1.0182671243696562,0.0,1.0,True,0.0,1.0,True,1HfNa2H6O6-1,H6O6Na2Hf
0.003622297801210201,False,1.8214578751501522,-0.02296719469560001,False,1.5362365010312555,4.6135494163331166e-09,0.9999999953864506,True,2.7455848512162427e-12,0.9999999999972544,True,2HTeLi3O4-1,H2Li6O8Te2
0.00023837329830950218,False,1.485273883486459,-0.008190093178296972,False,1.7825407523409174,0.0,1.0,True,0.08163790653420192,1.0816379065342019,False,4LiSbO2-1,Li4O8Sb4
0.002242890743195339,False,13.289370130785557,-0.0004205353306320759,False,4.046293296482096,0.007676401015048238,1.0076764010150483,True,0.0,1.0,True,2ISSc-1,S2Sc2I2
0.0002012570112192314,False,22.58942875173756,-0.00032486725722792934,False,1.8961752275355919,0.0,1.0,True,2.217555546319509e-16,1.0000000000000002,True,2ZrCl2-1,Cl4Zr2
0.012066637176272337,True,1.4424607229953992,-0.003565754219087229,False,1.8915130754321041,0.010899501986836691,1.0108995019868368,True,0.016239899833979523,1.0162398998339794,True,2TeWZnO6-1,O12Zn2Te2W2
7.5860007365237535e-06,False,1.0000362083512044,-0.0012558929509201599,False,1.005781103527044,0.0,1.0,True,0.0,1.0,True,1ZrNa2H6O6-1,H6O6Na2Zr
0.0008564740735032618,False,3.164548197962702,-5.653778942782472e-08,False,1.0006163967670094,0.0,1.0,True,0.0,1.0,True,1CaI2-1,CaI2
0.0007733812390259754,False,3.904921657424451,-0.0005772655003418453,False,3.29857564296022,0.0,1.0,True,0.0,1.0,True,1CdF2O2Pb2-1,O2F2CdPb2
0.002592640491261529,True,1.7745177220787547,-0.0011045440266732236,False,12.282272635766827,0.007356112278119881,1.0073561122781198,True,0.0,1.0,True,4BaFPSe2-1,F4P4Se8Ba4
0.0005519906419024905,True,1.3803753578375426,-0.003359140051087579,False,1.1731550867737248,2.0365533395530247e-16,0.9999999999999998,True,0.004117831851355007,1.004117831851355,True,4FPSrSe2-1,F4P4Se8Sr4
0.0001231773557838463,False,1.0661560608590799,-0.0009590167124710846,False,1.3054890595968625,0.0,1.0,True,0.0,1.0,True,2GaInO3-1,O6Ga2In2
0.0002479100141896143,False,2.6989170770429913,-0.0005549205799024641,False,2.4166583545701505,0.0,1.0,True,1.6303000678126457e-16,1.0000000000000002,True,2OTaBr2-1,O2Br4Ta2
0.003650162188427729,False,1.7739726992889617,-0.00023778127973975554,False,9.49213792593027,0.009267697907029386,1.0092676979070294,True,0.0,1.0,True,2HP3O6-1,H2O12P6
0.002749908812120013,False,3.2130172116557567,-0.0008826494311520506,False,1.8167540776115143,6.716590960605901e-16,0.9999999999999993,True,1.355654171523555e-16,1.0000000000000002,True,2AlHSeO4-1,H2O8Al2Se2
0.0018929104551387009,False,2.6659797895145747,-0.0005172623924117426,False,1.151813138946786,1.4271396856758363e-07,0.9999998572860315,True,0.0,1.0,True,4AsLiO2-2,Li4O8As4
0.00041593494994493816,False,43.67992184359535,-0.0032844103317959117,False,13.033435478549507,0.0,1.0,True,0.19572836712491995,1.19572836712492,False,1BrHf2S2Cl3-1,S2Cl3BrHf2
0.0009222993711807295,False,1.089185688844051,-0.005928397756045501,False,1.4666960984103998,0.0,1.0,True,0.019825932611824776,0.9801740673881753,True,2WAs2O6-1,O12As4W2
0.006440817491987463,False,3.3699615247934696,-0.0011535196454195258,True,6.253699119748573,7.591799739068606e-06,0.9999924082002609,True,2.1000987015810255e-16,1.0000000000000002,True,2HPSb2O6-1,H2O12P2Sb4
0.0006564636304875349,False,1.3403290257507257,-0.009639568131085713,False,4.038183961669856,0.0,1.0,True,0.00011514165144905284,0.9998848583485509,True,2MoSb2O6-1,O12Mo2Sb4
0.00036774739416675433,False,1.5453647926039886,-0.0023220926469090662,False,16.0254672432565,1.21216881106106e-16,1.0000000000000002,True,0.00173468696403225,1.0017346869640322,True,2ClMoO2-1,O4Cl2Mo2
0.010956639598660483,False,3.161206042332078,-0.0011926896599192762,False,3.489393226774349,0.025564039697269544,1.0255640396972696,False,1.7122710850560835e-16,0.9999999999999998,True,2ClGePO3-1,O6P2Cl2Ge2
0.0575962723643325,True,15.12743217952566,-0.0011427055927733909,False,12.475448387672937,0.36437830250281067,1.3643783025028107,False,1.1793051114725188e-16,1.0000000000000002,True,2MoTeZnO6-1,O12Zn2Mo2Te2
0.00846721462280054,True,3.732034340067455,-0.0011735108029208585,False,1.667248033273369,1.8116978461044422e-16,0.9999999999999998,True,1.2613515982254892e-16,1.0000000000000002,True,2ClScTe-1,Cl2Sc2Te2
0.0008741385173217267,False,3.0383021701468427,-0.006059197569730102,False,1.5082425329693188,2.008109444637786e-16,1.0000000000000002,True,4.721195579564139e-13,0.9999999999995279,True,2HSeLi3O4-1,H2Li6O8Se2
0.00014698674858906657,False,1.000776885777004,-0.00015689064849698191,False,1.0012928970827313,0.0,1.0,True,1.7442020068443075e-16,0.9999999999999998,True,2GaSbO3-1,O6Ga2Sb2
0.00024872026157789326,False,3.1857846891165558,-0.005092022828036056,False,5.168289209575259,1.4310045634422605e-16,1.0000000000000002,True,0.03560519305921428,0.9643948069407857,False,2WCd2O4-1,O8Cd4W2
0.0018009801682183082,True,1.096933350179207,-0.0007498510350324447,False,1.6704525286850513,4.339133040654494e-06,0.9999956608669593,True,1.5102580004485754e-16,0.9999999999999999,True,1SSeI2Sc2-1,SSc2SeI2
2.911321271195469e-05,False,1.0505806302990854,-0.0005542277919962026,False,4.769154478211937,1.3086053315261723e-16,1.0000000000000002,True,1.3882979023205953e-16,0.9999999999999999,True,2BLiH4O4-1,H8Li2B2O8
0.0027100279311867686,False,1.1202902498483918,-0.0015822289163052586,False,1.8730758155248954,0.0007441846498686819,0.9992558153501313,True,0.13363573723592415,0.8663642627640759,False,1ZrHf3S8-1,S8ZrHf3
0.004053928847886497,False,10.085790145191114,-2.3832473114524017e-05,False,1.0138105713073402,0.008453149986733653,0.9915468500132664,True,0.0,1.0,True,1HfS2-1,S2Hf
0.003391932030233075,True,3.370932093327086,-0.0006000829570714004,True,3.4849101408831347,0.008333064433055249,0.9916669355669447,True,0.0,1.0,True,1NbOScSeBr4-1,OScSeBr4Nb
0.0004315958216303844,False,21.973731353636737,-0.00018540303231936583,False,1.6616114544669387,0.0,1.0,True,0.0,1.0,True,1BrHfZr3Cl7-1,Cl7BrZr3Hf
0.0038239022408555513,False,5.243329606243897,-0.00037385643603842357,False,1.0014050663176872,0.004512576070347955,0.9954874239296521,True,1.9229083564367262e-16,0.9999999999999998,True,1CCl2Y2-1,CCl2Y2
0.00377099104755451,False,7.239296466762505,-5.799264295466198e-06,False,1.0197875681546602,0.010520449477630284,0.9894795505223697,True,0.0,1.0,True,1ZrS2-1,S2Zr
0.0038540231981111584,False,5.888190475934058,-6.090717586047941e-05,False,1.0016355311868703,0.007855377266401155,0.9921446227335988,True,0.0,1.0,True,1CCl2Sc2-1,CCl2Sc2
0.00010882291440098043,False,1.0000002157099166,-0.007172979877621054,False,1.019314204738395,1.2822638172062737e-16,1.0000000000000002,True,0.0008160937050154338,1.0008160937050155,True,2HLiO-1,H2Li2O2
0.0016909645543723016,False,6.015217400722154,-0.004377350419794928,False,1.2258009424044138,1.40631200557302e-07,0.9999998593687994,True,1.0090275156742026e-06,0.9999989909724843,True,4BaFSbTe2-1,F4Sb4Te8Ba4
0.002025005634350682,False,2.373655612564094,-0.0021799112631661352,False,1.8704602495663243,0.005309393605884394,1.0053093936058843,True,0.005921099411028516,1.0059210994110286,True,2ClNTi-1,N2Cl2Ti2
0.00027593169865281473,False,1.0000000001254374,-0.07480375465222763,False,11.996048573703266,2.2021193586407086e-16,0.9999999999999998,True,0.4480918044790663,0.5519081955209336,False,2BaClH-1,H2Cl2Ba2
0.02991380724364925,False,2.5028386040838786,-0.00831085874181636,False,2.349008818593339,0.09024088693314955,1.0902408869331495,False,0.01107396861846355,1.0110739686184635,True,2SrO3H4-1,H8O6Sr2
1.711060875115628e-05,False,1.0001347359067485,-0.0006272624962586708,False,1.5717783382797728,1.5514906464899058e-16,0.9999999999999999,True,0.0,1.0,True,1GeO2-1,O2Ge
0.00030442622733082366,False,4.200350056314978,-0.0056796697542129855,False,1.7483451169659634,0.0,1.0,True,0.03190872355289692,1.031908723552897,False,1ClScTe-1,ClScTe
0.0009442256281762466,False,1.7113202548234396,-0.00019160386486252013,False,3.7944219655124214,1.1691646595618018e-16,1.0000000000000002,True,0.0,1.0,True,1MgLi2S2H4O8-1,H4Li2O8MgS2
0.004467535713515209,False,3.24364332879357,-0.0027404339624891518,False,1.6011532327327247,0.02053532765869773,1.0205353276586977,False,0.014956319152480623,0.9850436808475194,True,4KSbO2-1,O8K4Sb4
4.680246883388616e-05,False,1.06528637639139,-0.0009495223702434271,False,3.179930361523402,0.0,1.0,True,0.0,1.0,True,2BNaH4O4-1,H8B2O8Na2
0.0002399035149292694,False,1.5367249540226438,-0.0018113877547108713,False,1.1855692993948583,0.0,1.0,True,0.019163613205277704,0.9808363867947223,True,4NaSbO2-1,O8Na4Sb4
8.013543794663762e-05,False,1.0482564361267463,-0.0010555033460572004,False,1.5623522402267385,0.0,1.0,True,1.7923147676187482e-16,0.9999999999999998,True,2HSNa3O4-1,H2O8Na6S2
0.0038493712683405354,True,7.793678002699577,-0.0013376910358393794,False,2.6036449743962793,0.026062153839704467,0.9739378461602956,False,1.6984633537562503e-16,1.0000000000000002,True,4AsKO2-1,O8K4As4
0.019264377840300023,False,1.7883947986442867,-0.010572396760636408,False,13.794496640345042,0.010363454957277607,0.9896365450427224,True,0.07552133419146922,0.9244786658085308,False,2HPTeO5-1,H2O10P2Te2
5.935226186477222e-06,False,1.0000812278911437,-0.0011810980602535899,False,1.5811495278824341,0.0,1.0,True,1.1875099079738102e-16,0.9999999999999999,True,1SnO2-1,O2Sn
0.03393532541086766,False,1.9902874179995447,-0.005683413104652176,False,2.274130497862923,1.5395825535851946e-05,0.9999846041744641,True,0.0002857901803410533,0.999714209819659,True,2HPPbO3-1,H2O6P2Pb2
0.0841696850707779,False,2.072141243260666,-0.0056065784166933865,False,3.7123959748239286,0.00022561981640250843,0.9997743801835975,True,0.0007741385426132642,0.9992258614573868,True,2SrPb2Cl6-1,Cl12Sr2Pb4
0.00032554976366145705,False,2.2547527505888456,-0.0012131366340792308,True,11.235102816343579,0.0,1.0,True,0.0,1.0,True,2MoCl2O2-1,O4Cl4Mo2
6.0309266459391737e-05,False,1.047554672953397,-0.001714801596251315,False,1.3868136928195076,0.0,1.0,True,0.009678163308134148,0.9903218366918658,True,2SrCl2O2H4-1,H8O4Cl4Sr2
0.0036040211016092442,False,7.529331985934522,-0.0014006227870912598,False,1.1885721122138915,0.032857696253934636,1.0328576962539346,False,0.0,1.0,True,2TiCl2-1,Cl4Ti2
0.00029150131140463027,False,1.0003409138525359,-0.001964447931976071,False,1.0345081631099822,0.0,1.0,True,0.0033941486183124325,1.0033941486183124,True,1HgF2-1,F2Hg
0.001639950416094852,False,1.739052499791755,-0.0011670189689785828,False,1.8530827002854025,0.008690278160704733,0.9913097218392952,True,1.7181207218355712e-16,1.0000000000000002,True,2IScSe-1,Sc2Se2I2
0.005090343760924478,False,2.545092950819684,-0.0007496683129102163,False,1.4477960206700242,0.0022594859486600016,1.00225948594866,True,0.0,1.0,True,1MgNa2S2H4O8-1,H4O8Na2MgS2
0.000321820215261851,False,1.5989890833897193,-5.9887499458150034e-05,False,1.0000560396599267,1.4230902532440376e-16,0.9999999999999999,True,1.47442302301295e-16,0.9999999999999999,True,1HfCl2-1,Cl2Hf
0.00011738984874708127,False,1.170688309782757,-0.003896563304726987,False,1.7943158422420757,0.0,1.0,True,0.02175687450861436,1.0217568745086143,False,2MoAs2O6-1,O12As4Mo2
0.0004194083211020276,True,1.454234751257778,-0.002419150566095731,True,8.581879478185341,1.2813324151430706e-16,0.9999999999999999,True,0.0835028718322631,1.083502871832263,False,2P2O3-1,O6P4
2.1549950956459577e-05,False,2.3123890189425067,-0.000627400359537018,False,1.0005593045095353,2.2294368479179393e-16,1.0000000000000002,True,0.0,1.0,True,1TiCl2-1,Cl2Ti
0.0008584860420714777,True,1.08156253048091,-0.01236315443642717,False,1.8237947833419916,0.0,1.0,True,0.0853951970141445,0.9146048029858556,False,4AsNaO2-1,O8Na4As4
0.0010841578188814619,False,1.0000000000023774,-0.0014907185919809018,False,1.0000000002974359,0.0,1.0,True,0.0,1.0,True,2CaClH-1,H2Cl2Ca2
5.5211113082504675e-05,False,1.1363755991143787,-0.012689734867681022,False,1.2697672926660342,0.0,1.0,True,0.031136797027525136,1.0311367970275251,False,2CaCl2O2H4-1,H8O4Cl4Ca2
8.67270510376663e-07,False,1.0001904280859282,-7.23814237314889e-06,False,1.0074244126464176,0.0,1.0,True,1.4515823207724882e-16,0.9999999999999999,True,1MgBr2-1,MgBr2
0.004303834470045973,False,4.157319481126486,-0.005755289474815727,False,4.775576708721069,0.00027972566225109824,0.9997202743377489,True,0.11151071665097323,1.1115107166509732,False,2HPSnO3-1,H2O6P2Sn2
0.0002480885086887412,False,1.1650175301246826,-0.000454527811844387,False,25.635452251582542,1.3640890017689588e-16,0.9999999999999999,True,0.0,1.0,True,2ClGaO-1,O2Cl2Ga2
0.005258849745091288,False,6.047491996335155,-0.0010979641295740677,True,2.5837099331464706,5.239636230969361e-08,0.9999999476036376,True,1.8811719829178423e-16,0.9999999999999998,True,2HPAs2O6-1,H2O12P2As4
8.021999061973835e-05,False,1.0006237376591487,-0.0009950076895519605,False,5.612425553019687,0.0,1.0,True,0.0,1.0,True,2AlCl3-1,Al2Cl6
0.004558981727139013,False,1.0434605834930928,-0.016783418673729397,False,1.1229937606305955,0.001687051111011115,0.9983129488889889,True,0.006351983939317977,0.993648016060682,True,2ClKF4-1,F8Cl2K2
0.06966387428853557,True,1.5956427740995633,-0.0027613518167099865,False,2.4046265756623098,5.6678556094732696e-05,0.9999433214439053,True,0.0004170951946847428,0.9995829048053153,True,2AsFPbO3-1,O6F2As2Pb2
0.05689005184516574,False,1.428738288703388,-0.001054138186002023,False,1.34204274175159,2.4737701652215457e-06,0.9999975262298347,True,1.1699875204528246e-16,1.0000000000000002,True,4AsBaFTe2-1,F4As4Te8Ba4
0.0007748791479775891,False,2.322096540315659,-0.0066309221371127595,False,19.79685954881321,1.2391671063845728e-16,1.0000000000000002,True,0.14480293582133355,1.1448029358213336,False,4BiLiO2-1,Li4O8Bi4
0.004060033675002069,True,1.7927989177232626,-0.0017289031199555168,False,4.866999243431483,0.02770619222533972,1.0277061922253397,False,0.01407616801026339,1.0140761680102635,True,2SeWZnO6-1,O12Zn2Se2W2
0.0002501749187175436,False,1.0142617046448816,-0.0008998701023597844,False,3.343421883505699,0.0,1.0,True,2.1742380639841764e-16,0.9999999999999998,True,2CHNaO3-1,H2C2O6Na2
0.00014061138353919125,False,1.1149131878657212,-0.00047519268381277706,False,1.2109652759324308,0.0,1.0,True,0.0,1.0,True,2CdFSbO2-1,O4F2Cd2Sb2
0.000138135586128302,False,1.7303422124424248,-2.3018368647152734e-05,False,1.0000946511272837,0.0,1.0,True,1.2778854631216196e-16,1.0000000000000002,True,1BrClZr-1,ClBrZr
0.0017642342735804633,False,4.354070779265513,-0.003168509882501501,False,1.1950423667412147,6.609496688722076e-07,0.9999993390503311,True,3.517569428666314e-06,0.9999964824305714,True,4AsFSrTe2-1,F4As4Sr4Te8
0.0014330599038108456,False,10.439807435830312,-0.040681084281995426,False,3.7163737397721657,0.0,1.0,True,0.00924604215815409,1.0092460421581542,True,2SCl2Se2Zr2-1,S2Cl4Se4Zr4
0.0001185528328966717,False,2.403658482964214,-0.005373111949878633,False,1.8547675796834664,2.1613990390379732e-16,1.0000000000000002,True,0.0015303387301414343,0.9984696612698586,True,2MoCd2O4-1,O8Mo2Cd4
0.049814163848843435,False,10.46298955531309,-0.024143704472682936,True,2.761005802861631,0.036941023506530855,0.9630589764934692,False,0.05482163106942114,1.0548216310694212,False,2LiTaCl6-1,Li2Cl12Ta2
0.0013310717055145347,False,2.8844648406547813,-0.002253295448033222,False,2.1849451335403196,0.0,1.0,True,0.009182393921906772,1.0091823939219067,True,1BrClN2Ti2-1,N2ClTi2Br
4.086602505555171e-05,False,13.498247808761056,-5.4071504650383444e-05,False,1.5705238540797404,0.0,1.0,True,0.0,1.0,True,2BrClZr-1,Cl2Br2Zr2
0.009288376594143315,False,3.1295322231952456,-0.0013673701248921326,False,2.255148349315674,0.15313700378092987,1.1531370037809299,False,0.0,1.0,True,1HgF2O2Pb2-1,O2F2HgPb2
0.01975305183887665,False,1.3130385762665722,-0.002279830800159318,False,2.314761359569744,0.032946149079011874,1.032946149079012,False,0.011659720256909907,1.01165972025691,True,2BiCdFO2-1,O4F2Cd2Bi2
0.005363337618803956,False,2.3632800504619933,-0.00034194104146269765,True,3.061070726930146,0.0667789733969012,0.9332210266030988,False,0.0,1.0,True,2FGaS-1,F2S2Ga2
1.0435031909126978e-05,False,1.0000112585672403,-0.00040872180476851834,False,4.161338075243857,0.0,1.0,True,1.7669237658698697e-16,1.0000000000000002,True,2GeZnO3-1,O6Zn2Ge2
0.007938038929074454,True,6.442112066449253,-0.009895243155884349,False,6.2966834579523985,8.848978825095478e-06,0.9999911510211749,True,0.0019772350282453834,0.9980227649717546,True,2SrSn2Cl6-1,Cl12Sr2Sn4
0.0029769860092162086,True,1.9681035558014033,-0.019764550601638953,True,2.8902367121960673,0.11494335013075369,0.8850566498692464,False,0.0120656628066851,1.012065662806685,True,1ONb3Cl7-1,OCl7Nb3
0.005141575749853847,False,5.175302562240722,-0.003521060809463452,False,1.517130453795372,0.01903653269907502,1.0190365326990751,True,0.012392969381348354,1.0123929693813483,True,1MgLi2Te2H4O8-1,H4Li2O8MgTe2
0.0010134679711569661,False,4.314636256811013,-3.4190855828096044e-05,False,1.009154514321695,1.9086052578803989e-16,1.0000000000000002,True,0.0,1.0,True,1SSeZr-1,SSeZr
0.005174289385218449,False,2.631728598186422,-0.000925796921952634,False,4.476974030103514,0.017578155188053817,1.0175781551880538,True,1.361411488096239e-16,0.9999999999999999,True,2GeHPO3-1,H2O6P2Ge2
0.0011827979754512304,False,3.9785887093789865,-6.655405877114052e-07,False,1.000080418420693,0.0,1.0,True,0.0,1.0,True,2YI3-1,Y2I6
0.002774640833662953,True,5.066783335561428,-9.854589545040031e-05,False,1.0020710623840736,0.009098924463433763,1.0090989244634339,True,2.2198328684525515e-16,0.9999999999999998,True,1HfSSe-1,SSeHf
0.008184233220735866,True,4.862410343201567,-0.0030979416958685996,False,5.1681473330565115,0.14931971294054977,1.1493197129405497,False,0.02874484077506359,1.0287448407750637,False,1ClMoSbO5-1,O5ClMoSb
0.0008606948078784951,False,2.499291932041435,-0.0019329071551927664,True,4.7402114403539475,0.0,1.0,True,0.0012918977681779236,1.001291897768178,True,2FGaSe-1,F2Ga2Se2
0.00790909602941682,False,4.736183944501627,-0.001167593036906274,True,1.6252706356195443,0.11284147988191144,1.1128414798819115,False,0.0,1.0,True,1BeP2F4S4-1,BeF4P2S4
0.0021011164183470047,False,3.808059698017769,-0.00047224411571236566,False,1.0016361669464544,0.01388505367266998,0.98611494632733,True,0.0,1.0,True,2InSbO3-1,O6In2Sb2
0.0003156989075463962,True,4.455098588141532,-0.007613895168122323,False,1.6821142954025552,0.0,1.0,True,0.002416094379771603,0.9975839056202284,True,2BrScTe-1,Sc2Br2Te2
0.00010124361721792412,False,2.567452436293587,-0.0013397643481522859,False,19.166866839743808,0.0,1.0,True,0.0,1.0,True,2AgPO3-1,O6P2Ag2
0.00281181888332969,False,2.3134281448265015,-0.002977277818105438,False,3.6727788856147794,0.00016125447209553074,0.9998387455279044,True,0.000800157050390924,0.9991998429496091,True,1MgK2Te2H4O8-1,H4O8MgK2Te2
0.003985624978868324,False,1.0576612160162786,-0.0038400800351075575,False,4.141761841684392,0.01914024614864895,1.019140246148649,True,0.0002408907942118818,0.9997591092057881,True,2HfIN-1,N2I2Hf2
0.006040437876212867,False,7.094041711714824,-0.005096382226585107,True,1.9806173599380181,0.051816933807807185,1.0518169338078072,False,0.07387887934165001,1.07387887934165,False,2NaNbCl6-1,Na2Cl12Nb2
3.183873137315326e-05,False,1.0007030348494133,-0.0014995147741794926,False,1.701933304675175,0.0,1.0,True,0.0,1.0,True,2GaO-1,O2Ga2
0.00011502560291698842,False,1.0022082415322247,-0.008052959175033741,False,1.4076988425432098,0.0,1.0,True,0.024928135330382187,1.0249281353303823,False,2SrBr2O2H4-1,H8O4Br4Sr2
0.000492929243777341,False,1.0000000000093678,-0.012447933510995357,False,1.6956733993386777,0.0,1.0,True,0.030267349871917995,0.969732650128082,False,2BaBrH-1,H2Br2Ba2
0.0004690361139924297,False,2.570617894913619,-0.0006261377234115514,False,1.3373382692423095,0.0,1.0,True,0.0,1.0,True,4ReO2-1,O8Re4
0.006773599599985187,False,5.526968938258451,-0.0050872217042772306,False,4.295999822323078,0.01941123638874388,1.019411236388744,True,0.024318296565572325,1.0243182965655724,False,2WHg2O4-1,O8W2Hg4
6.843465526412512e-05,False,1.0738049255143378,-0.0033840862458999373,False,1.4391506862507248,0.0,1.0,True,0.00878451083391668,0.9912154891660834,True,2CaBr2O2H4-1,H8O4Ca2Br4
0.0007891515773035582,False,1.534181111287068,-0.03611245992221329,False,4.651043276558251,0.0,1.0,True,0.24312963868158133,1.2431296386815813,False,2HSeNa3O4-1,H2O8Na6Se2
0.0013119537232870418,False,107.883586233831,-0.010886066931754604,False,2.7486136401698986,0.0,1.0,True,0.011680095332883214,1.0116800953328833,True,1ClIMg-1,MgClI
0.019115680712748502,False,3.412600196470586,-0.0003790773192991037,False,1.5337974386652897,0.004379743576269059,1.0043797435762691,True,0.0,1.0,True,1MgLi2Se2H4O8-1,H4Li2O8MgSe2
4.481927304066341e-05,False,1.1544547469543145,-0.00212500500633419,True,116.27697856506367,1.4198122223467434e-16,0.9999999999999999,True,0.5514842982567018,1.5514842982567019,False,2ClInO-1,O2Cl2In2
5.906038106165006e-05,False,1.070708483174238,-0.01274025121170668,False,2.4295057466416212,0.0,1.0,True,0.13141045282560446,1.1314104528256044,False,2Ge2H2O5-1,H4O10Ge4
0.0011934802194155526,False,1.7849676266800223,-0.003956608687500561,False,2.4096398765734146,0.0,1.0,True,0.00860818552988731,1.0086081855298874,True,2BrNTi-1,N2Ti2Br2
0.004834208381965662,False,2.4455118710132564,-0.021835297916645194,False,1.0361475385028214,1.949316519572919e-06,0.9999980506834805,True,2.476805268253165e-07,0.9999997523194731,True,4BiNaO2-1,O8Na4Bi4
0.0005799896978202237,False,1.5445493688708627,-0.000975900860474091,False,2.160348402993811,1.5066163793615835e-16,0.9999999999999999,True,1.292141340055475e-16,0.9999999999999999,True,1MgK2Se2H4O8-1,H4O8MgK2Se2
0.00018160346299628654,False,1.322599838405115,-0.0002462140327662451,False,10.404741174027796,0.0,1.0,True,0.0,1.0,True,2FInS-1,F2S2In2
0.00026527947988468016,True,3.132478034674014,-0.000162655223616103,True,2.7772827651139824,0.0,1.0,True,1.5810345198043372e-16,0.9999999999999999,True,2ZrS2-2,S4Zr2
1.3441408552959566e-05,False,1.0000046021363422,-0.00021029218617055515,False,1.0155787705011305,0.0,1.0,True,0.0,1.0,True,1GeLi2H6O6-1,H6Li2O6Ge
0.0013668528250422136,True,4.81905028316944,-0.0002409108535261747,False,1.646285105713652,1.23062211995213e-16,0.9999999999999999,True,1.3574011137578902e-16,1.0000000000000002,True,1Br2Zr2S3-1,S3Br2Zr2
0.0003114672663280101,False,2.5969020916635515,-0.0005235725755783873,True,1.650311427762347,1.7294877752533311e-16,0.9999999999999998,True,0.0,1.0,True,1ClZr2Br5-1,ClBr5Zr2
0.000159806534767091,False,1.146936754345427,-0.0004558186911617414,False,1.228499676365127,2.063047101543292e-16,0.9999999999999998,True,1.1788523253614159e-16,0.9999999999999999,True,2CaF2S2H4-1,H8F4S4Ca2
0.0001235816994375905,True,1.3327311817455318,-6.265262398488038e-05,True,3.23009323869453,1.6765951251414192e-16,1.0000000000000002,True,1.3410896483210958e-16,0.9999999999999999,True,1HfZr3S8-1,S8Zr3Hf
0.02728173065530681,True,5.067570259032015,-0.014097248671865212,False,12.095706255392182,0.08222857677000571,0.9177714232299943,False,0.19161343265643999,1.19161343265644,False,1OTa3Cl7-1,OCl7Ta3
0.0006116678360624791,True,2.7008595991489712,-0.0019392236691862534,True,12.847882450537156,1.3011005677725934e-16,1.0000000000000002,True,0.12059708637014292,1.1205970863701429,False,2MoBr2O2-1,O4Br4Mo2
0.00022394844828801204,False,1.4766483834088417,-0.00038425376195225556,False,7.162162487934061,1.460443825139501e-16,1.0000000000000002,True,1.1371320153907134e-16,0.9999999999999999,True,1BiFS2O6-1,O6FS2Bi
0.002369843267280019,False,1.7007864261828702,-0.0016116620435328865,False,1.1307356412138272,0.023944525831639824,1.0239445258316398,False,0.014657801194651474,0.9853421988053486,True,2GaHSO4-1,H2O8S2Ga2
0.0020133403151822763,False,1.0107687818389206,-0.0008135402542170793,False,2.025699220740629,2.1895645363445636e-05,0.9999781043546365,True,0.0,1.0,True,2BrCaH-1,H2Ca2Br2
0.000912582708752649,True,1.2625769291092188,-0.009908520213602485,True,1.8444103644566479,0.0,1.0,True,0.05498413805655514,0.9450158619434449,False,1SNb3Cl7-1,SCl7Nb3
0.16163972239406374,True,1.7027810731686293,-0.03660771413127442,False,3.052532966627845,1.4944908733275326e-05,0.9999850550912667,True,0.2514104910723573,1.2514104910723574,False,2SSb2O6-1,O12S2Sb4
2.4444954621177617e-05,False,6.508884737722095,-0.00031584414049828566,False,1.4545982491219114,0.0,1.0,True,0.0,1.0,True,1Br2Hf2S3-1,S3Br2Hf2
0.005728857563521776,False,9.879882977748041,-3.945908419233185e-06,False,1.0135559996303247,0.0166267674973961,0.9833732325026039,True,0.0,1.0,True,1ZrSe2-1,Se2Zr
1.0146029930980633e-05,False,1.0000191370846792,-0.00013684325892824277,False,1.0008500314386568,0.0,1.0,True,0.0,1.0,True,1GeK2H6O6-1,H6O6K2Ge
1.5975693664474458e-05,False,1.0000054436632653,-0.0007519207608020148,False,3.289895855759787,1.6917321956107985e-16,0.9999999999999998,True,2.1403011923158844e-16,0.9999999999999998,True,1SnK2H6O6-1,H6O6K2Sn
0.0006924741845041509,False,1.3489653626702216,-0.0003815768102120536,True,3.822320338296608,1.5471530271238525e-16,1.0000000000000002,True,0.0,1.0,True,2BrGaO-1,O2Ga2Br2
0.00014230293328139804,False,1.0000044738504452,-0.06701592035445174,False,1.0025751019876974,1.5894999552821808e-16,1.0000000000000002,True,3.275216874006725e-10,0.9999999996724783,True,2HNaO-1,H2O2Na2
0.00024040550483127096,True,1.6721694221567562,-0.004629088980416126,True,16.51394132491635,0.0,1.0,True,0.3245573923076798,1.3245573923076799,False,2ZnSb2O4-1,O8Zn2Sb4
1.650586693469963e-05,False,1.0000027156720621,-0.00011881422795153618,False,1.037150276109569,0.0,1.0,True,0.0,1.0,True,1GeNa2H6O6-1,H6O6Na2Ge
0.01113609964014206,False,28.064077723036288,-0.0007644827471923399,False,1.2082020958613409,0.23506131859070717,1.2350613185907071,False,0.0,1.0,True,1ZrHf2Se6-1,Se6ZrHf2
0.0017049241233131468,False,1.3986487418162574,-0.004687014497293318,False,2.2064857520067136,0.037748011424541594,0.9622519885754585,False,0.024921421744353505,0.9750785782556465,False,2NbOI2-1,O2Nb2I4
0.00012794802023196724,False,1.000003511423054,-0.0018027249250106272,False,1.0086175372268467,0.0,1.0,True,0.0004162463409677398,1.0004162463409678,True,2HKO-1,H2O2K2
1.0741168334162166e-05,False,1.000004149869535,-0.0032072341520420025,False,4.674048381111362,0.0,1.0,True,0.03467320455343387,0.9653267954465661,False,1SnNa2H6O6-1,H6O6Na2Sn
0.0007214921788682468,False,1.1047044762714364,-0.0001010282745534396,False,35.99870057346491,1.9457311491941202e-16,0.9999999999999998,True,2.1341463053682185e-16,0.9999999999999998,True,1OSW-1,OSW
0.005903890030512325,False,13.089730254983463,-8.858612604365324e-06,False,1.0107713924846773,0.015662776924021255,0.9843372230759787,True,1.3978983901227873e-16,1.0000000000000002,True,1HfSe2-1,Se2Hf
0.0068313548370394495,False,2.1631551481888294,-0.01442243128725114,False,9.414250213683568,0.01198127710472778,0.9880187228952723,True,0.0369259598479899,0.9630740401520101,False,2OTaI2-1,O2I4Ta2
0.09304960625878712,True,1.2961834649825783,-0.00044482388480037143,False,3.84610490795937,2.0621183366152613e-05,0.9999793788166339,True,0.0,1.0,True,2HPSeO5-1,H2O10P2Se2
0.000356337002472046,False,10.23610515498437,-0.001064755232919267,False,1.509515197139337,1.9979844643202107e-16,0.9999999999999998,True,2.1844202867095092e-16,1.0000000000000002,True,2ZrBr2-1,Br4Zr2
2.2554220644121132e-05,False,1.7636083833655687,-6.838499093338946e-06,False,1.0000487294851512,1.2474834641287015e-16,0.9999999999999999,True,1.3503258727371722e-16,1.0000000000000002,True,1ZrBr2-1,Br2Zr
0.0007931904460417843,True,1.3114241815507426,-0.006651853682948397,False,5.94815461718001,0.0,1.0,True,0.05126478736596896,1.051264787365969,False,1SeNb3Cl7-1,Cl7SeNb3
1.6603872843348097e-06,False,1.4541131977303907,-4.516172942531e-05,False,1.0006403434408433,0.0,1.0,True,1.4737670676936262e-16,0.9999999999999999,True,1BrClHf-1,ClBrHf
0.0003965731552511931,True,4.258254835495347,-0.0010065297590108526,False,4.623352702583049,0.0,1.0,True,0.0,1.0,True,2FGaTe-1,F2Ga2Te2
0.0016225254643598842,False,5.230258518806443,-0.0024474473866371326,False,1.5744727942992298,0.00025191285040425214,0.9997480871495957,True,3.435228647733531e-05,0.9999656477135227,True,4BaClSbS2-1,S8Cl4Sb4Ba4
0.0027285252704985293,True,1.685684615214321,-0.00043788544553977467,True,3.0979936523927667,0.010677810931545404,1.0106778109315453,True,0.0,1.0,True,1TiZr3S8-1,S8TiZr3
0.01395815272975627,False,1.9549606536073727,-0.0011797301292847684,False,2.8469893496524907,8.834009559997831e-10,0.9999999991165991,True,0.0,1.0,True,4BaBiClS2-1,S8Cl4Ba4Bi4
0.0043855913099824185,False,6.3405385473523275,-2.556143938055287e-05,False,1.0093506300971697,0.00872282218784498,0.9912771778121551,True,0.0,1.0,True,1CBr2Sc2-1,CSc2Br2
0.0012346384297124502,False,1.7456949613729205,-0.000397382120349444,False,1.0005618770814562,0.0,1.0,True,1.7713777051675062e-16,1.0000000000000002,True,1BrClTi-1,ClTiBr
8.841858611534627e-05,False,10.740244793702406,-4.9818986632048735e-05,False,2.6124715514466743,0.0,1.0,True,1.2557099062935094e-16,1.0000000000000002,True,2BrClHf-1,Cl2Br2Hf2
0.0033991180361767326,False,5.150242664810521,-0.00048341627014751034,False,1.3365190761193335,0.011682127006517246,0.9883178729934827,True,1.6686626065526635e-16,1.0000000000000002,True,2HInSO4-1,H2O8S2In2
0.012116828917454293,False,11.988113616043986,-0.0061027608178791815,False,36.39351891474812,0.009927402373971338,0.9900725976260286,True,0.41171889573851467,1.4117188957385147,False,1SSnO4-1,O4SSn
0.0007194091750913996,True,2.003496912713884,-0.001455772504159795,False,2.539364657234915,0.0,1.0,True,1.5485430943755564e-16,0.9999999999999999,True,2ZnAs2O4-1,O8Zn2As4
0.021827657413748622,False,3.0701999462885414,-0.0002154078740656005,False,37.47518040907184,0.22962305862487759,1.2296230586248775,False,0.0,1.0,True,2BiSbO3-1,O6Sb2Bi2
0.00017475697283815853,False,4.122489196122386,-0.0008588535248953719,False,2.4872276452578754,0.0,1.0,True,0.0,1.0,True,2MoHg2O4-1,O8Mo2Hg4
0.0008694002468276562,False,1.2866245177708402,-0.02360466138669603,False,3.5473273844124544,1.368016950783928e-16,0.9999999999999999,True,2.1409941335619417e-11,0.99999999997859,True,2SrI2O2H4-1,H8O4Sr2I4
0.024549067641636953,True,5.544724190201814,-0.04144744453350043,False,9.924778083427112,8.754643080865346e-05,0.9999124535691913,True,0.2632988215492202,1.2632988215492202,False,2Sb2O3-5,O6Sb4
0.0037946330717822116,False,6.206962658972718,-0.030930030596926724,True,1.4433119600188715,0.00035169555805903064,0.999648304441941,True,5.089682694765162e-06,0.9999949103173053,True,4BaClSbSe2-1,Cl4Se8Sb4Ba4
0.00021772254187884025,True,555.755102345254,-0.0015690354870712242,False,1.0229817184244812,0.0,1.0,True,0.005588324719461282,1.0055883247194612,True,1BiFSe-1,FSeBi
0.0008777933996601405,False,2.530637595800673,-0.0013936419577332507,False,2.8805920402855882,1.1744217782716302e-16,0.9999999999999999,True,0.0,1.0,True,4OSn-1,O4Sn4
0.011247747488504252,False,1.3918480677190153,-0.0021200379574568213,True,3.346877707975213,0.008571035932024932,0.9914289640679751,True,0.019519244088238217,1.0195192440882381,True,2AsSbO3-1,O6As2Sb2
0.024888836759212437,True,3.079199656992141,-0.020193073619627515,False,13.332945041441583,0.014662880730525685,0.9853371192694743,True,0.3013054615523845,0.6986945384476154,False,1STa3Cl7-1,SCl7Ta3
0.0016991975119705727,True,1.8066751068817941,-0.0025599554962250195,False,1.967143870529194,0.017619077103065026,1.017619077103065,True,0.009766882757607537,1.0097668827576076,True,1PdN2Zr3Br6-1,N2Br6Zr3Pd
0.00017698463906199984,False,1.2552833900546678,-0.01726640470747203,False,3.977488357658554,0.0,1.0,True,0.08748439451248043,1.0874843945124804,False,2BrInO-1,O2Br2In2
0.00042063218934629585,False,1.0026844625208176,-0.013412475693160827,False,2.976016263796156,0.0,1.0,True,2.430200992462177e-07,0.9999997569799007,True,2CaI2O2H4-1,H8O4Ca2I4
1.9580503683946423e-09,False,1.0001628953094317,-4.654107984402482e-08,False,1.000025688433592,1.1892118686117083e-16,0.9999999999999999,True,0.0,1.0,True,1BN-1,BN
0.0014594503481800494,True,222.43345743153827,-0.002125624232638881,False,10.057083904700288,0.0,1.0,True,0.04542767702474388,0.9545723229752561,False,1BiFS-1,FSBi
0.0447187761502745,False,2.0427770628424975,-0.00012516523955125904,False,1.3846694553880312,0.01824975740507213,1.0182497574050722,True,0.0,1.0,True,4AlClS-1,Al4S4Cl4
0.0023322977114029237,False,4.931196849265645,-0.003268066769887276,False,14.861571452767524,0.036775125683934116,0.9632248743160658,False,0.006703920566025045,1.006703920566025,True,2AlClS-1,Al2S2Cl2
5.222822238270641e-05,False,5.840929501143959,-0.0030500899430442544,False,3.5134065276039315,0.0,1.0,True,0.007029430094697776,1.0070294300946978,True,1ClIHf2Br4-1,ClBr4IHf2
0.00023999485373503047,False,4.900495142750247,-0.002439852954570497,False,2.5943021467438006,0.0,1.0,True,0.009771271765479074,1.009771271765479,True,2AsHSb2O6-1,H2O12As2Sb4
0.07085622446601571,False,32.254340674937815,-0.008059601706036194,False,3.0391349847912315,0.2404430988607208,1.240443098860721,False,0.042302458880297704,1.0423024588802976,False,4ClSbSrS2-1,S8Cl4Sr4Sb4
0.004767270782509801,False,13.958750852530468,-0.0004899296442167671,False,1.353803520636728,0.173759149463657,1.173759149463657,False,1.217570926928687e-16,0.9999999999999999,True,4AsBaClS2-1,S8Cl4As4Ba4
9.523069995640856e-05,True,2.6105936855054868,-0.001558277282801087,False,3.8202088829037164,0.0,1.0,True,0.00680645353827024,0.9931935464617297,True,2FInTe-1,F2In2Te2
0.017650012068299387,False,3.34815120563001,-0.017072491708081408,True,2.3606665255109576,0.0002859303322644591,0.9997140696677356,True,1.9519114772364183e-05,0.9999804808852276,True,2AsBiO3-1,O6As2Bi2
0.00946871835335836,False,7.662989428027143,-0.003638377652701016,False,1.1004416128127334,0.10496505049170231,1.1049650504917023,False,0.018122880364711633,0.9818771196352883,True,2HInTeO4-1,H2O8In2Te2
0.0010441071557197163,False,6.398375257518547,-0.0017853809923598662,False,1.2726487821039063,0.0,1.0,True,3.644227980940042e-14,0.9999999999999636,True,2IScTe-1,Sc2Te2I2
0.005204781466475743,True,22.040821417370577,-0.0038749282530619804,False,6.7820047483204045,0.2988268774824001,1.2988268774824,False,0.4838429134038248,0.5161570865961752,False,2OSn-2,O2Sn2
0.0008507484558932944,False,3.3933690737218627,-0.00024066692961650343,False,4.6698369186399615,0.0,1.0,True,0.0,1.0,True,2ZrS3-1,S6Zr2
0.013782058668871104,True,4.678868271548127,-0.06719000296256479,False,5.952832220801881,0.0872167979887255,1.0872167979887255,False,0.1038763433045028,0.8961236566954972,False,4ClSbSrSe2-1,Cl4Se8Sr4Sb4
0.0009188372036253334,False,1.000000008106658,-0.0001973800877341871,False,37.35899144372463,1.2223983947744196e-16,0.9999999999999999,True,0.0,1.0,True,2BaHI-1,H2I2Ba2
0.014412051778215904,False,2.9530687005157286,-0.11165901127038949,True,4.044717396356089,5.491792426771082e-07,0.9999994508207574,True,0.0005516817301926711,0.9994483182698073,True,2AsBiO4-1,O8As2Bi2
4.168145452509392e-06,False,1.001286032118481,-2.5675892941081903e-05,False,1.0015599340723214,0.0,1.0,True,0.0,1.0,True,1Al2Mg2S5-1,Mg2Al2S5
0.01516827050128408,True,1.4590042624516293,-0.0009658836589005157,False,1.4222709889623475,0.03760654347838909,0.9623934565216109,False,0.0,1.0,True,4AsBaClSe2-1,Cl4As4Se8Ba4
0.001292379108406222,False,5.818068549554423,-0.0004483883566785227,False,1.4869019293162287,0.0,1.0,True,0.0,1.0,True,2ClIZr-1,Cl2Zr2I2
0.28878913442130466,True,3.8164759272004876,-0.003429259716766656,False,2.7304974637293586,5.402472256032224e-05,0.9999459752774397,True,0.046210705417396386,1.0462107054173964,False,2SAs2O6-1,O12S2As4
0.0003125837738382517,False,1.2507782939750018,-0.0016149538088351084,False,108.42464020757188,0.0,1.0,True,0.333974224401361,1.333974224401361,False,2FOTl-1,O2F2Tl2
0.0008518182352526877,False,2.117838013586329,-0.002794693164533526,False,1.7778230757029478,1.469536981077678e-16,1.0000000000000002,True,1.0785000421459542e-07,0.9999998921499957,True,4AgF2-2,F8Ag4
0.00027136527288866607,False,1.517166678190253,-1.824201151125795e-05,False,1.0001716322420102,0.0,1.0,True,1.1439885415402934e-16,1.0000000000000002,True,1ClIZr-1,ClZrI
0.031660435935565466,False,2.856095257342398,-0.035112254843979,False,2.3725073061198243,0.012256316573136472,1.0122563165731364,True,0.053981436986214514,1.0539814369862146,False,2As2O3-1,O6As4
0.001830426032445865,False,10.224843764843465,-0.0029044882934289224,True,9.356859174308001,0.020386343389054054,0.9796136566109459,False,0.07120274485104273,1.0712027448510428,False,4AsClSrS2-1,S8Cl4As4Sr4
0.0033930519070418897,False,4.825643157715967,-0.0003336289337504544,False,3.7317606635630587,2.558943098198022e-14,0.9999999999999745,True,0.0,1.0,True,1CdCl2O2Pb2-1,O2Cl2CdPb2
0.022313081033722384,True,2.324755552818326,-0.0018397432876612108,True,3.360288058100405,0.06434208909538802,1.064342089095388,False,0.032405970608512864,1.032405970608513,False,1HfTi3S8-1,S8Ti3Hf
0.004195159028793034,False,8.580501775644445,-0.0010771721811616071,False,1.2603883675441945,0.03926159334832629,1.0392615933483262,False,0.0,1.0,True,1ClHf2Ti2Br7-1,ClTi2Br7Hf2
0.0012537757538732784,False,9.284361261934672,-0.0005727413321366437,False,1.2773177455773268,0.0,1.0,True,0.0,1.0,True,1TiZrHf2Br8-1,TiBr8ZrHf2
0.0012650340949695567,False,2.20980873062036,-0.00023063342088104806,False,4.519301430751646,0.0,1.0,True,1.7613649843257564e-16,1.0000000000000002,True,1CdCl2O2Sn2-1,O2Cl2CdSn2
0.0012857275977110948,False,4.113941710174279,-0.030784017121880104,False,6.562345551915143,0.0,1.0,True,0.6728774600521513,1.6728774600521514,False,2HfS3-1,S6Hf2
0.002460385336679094,False,1.0129921890763067,-0.00024875765676449484,False,1.8192342675102597,5.1604274604398834e-05,0.9999483957253956,True,0.0,1.0,True,2HISr-1,H2Sr2I2
0.014038125591077739,False,2.7833346425793715,-0.01435701028022908,False,3.1439331781656805,0.0020609443578324033,0.9979390556421676,True,0.14029806617561336,1.1402980661756132,False,2KTaBr6-1,K2Br12Ta2
0.00046447701822323334,False,1.3123298805292392,-0.00227217777232151,False,6.29742231910184,0.0,1.0,True,0.0453768799665936,1.0453768799665937,False,2CdClSbO2-1,O4Cl2Cd2Sb2
0.00010051578783383187,True,2.551748162458424,-4.126774089112139e-05,False,4.215338298150232,1.3501714541868225e-16,1.0000000000000002,True,0.0,1.0,True,2HfZrSe4-1,Se8Zr2Hf2
0.00042937920408939206,False,1.5232911540442968,-0.016313422905188852,False,2.7382817674222086,0.0,1.0,True,2.5364395156947786e-06,0.9999974635604844,True,2SbTlO3-1,O6Sb2Tl2
0.00011788995431353803,False,177.52585848984228,-1.0255117637161203e-05,False,1.0116592505492763,1.8348597843602499e-16,0.9999999999999998,True,0.0,1.0,True,1BiFTe-1,FTeBi
0.0011467256291393694,True,1.871162689874769,-0.0036720639742471137,True,18.74376130672142,0.0,1.0,True,0.0002482312146959389,0.999751768785304,True,1ClIGe2O3-1,O3ClGe2I
0.00011626975692487065,False,3.479056911930914,-0.00012542355581650658,False,5.237529785617985,2.4107662708103546e-16,0.9999999999999998,True,1.86483947363764e-16,0.9999999999999998,True,1ZrHf3Se8-1,Se8ZrHf3
0.0002807172167105974,False,53.712961596262836,-0.0035553256380381937,True,6.294038238443539,0.0,1.0,True,0.11754047107635239,1.1175404710763523,False,2AsClPbO3-1,O6Cl2As2Pb2
2.100297971337314e-05,False,1.0000017454394334,-0.0008982838166961607,False,5.265503860941555,1.5173512980712143e-16,1.0000000000000002,True,0.0,1.0,True,1PbNa2H6O6-1,H6O6Na2Pb
0.00020553363574309314,False,9.85099821203409,-0.00017163674565385604,False,1.5244321645687124,0.0,1.0,True,0.0,1.0,True,2GeO-1,O2Ge2
0.00010604584340446555,False,4.992549276104232,-0.0014405245787549468,False,5.765045762142225,2.133642518004671e-16,1.0000000000000002,True,0.0,1.0,True,1BiHS2O6-1,HO6S2Bi
0.0018938511271428121,False,10.634820346334863,-0.016899895417323733,False,2.7757440365870996,3.892587061257827e-05,0.9999610741293874,True,2.5721074025211674e-06,0.9999974278925975,True,4AsClSrSe2-1,Cl4As4Se8Sr4
3.507294083513894e-06,False,1.0009693809518023,-1.3197335964213097e-05,False,1.0051612569029325,1.1279829719734455e-16,0.9999999999999999,True,0.0,1.0,True,1MgAl2S4-1,MgAl2S4
0.028213840654768188,False,2.9597860229034314,-0.0006838362803853242,False,1.7442657548963239,0.2187574502242275,1.2187574502242275,False,0.0,1.0,True,2HAs3O6-1,H2O12As6
0.0003571476999754849,False,1.3268927564778972,-0.002830658450392353,False,2.171175517177512,0.0,1.0,True,2.2636353104409257e-06,0.9999977363646896,True,2CoSbO3-1,O6Co2Sb2
0.13823662214890367,True,2.070086375869689,-0.06247611616423526,False,1.3016854730727987,2.6392153150424e-07,0.9999997360784685,True,1.0347468150790255e-05,0.9999896525318492,True,2Bi2O3-2,O6Bi4
0.043915942658753725,False,1.6633106938107391,-0.004790573895551418,False,1.4501960417343687,2.9775312502980524e-11,0.9999999999702247,True,3.052707950486252e-13,0.9999999999996947,True,2BiFHgO2-1,O4F2Hg2Bi2
0.0014349672816177286,False,1.4145328332077103,-0.0023399278507301702,False,1.0796570904622853,1.2496664551273319e-16,1.0000000000000002,True,0.0,1.0,True,2HInSeO4-1,H2O8Se2In2
2.4462476787949803e-05,False,1.003542338505989,-6.0237583798346247e-05,False,3.1865249793733867,0.0,1.0,True,0.0,1.0,True,1MoOSe-1,OSeMo
0.00014866380010544956,False,2.0817786129587006,-0.002077058172228185,False,1.7842259941542329,2.2793014809575304e-16,1.0000000000000002,True,3.5249274035179367e-12,0.999999999996475,True,4AlClSe-1,Al4Cl4Se4
0.048860453330675103,False,7.079546190373046,-0.005084012086950302,False,4.675186575332002,0.13665010099058802,1.136650100990588,False,0.0067622858171063425,0.9932377141828936,True,2TeZnH2O4-1,H4O8Zn2Te2
0.012245344913090758,False,3.9235516804189983,-0.00016286167571499382,True,4.143401856172812,0.003562469623071699,0.9964375303769283,True,1.546408577374135e-16,1.0000000000000002,True,2AlClSe-1,Al2Cl2Se2
0.02067162740694208,False,1.8796967096976112,-0.0029672437124072647,False,2.0220531569634286,4.695684675503639e-06,0.9999953043153245,True,2.0592380426941147e-16,1.0000000000000002,True,2BiCdClO2-1,O4Cl2Cd2Bi2
5.201557341802304e-05,False,1.0040191707291484,-0.00015122259254132724,False,1.0009997955872905,2.0826715009972873e-16,0.9999999999999998,True,0.0,1.0,True,1PbCl2-1,Cl2Pb
0.00011276252932946178,False,8.528942603376523,-0.00044487158528895234,False,1.042852846535796,1.1467890638298348e-16,0.9999999999999999,True,0.0,1.0,True,1GeOBr2I2Zr2Se3-1,OGeSe3Br2Zr2I2
0.00018371164866428353,False,9.22525268757726,-0.001179508123535878,False,1.7887793521612267,1.688924583803577e-16,1.0000000000000002,True,0.0,1.0,True,2HfBr2-1,Br4Hf2
0.001947866190635112,False,25.364543593129714,-0.001451295028715073,False,8.599243335995656,0.010229824063399012,1.0102298240633991,True,1.595535315688578e-16,0.9999999999999999,True,1GeHfCl2S2-1,S2Cl2GeHf
5.848243806069614e-06,False,1.00014402427918,-0.0002209797899186203,False,1.1105054105591574,0.0,1.0,True,1.3147726123749864e-16,1.0000000000000002,True,1ZnH2O2-1,H2O2Zn
0.0002843461967778774,False,1.4722073997320426,-0.0001792017446530652,False,1.0009610103267277,0.0,1.0,True,0.0,1.0,True,1HfBr2-1,Br2Hf
0.001450576317107449,False,2.2215975809899224,-0.02259404894724026,False,1.266657042004641,0.0,1.0,True,0.009019773247883438,1.0090197732478834,True,4OPb-1,O4Pb4
0.003391973333054579,False,1.0173565593751301,-0.005877675055911535,False,1.043250410011255,4.446898139818803e-05,0.9999555310186018,True,0.00020937698754524653,1.0002093769875453,True,2CaHI-1,H2Ca2I2
0.014897013258609874,True,1.1514008012034904,-0.002146909516289332,False,1.4125414325612362,7.891637959644707e-06,0.9999921083620403,True,1.973689090499421e-06,0.9999980263109095,True,1ONb3Br7-1,OBr7Nb3
0.00046915547983353767,False,2.8944610733478346,-0.0009608400775961225,False,1.9381008635820607,0.0,1.0,True,0.0,1.0,True,2HSbAs2O6-1,H2O12As4Sb2
0.07490584851158157,True,1.4954127861396018,-0.00548915576509727,False,4.671809152075389,3.6467890324424904e-05,0.9999635321096756,True,0.0008595910802096047,0.9991404089197904,True,2CPPbH3O3-1,H6C2O6P2Pb2
0.02291362599157011,False,5.51433244800854,-0.010402545055775907,False,6.546686591797882,0.05948845352652634,1.0594884535265263,False,0.10222140165274006,1.10222140165274,False,4BaClSbTe2-1,Cl4Sb4Te8Ba4
0.0009680363036737747,False,1.1693544491483785,-9.511663631149384e-05,True,75.84010025685846,0.0,1.0,True,1.210261828872224e-16,0.9999999999999999,True,2BrCdSbO2-1,O4Br2Cd2Sb2
0.0014320048866872587,False,1.88985800259577,-0.0010998813629145433,False,1.0016400673229866,1.3227375074616678e-16,0.9999999999999999,True,0.0,1.0,True,1TiBr2-1,TiBr2
0.003220547099681491,True,5.667272734293622,-0.0006058782659350711,False,5.210561656726322,0.015634357846113434,0.9843656421538866,True,1.110405564294509e-16,1.0000000000000002,True,2CPSnH3O3-1,H6C2O6P2Sn2
8.326211681884413e-06,False,1.0000131047883962,-0.00014129904277677063,False,1.1338995923848318,0.0,1.0,True,0.0,1.0,True,2InCl3-1,Cl6In2
0.014481684252952327,False,7.45282086883345,-0.0114448443508517,True,11.977442733920146,0.11710772702219198,1.117107727022192,False,0.19610116040686656,1.1961011604068665,False,2NaTaBr6-1,Na2Br12Ta2
0.004587069834676923,False,11.83845673093686,-0.001936186001091824,False,23.27807523576332,0.0005761405273644317,0.9994238594726356,True,0.0005837487430699192,0.9994162512569301,True,2PbCl2-2,Cl4Pb2
0.008693887325870774,True,2.456354888723564,-0.0025963853658191247,False,1.4581624947182235,0.014632797661571006,1.014632797661571,True,0.013585249058975148,1.0135852490589752,True,1BiHTe2O6-1,HO6Te2Bi
0.0007526074551848262,True,1.469919442200926,-0.011474282563684973,True,11.802835411143775,0.0,1.0,True,0.0004236938059703293,0.9995763061940297,True,1OSeW-1,OSeW
0.009504804679893892,True,7.773959009009695,-0.0015277506190148852,False,4.944237401870128,1.1366374352944632e-11,0.9999999999886336,True,2.405348911694576e-15,0.9999999999999976,True,1CdBr2O2Pb2-1,O2Br2CdPb2
0.0024742581369900066,False,2.369748574074537,-1.892548106183909e-05,False,1.0038802261393291,0.0019940738931282257,0.9980059261068718,True,1.5757248376452427e-16,0.9999999999999999,True,2AlBr3-1,Al2Br6
0.0003481878506795566,False,4.6018720128560915,-0.0005449903721455299,False,21.26536580595119,1.256749134783009e-16,0.9999999999999999,True,0.0,1.0,True,4AlBrS-1,Al4S4Br4
7.178347024973116e-06,False,1.0000594235522002,-2.7765029450326576e-05,False,1.014767005523059,0.0,1.0,True,0.0,1.0,True,1CdCl2-1,Cl2Cd
0.004010303592421546,False,4.698987948058422,-0.011776388892818958,False,16.110363725303426,0.014827529250519805,0.9851724707494802,True,0.03540360595970444,0.9645963940402955,False,2AlBrS-1,Al2S2Br2
0.024896893068408445,False,23.67371349469219,-0.005275689016839136,True,1.2676442103685754,0.17124174613807333,1.1712417461380733,False,0.01002572081640006,1.0100257208164,True,2AsHTeO5-1,H2O10As2Te2
0.041760732836115685,False,1.6128148965289464,-0.000519478950669018,False,11.298042039880043,4.189856411970653e-07,0.9999995810143588,True,1.3088363493362074e-16,0.9999999999999999,True,2BiBrCdO2-1,O4Br2Cd2Bi2
0.0033249398933694672,False,1.9481784644712254,-0.000288558790855192,False,7.951829199242097,1.33222523272137e-12,0.9999999999986677,True,0.0,1.0,True,1CdBr2O2Sn2-1,O2Br2CdSn2
0.005575708490960646,False,1.7542282900691992,-0.0012736181314460355,False,3.832028379355156,0.028545415804264958,1.028545415804265,False,0.0,1.0,True,2CGePH3O3-1,H6C2O6P2Ge2
7.502647947285723e-06,False,1.0001646586469741,-4.1864115682669096e-05,False,1.0106416398020912,0.0,1.0,True,1.7001403436001407e-16,1.0000000000000002,True,1ZnCl2-2,Cl2Zn
0.0010694984249628948,False,29.760841023549432,-0.0033894226631461357,False,11.728629474670855,0.0,1.0,True,0.05430488508744999,1.05430488508745,False,1GaRhCl2O2-1,O2Cl2GaRh
4.3407975046028726e-05,False,5.584308820066918,-2.0358396263643474e-05,False,1.1495156806138849,0.0,1.0,True,0.0,1.0,True,2BrIZr-1,Br2Zr2I2
0.0008444920859977192,False,2.6466175645484538,-0.000633317343070395,False,1.0845741950491061,0.0,1.0,True,0.0,1.0,True,2FRhS-1,F2S2Rh2
0.002886585336967785,False,3.592932783790264,-0.00055276879251497,True,5.934471137696102,0.015093352266396838,1.0150933522663967,True,2.0416596219085092e-16,1.0000000000000002,True,2SeZnH2O4-1,H4O8Zn2Se2
0.0012546823643473702,False,3.079214005483383,-0.0007351091762867323,False,7.184060537197821,0.0,1.0,True,0.0,1.0,True,1WAu2O4-2,O4WAu2
0.031038444324966826,False,2.361299570676833,-0.0065977189509836606,False,1.0067665776376657,0.00014619104430963083,0.9998538089556903,True,0.00043520548112089245,0.9995647945188791,True,1SSeTi-2,STiSe
0.008259426281456239,False,7.474504906933744,-0.003336933645749838,False,4.616647141514478,0.022499232231582168,1.0224992322315822,False,0.1968648680134962,1.1968648680134961,False,2HSbTeO5-1,H2O10Sb2Te2
0.0008656987417206732,False,1.7330527121120882,-0.0002880666599274831,False,2.2461420159124916,1.7011310619191432e-16,1.0000000000000002,True,2.0015085963286633e-16,0.9999999999999998,True,2GaCl3-1,Cl6Ga2
0.045764023089566994,True,1.2395546388804517,-0.00904112033611899,False,1.7018807881578062,5.495082992545383e-07,0.9999994504917007,True,3.346708022010074e-06,0.999996653291978,True,4AsBaClTe2-1,Cl4As4Te8Ba4
0.006429807459322114,False,10.865987565826897,-0.0028715725076837307,False,11.589882354883164,0.01784762614143313,1.017847626141433,True,0.05995236557279284,1.059952365572793,False,4ClSbSrTe2-1,Cl4Sr4Sb4Te8
0.006908166165621029,False,5.935348657445585,-0.0005122470185900213,False,1.0140216415026104,1.2364239714938727e-09,0.999999998763576,True,0.0,1.0,True,4TeO2-1,O8Te4
4.68661237849165e-05,False,1.7839490897067987,-4.6852939069337094e-05,False,1.0003818739800667,0.0,1.0,True,1.337259306760164e-16,1.0000000000000002,True,1BrIZr-1,BrZrI
0.006670198463661089,False,2.1808178148235884,-0.017709173014432155,False,3.972033202642131,0.029363293764103578,1.0293632937641035,False,0.003482673372188065,1.003482673372188,True,2ZnI2Sb2O3-1,O6Zn2Sb4I4
0.0013988361590329713,False,2.1129368123964265,-5.0365638156743334e-08,False,1.0049097316143145,1.236010966321221e-16,1.0000000000000002,True,1.1201374833738866e-16,1.0000000000000002,True,1MgI2-1,MgI2
0.001967963297558365,False,4.184793740582286,-0.0002003833465120042,False,84.3482095873036,0.0019413327301279967,1.001941332730128,True,1.3238815277254368e-16,1.0000000000000002,True,2HfTiSe4-1,Ti2Se8Hf2
0.0026780818966057824,False,2.344657921953797,-0.015795986360329185,False,2.582271841135971,0.03589118035245199,0.964108819647548,False,0.14191174276916232,0.8580882572308377,False,1LiNbBr6-1,LiBr6Nb
0.0014530069260282365,False,29.376154344196692,-0.004487854180303858,False,3.984872728818863,0.0,1.0,True,0.012604729023361894,0.9873952709766382,True,2ZrSe3-1,Se6Zr2
0.008307960602969917,False,3.3856490847486818,-0.0008079924309440629,True,4.315219096419332,0.049487155622428454,0.9505128443775716,False,1.382033765783787e-16,1.0000000000000002,True,1NaSSnCl3-1,NaSCl3Sn
3.782071094941345e-05,False,1.4218410884145236,-0.0004753292195103622,False,1.0257076642488197,0.0,1.0,True,0.0,1.0,True,2Al2S3-1,Al4S6
5.6405943859569976e-05,False,1.0971228437667673,-0.0022058458598201974,False,3.4721228103313493,1.3807746529618412e-16,1.0000000000000002,True,0.08791954141990599,1.0879195414199059,False,2CCsSH3O3-1,H6C2O6S2Cs2
0.0025744818483662067,False,1.9186626269725062,-0.007118500211637762,True,2.457580765787097,0.02234055242314593,0.9776594475768541,False,0.00937065500632697,0.9906293449936731,True,2HRbSeO3-1,H2O6Se2Rb2
0.0010695750878028279,False,1.9855474795486705,-0.0009389759328660004,False,4.648029882887138,0.0,1.0,True,0.0,1.0,True,2KNO3-1,N2O6K2
0.00043154958843461666,False,2.3491471420770846,-0.001132873187965407,False,1.5302839629074343,1.6987119462388075e-16,0.9999999999999998,True,0.0,1.0,True,2FRhSe-1,F2Se2Rh2
0.010540361514447679,False,1.5330251366828962,-0.008441977543006197,False,6.493017823737183,0.05956324612537668,0.9404367538746233,False,6.983235271321506e-07,0.9999993016764729,True,2CdSeH2O4-1,H4O8Se2Cd2
0.021208023719283323,False,1.6192132424844004,-0.00706155913271918,False,3.0618674963809647,0.027851938015502755,0.9721480619844972,False,0.10361980144171788,0.8963801985582821,False,2RbSHg2Br3O3-1,O6S2Br6Rb2Hg4
0.0011342727524502531,True,1.4550492723218464,-0.004683695326114048,True,2.90821996426864,1.9928537386144684e-16,1.0000000000000002,True,0.12060626865220028,1.1206062686522003,False,1SNb3Br7-1,SBr7Nb3
0.041650552935740215,False,2.36460374442119,-0.0018691609010696405,False,3.9740696532543356,0.05787342971252094,1.057873429712521,False,0.00990899491257966,1.0099089949125797,True,4Al2S3-1,Al8S12
0.0020539821545044372,False,3.5271874910208245,-0.00042386386670656217,True,3.804487754469083,0.0019359991516350854,1.001935999151635,True,0.0,1.0,True,1InSScSeI2-1,SScSeInI2
0.00832429637077576,True,1.502022562119427,-0.0006666575745009365,False,13.9118110262117,0.040489778292291556,1.0404897782922915,False,0.0,1.0,True,1MoAu2O4-2,O4MoAu2
0.007340074816479051,False,2.710705924825332,-0.002236417903524367,True,3.1562586936245185,0.015610483628908782,0.9843895163710912,True,0.03179745851808633,1.0317974585180862,False,1BrGa2Cl5-1,Cl5Ga2Br
0.00031741504343625577,True,2.1546979760603877,-9.54421791281236e-05,False,3.674093872120293,1.447189596512274e-16,1.0000000000000002,True,0.0,1.0,True,1GeHfBr2S2-1,S2GeBr2Hf
0.010271702531029473,False,32.48509403589965,-0.011155307761777776,False,21.93806300181137,0.01677381472199554,0.9832261852780044,True,0.016986609143086254,0.9830133908569137,True,2CoHO2-1,H2O4Co2
2.1130177364698774e-06,False,1.0007417709502342,-1.243115092711197e-05,False,1.0101496945580213,0.0,1.0,True,0.0,1.0,True,1Ga2Mg2S5-1,Mg2S5Ga2
0.00015165858615037383,False,1.1952984788100154,-0.00012055962731836439,False,1.0001377287223594,1.410763212747501e-16,1.0000000000000002,True,0.0,1.0,True,1ClHfI-1,ClIHf
0.0032810480195978845,False,1.0551160284236956,-0.004519211478679793,True,1.8607480466370188,4.748700349566651e-07,0.999999525129965,True,4.699880391581503e-08,0.999999953001196,True,2AsTlO3-1,O6As2Tl2
0.07649086982491259,False,2.033730958537645,-0.001954686165776309,False,25.402210084824183,6.856143750842595e-05,0.9999314385624916,True,3.201427030731316e-07,0.9999996798572969,True,2BiCdIO2-1,O4Cd2I2Bi2
2.4889705728986743e-05,False,1.5201515825100267,-0.0011471758303978324,False,1.0684376956047525,0.0,1.0,True,0.0,1.0,True,1IHf2Br3-1,Br3IHf2
1.0298236841534028e-06,False,1.001025403993361,-1.543074797941094e-06,False,1.0315392616585366,1.5120510247387726e-16,0.9999999999999999,True,0.0,1.0,True,1Al2Mg2Se5-1,Mg2Al2Se5
0.0018384080350133407,False,1.6371532207612332,-0.000504980588802185,False,3.7541355533415284,0.02002051082843465,0.9799794891715653,False,0.0,1.0,True,1ClHfIPdBr4-1,ClBr4PdIHf
0.0036631254067836447,True,2.5879838447708403,-0.0026804901854296237,False,15.212446641943586,0.0016760456155668327,1.001676045615567,True,0.02581523640045319,1.0258152364004531,False,2LiNH2O3-1,H4Li2N2O6
0.02747855202368052,False,1.150055862494839,-0.0025913791187646288,False,1.9100738317000854,1.5736294116427296e-07,0.9999998426370589,True,5.797066265626298e-15,0.9999999999999942,True,1HgCl2O2Pb2-1,O2Cl2HgPb2
0.0024550352702870644,False,1.6917626638352734,-0.00032214699880757564,True,3.5797546766829798,0.0017674695554449529,0.9982325304445551,True,0.0,1.0,True,1INbSeZrBr2S2-1,S2SeBr2ZrNbI
0.0003365950080278239,False,2.1017629851116935,-0.0005293247907132661,False,3.5567576405642707,0.0,1.0,True,0.0,1.0,True,2FRhTe-1,F2Rh2Te2
0.0050044341482292426,True,1.1381730112337114,-0.02278754686180791,True,1.2293950366786648,5.318053339697611e-08,0.9999999468194666,True,2.0232098740896742e-07,0.9999997976790126,True,1SeNb3Br7-1,SeBr7Nb3
0.00391104845474244,False,1.314980427249789,-0.00048248253567016226,False,1.0006418585494945,0.01278059994405173,1.0127805999440518,True,0.0,1.0,True,1ClITi-1,ClTiI
0.00021156716770252113,False,2.1492603672817263,-0.0009074652853476675,False,1.9250907054847448,0.0,1.0,True,0.0,1.0,True,4AlBrSe-1,Al4Se4Br4
0.00476475083170791,False,4.754420880182432,-0.01956040061262321,False,1.0440487485829517,0.0036156510535960886,1.003615651053596,True,0.005014908537728727,0.9949850914622713,True,1TiSe2-2,TiSe2
0.004659889521979941,False,6.237430753118746,-0.024586653737192866,False,7.15920244400631,0.01944538165765619,0.9805546183423438,True,0.08664101999220096,1.086641019992201,False,1SSeAl2Br2-1,Al2SSeBr2
0.0003549189488114946,False,2.9755652144499027,-0.01988828117171148,True,6.108331230808291,1.4863674500769463e-16,0.9999999999999999,True,0.45615914974764293,1.456159149747643,False,2AlBrSe-1,Al2Se2Br2
0.0033930259457728338,False,1.6212667082390826,-0.0023854528028198225,False,2.600680953898661,1.8999869753877021e-16,0.9999999999999998,True,3.6120864778848585e-14,0.9999999999999639,True,2MgI2-1,Mg2I4
0.004402677648808947,False,5.7732094208472216,-0.0036768756331897155,True,11.154044295808168,0.06025413060606622,0.9397458693939338,False,0.0008025442859591108,0.9991974557140408,True,1BrIAl2S2-1,Al2S2BrI
0.0038259243898265054,False,2.6438429644962604,-0.00264445897174147,False,15.05751787557865,0.0013407934929821237,1.001340793492982,True,0.07955325451782708,1.079553254517827,False,4InCl2-2,Cl8In4
0.0037010932841880476,False,1.54214609810963,-0.000708445802249231,True,15.649095609659891,0.013490968564443779,0.9865090314355562,True,1.5550449238277694e-16,1.0000000000000002,True,2PScS3-1,P2S6Sc2
0.04436103107709828,False,5.277894435258397,-0.013125010075907537,False,11.257548660162788,0.09824319222928904,1.098243192229289,False,0.09333973836047864,1.0933397383604786,False,2NNaH2O3-1,H4N2O6Na2
0.06410642656882899,True,2.477818652356401,-0.004287114940159565,False,1.2598372624764256,6.627853366059668e-10,0.9999999993372146,True,5.658150736821425e-13,0.9999999999994342,True,1CdI2O2Pb2-1,O2CdI2Pb2
2.2612149974377785e-06,False,1.0005371217674253,-4.670649935616704e-06,False,1.0050380177844078,0.0,1.0,True,0.0,1.0,True,1In2Mg2S5-1,Mg2S5In2
0.0024147491274641884,False,4.613969363130003,-0.0100177945290857,False,242.7921377496012,0.03709968029812602,1.037099680298126,False,1.3410008227507202,2.34100082275072,False,1PdTiS2-1,S2TiPd
0.0005666766160017529,True,1.12674091579958,-0.017217069841979384,True,1.1344588220397462,0.0,1.0,True,3.702577676724856e-06,0.9999962974223233,True,1STa3Br7-1,SBr7Ta3
0.007557519487724987,False,1.5225262224432365,-0.00151197832506873,False,1.2511905832619685,0.04307799151250374,1.0430779915125037,False,0.018279523633906985,1.018279523633907,True,2ClTl-2,Cl2Tl2
0.006849102360042716,False,1.1549519902924041,-4.408579520696499e-05,False,1.0000857970726567,0.019351772316368795,1.0193517723163688,True,1.8689795509050405e-16,1.0000000000000002,True,1PbBr2-1,Br2Pb
2.801129694510527e-06,False,1.0009975888528355,-2.5327146651854236e-06,False,1.020159744997981,1.4883198733105933e-16,0.9999999999999999,True,0.0,1.0,True,1MgAl2Se4-1,MgAl2Se4
0.002060065286801773,False,7.788417906771097,-0.0023219903394135068,False,9.659467583714811,0.03435369229709685,1.0343536922970968,False,0.07768017703110806,1.077680177031108,False,2ClCuNC3F4-1,C6N2F8Cl2Cu2
0.0010121144102245951,False,1.4212862968370628,-0.001973806150744148,False,2.8034625867585454,1.2603906580493776e-16,1.0000000000000002,True,0.013201368254464016,1.013201368254464,True,1FeZrBr6-1,FeBr6Zr
0.007169325858870022,False,6.343368663837887,-0.002333844480201905,False,11.816632463633209,0.042149097551045484,1.0421490975510455,False,0.04079363098892408,1.040793630988924,False,1HSbSe2O6-1,HO6Se2Sb
0.007110674031239581,True,14.978256208341032,-0.0020030959833762393,False,3.5487981452995068,0.0206184974134677,1.0206184974134678,False,0.024043620382175952,1.024043620382176,False,2SnZrS4-1,S8Zr2Sn2
0.00021808919804951516,False,1.5557908063482098,-0.0029488749231393594,False,16.20627783618567,0.0,1.0,True,5.7116000670634346e-11,0.999999999942884,True,1CdI2O2Sn2-1,O2CdSn2I2
0.00722256870875968,True,1.2119139899477636,-0.0056553361258558825,False,2.363513607897884,0.03791699413577338,1.0379169941357733,False,0.006565307975990662,0.9934346920240094,True,1TeNb3Br7-1,Br7Nb3Te
0.0008755844822417975,False,1.3652503252867998,-0.00020913955879395653,False,3.6534158999476105,0.0,1.0,True,1.8682017075144633e-16,0.9999999999999998,True,2PScS4-1,P2S8Sc2
0.0005211303894153809,True,10.008947090224709,-0.00028088592407750026,False,3.1959992746184263,0.0,1.0,True,0.0,1.0,True,2GeZrS4-1,S8Ge2Zr2
0.006083595706954938,True,1.5965414049736288,-0.002572488142343245,False,2.9630672378257215,0.012522028005073859,1.012522028005074,True,0.02446736169365648,1.0244673616936564,False,2HSbSeO5-1,H2O10Se2Sb2
5.7575809387348245e-05,False,20.937875547934205,-4.499717419562484e-05,True,5.250467706136108,0.0,1.0,True,0.0,1.0,True,2AlClTe-1,Al2Cl2Te2
0.017455415238532137,False,1.002809017876073,-0.0008354138763090383,False,2.602692859323273,6.574394822439841e-10,0.9999999993425606,True,1.1420758788934543e-16,1.0000000000000002,True,1HgBr2O2Pb2-1,O2Br2HgPb2
0.00049401749608424,False,2.309116922673413,-0.0020867420503427212,False,3.11181540388042,0.0,1.0,True,1.2601166407956864e-10,0.9999999998739884,True,4AlClTe-1,Al4Cl4Te4
0.0026542826850322475,False,4.242896609741059,-0.06621282145583732,False,4.567828822255347,0.031865872963014984,1.031865872963015,False,0.08934579042150291,1.089345790421503,False,2BrCuNC3F4-1,C6N2F8Cu2Br2
0.04758257656377687,True,1.0453833232041472,-0.008841802834381183,True,1.18688809771354,5.125330404715409e-07,0.9999994874669595,True,5.204481496187287e-07,0.9999994795518504,True,1SeTa3Br7-1,SeBr7Ta3
0.0016067259241155415,False,2.0893733207092287,-0.0016332232178041433,False,1.4691353042353,6.014378248996761e-11,0.9999999999398562,True,8.805045601960015e-08,0.999999911949544,True,2SiNb2S4-1,Si2S8Nb4
0.01861125660844168,True,2.121489519060024,-0.008426877390123069,False,1.8558323771984317,0.07953868445368202,1.079538684453682,False,0.02325341355092341,1.0232534135509235,False,2Te3O7-1,O14Te6
0.03227996900310934,False,59.27843203035314,-0.0004984773959442441,False,2.9228376280798063,0.2581490535141848,1.2581490535141848,False,1.254943737952037e-16,0.9999999999999999,True,2BrHfI-1,Br2I2Hf2
0.0003242286445824662,False,1.4035423502795428,-0.0031510949288502685,False,1.2301452472045582,0.0,1.0,True,0.0020764872910818944,0.9979235127089181,True,2CaCl2S2H4-1,H8S4Cl4Ca2
1.784140712809455e-05,False,1.000006453851335,-3.119394445295283e-05,False,1.0003122232192556,0.0,1.0,True,2.0952326069175756e-16,0.9999999999999998,True,1MoS2-1,S2Mo
0.03376531445822043,True,99.40104645689006,-0.006703964405103467,False,31.213981614400407,0.13133345767309829,1.1313334576730982,False,0.021368056409168633,0.9786319435908314,False,2FIrS-1,F2S2Ir2
0.00910323137233542,True,21.14937430183349,-0.00630725009939765,False,2.393465628809319,0.2707689616783993,1.2707689616783993,False,0.007841979338596443,1.0078419793385964,True,2HfSnS4-1,S8Sn2Hf2
0.007859859728868724,False,7.770884146167397,-0.003578474422411331,False,3.2675259627847657,0.055191550613913384,1.0551915506139133,False,0.021940396531940135,0.9780596034680599,False,4CuFO-1,O4F4Cu4
2.299479067873984e-06,False,1.0007843931163287,-1.621503043994283e-05,False,1.005781867045518,1.2957638661496252e-16,0.9999999999999999,True,1.3767868703845626e-16,1.0000000000000002,True,1MgGa2S4-1,MgS4Ga2
0.00018887540991244939,False,1.0139936796489881,-0.00021027520797683487,False,1.0062029428147214,0.0,1.0,True,1.1500302594295122e-16,1.0000000000000002,True,1WMo3S8-1,S8Mo3W
0.00013002116087124888,False,4.353178673472682,-0.00045540624455385817,False,1.057130866598387,0.0,1.0,True,1.1659556961764907e-16,0.9999999999999999,True,2ZrI2-1,Zr2I4
9.082030079747806e-05,False,1.0787057041589478,-0.00015358336822833237,False,1.7868541614709792,0.0,1.0,True,0.0,1.0,True,1InNbBr6-1,Br6NbIn
0.0007805491574149532,False,3.5911678275291203,-0.010727788487011074,True,3.2645652258042324,0.0,1.0,True,0.0052860391409527505,0.9947139608590473,True,1BrHf2I5-1,BrI5Hf2
0.03312769308219437,False,3.53412481612314,-0.000706470863600128,False,1.0262179889836491,0.222155888469151,1.222155888469151,False,0.0,1.0,True,2FPd-1,F2Pd2
0.001038312041930039,False,1.0000161049708214,-0.05743154805207481,False,1.0030560435397045,0.0,1.0,True,1.1383247431030563e-09,0.9999999988616752,True,2SrI2O4-1,O8Sr2I4
0.013465965418205854,True,8.069816611992287,-0.007392077900161791,False,2.9363823819191506,0.002183217866207485,0.9978167821337925,True,0.08142374573272491,1.081423745732725,False,2GeHfS4-1,S8Ge2Hf2
0.04714858363030739,False,6.267854048276381,-0.0018544025658263775,False,10.96585106649144,0.34510649399309207,1.3451064939930921,False,0.03453186819928261,1.0345318681992826,False,2AsRhO3-1,O6As2Rh2
0.000824281192165694,False,2.1717929009578842,-0.012598936464765656,False,1.0588021650167736,0.0,1.0,True,6.868173365460579e-08,0.9999999313182664,True,2NbBr2S2-1,S4Br4Nb2
6.481006860465822e-07,False,1.0001061306608543,-1.8770870173028719e-06,False,1.0112612781844859,0.0,1.0,True,1.3893408638391631e-16,0.9999999999999999,True,1CdBr2-1,Br2Cd
0.0016827291142916517,False,2.339958094975673,-0.0005842565304656561,False,1.3372306072715523,0.003924820365918738,1.0039248203659188,True,0.0,1.0,True,4ClGaS-1,S4Cl4Ga4
2.0035159994622387e-06,False,3.5934903164570597,-0.0007651706435477093,False,5.65631873387421,1.1575304005369752e-16,1.0000000000000002,True,1.9214811727550613e-16,1.0000000000000002,True,2ClGaS-1,S2Cl2Ga2
0.0002833140843878717,False,1.0205584912705772,-0.013158105078729637,False,1.2638977482340013,0.0,1.0,True,0.028445843892843197,1.0284458438928432,False,2MoWS4-1,S8Mo2W2
0.019775639888029346,False,3.8855929474165674,-0.0004305953370694946,False,4.096083937097446,0.06105779208986222,1.0610577920898623,False,1.6498298454119004e-16,0.9999999999999999,True,2SbScSe3-1,Sc2Se6Sb2
0.017958011223407084,False,1.199695559072003,-0.01426464223327871,False,1.3307409824685177,0.047782538610162316,0.9522174613898376,False,0.0051690552753323295,0.9948309447246677,True,2BiClHgO2-1,O4Cl2Hg2Bi2
0.017018095368622893,False,3.2738208380798652,-0.0018843727882911405,False,11.317056114077268,0.025248546068301354,1.0252485460683014,False,0.0024737273929403,1.0024737273929403,True,2HgTeH2O4-1,H4O8Te2Hg2
1.4030631264674493e-06,False,1.001058430880232,-7.633176264584827e-07,False,1.0089313972104121,0.0,1.0,True,0.0,1.0,True,1Ga2Mg2Se5-1,Mg2Ga2Se5
0.0032103698320260967,False,1.7585162478463756,-0.005460365819936925,False,5.355123618585914,1.7663664476610268e-10,0.9999999998233634,True,4.187216693902536e-11,0.9999999999581278,True,4AlIS-1,Al4S4I4
9.69694603766668e-06,False,1.0073046596045185,-2.214326888407281e-05,False,1.002811107630147,0.0,1.0,True,1.4579978786198173e-16,0.9999999999999999,True,1MoW3S8-1,S8MoW3
4.2128837433120747e-05,False,1.4649320797383525,-7.074932392523044e-05,False,1.0007446479933586,0.0,1.0,True,0.0,1.0,True,1BrHfI-1,BrIHf
0.0002034248103437715,False,1.2983031647229932,-6.538388525650258e-05,False,3.2725785215055585,0.0,1.0,True,1.4382233929439706e-16,0.9999999999999999,True,2AlS-1,Al2S2
0.002591001277483983,False,1.676368961049659,-3.84966946053132e-06,False,1.0041770880792638,0.00995890484644604,1.0099589048464461,True,1.7040863255883913e-16,1.0000000000000002,True,1ZrI2-1,ZrI2
0.009789838975919032,False,4.895536988435009,-0.04985227361481902,True,413.08815503430833,0.10988443398727127,0.8901155660127287,False,0.134937435420615,1.134937435420615,False,2AlIS-1,Al2S2I2
0.00023403606541958665,False,1.8391465353776486,-0.012306526812859335,False,1.5674417749729057,0.0,1.0,True,0.04009081980200425,0.9599091801979958,False,1SCu2O4-1,O4SCu2
0.00130087963588331,False,1.298445217535933,-0.00021894999851097342,False,1.000524218484036,0.0,1.0,True,0.0,1.0,True,1BrITi-1,TiBrI
0.04817046636179657,False,3.0715950033597434,-0.001192029336841485,False,35.311294307975665,0.13902098267872065,0.8609790173212793,False,0.0,1.0,True,2AlGaS3-1,Al2S6Ga2
4.044924319236369e-05,False,1.0158279564199977,-2.4670562108370636e-06,False,1.010026882832598,0.0,1.0,True,0.0,1.0,True,1WS2-1,S2W
0.000615179761684103,False,1.0011726331255144,-0.000925751339568332,False,1.0218777074183893,0.0,1.0,True,0.0,1.0,True,2FPt-1,F2Pt2
1.9598319739830297e-06,False,1.000330710934922,-6.845565361294898e-06,False,1.0043588952868905,0.0,1.0,True,0.0,1.0,True,2InBr3-1,Br6In2
0.01600120311653992,False,18.17939690942198,-0.0012652396948222519,False,1.55430398194141,0.011929455901744837,0.9880705440982551,True,1.323061111125923e-16,1.0000000000000002,True,4ClGaSe-1,Cl4Ga4Se4
8.16909093559262e-05,False,3.1056015417106275,-0.00014738464195746966,True,3.617263287688553,0.0,1.0,True,0.0,1.0,True,2ClGaSe-1,Cl2Ga2Se2
3.95257601262502e-07,False,1.0008092228612944,-7.701223902151042e-07,False,1.0069709732332754,1.5693592159494115e-16,1.0000000000000002,True,1.3407926452692348e-16,0.9999999999999999,True,1In2Mg2Se5-1,Mg2Se5In2
0.00024390109091174594,False,1.000577141395701,-0.0003315033865438335,False,1.5156463745795505,1.2119077823314685e-16,1.0000000000000002,True,1.9359639222626646e-16,0.9999999999999998,True,2CaCl2O4-1,O8Cl4Ca2
0.015717418774573704,True,5.805882963309568,-0.0017040750017061892,True,5.561953428565522,0.07365549759302675,1.0736554975930268,False,0.018172962496113578,0.9818270375038864,True,1HfZrPd2I4S4-1,S4ZrPd2I4Hf
0.005400186436865378,False,14.815770820423207,-0.0015430508230143674,False,1.173345291615046,0.0019064723588762473,0.9980935276411238,True,8.069688996232679e-06,0.9999919303110038,True,2FRe3S4-1,F2S8Re6
0.010498018457611264,False,1.7143268119761792,-0.002276446834964588,False,4.6770771126346276,0.018990067242534703,1.0189900672425347,True,0.005713964674394192,0.9942860353256058,True,2FPPbS3-1,F2P2S6Pb2
0.009137995749684321,False,16.044506872326068,-9.07778494857466e-05,False,5.201131995992499,0.06171751918518659,1.0617175191851866,False,0.0,1.0,True,2AsScSe3-1,Sc2As2Se6
0.00031982064107227454,True,6.775816743771458,-8.12547117724272e-05,False,3.108823711637512,1.322148743491521e-16,1.0000000000000002,True,0.0,1.0,True,2SnZrSe4-1,Se8Zr2Sn2
0.000670255550252267,False,2.1432504047825938,-0.021481668595639585,False,1.257825610130739,0.0,1.0,True,2.576823919635462e-13,0.9999999999997423,True,2TaBr2S2-1,S4Br4Ta2
0.0002611933688873382,False,5.136570690084646,-0.000971027105710982,False,3.199915085270771,1.8235162886407772e-16,1.0000000000000002,True,0.0,1.0,True,2HgNa2I4-1,Na4I8Hg2
0.004152130553906141,False,1.4845521010865446,-0.04074031768972219,False,1.9106772593883845,0.01869897378660211,1.0186989737866021,True,0.153004837813995,1.153004837813995,False,2BiBrHgO2-1,O4Br2Hg2Bi2
0.0003438514620154063,False,18.47829714093595,-0.002074296946176001,False,1.5881582712362508,1.816096950073687e-16,0.9999999999999998,True,0.004967660397959535,1.0049676603979596,True,2RhTaS4-1,S8Rh2Ta2
5.49978799871743e-06,False,1.000510069744125,-9.597486670229025e-06,False,1.0049400941602316,1.180308399395024e-16,1.0000000000000002,True,0.0,1.0,True,1MgIn2S4-1,MgS4In2
6.901315419271311e-05,False,26.069584426642177,-0.00041037275234296407,False,3.9538733919620306,0.0,1.0,True,0.0,1.0,True,2PdSO3-1,O6S2Pd2
0.001107568026985644,False,1.7823441768701276,-1.804561593797925e-05,False,1.0432057755105457,1.952787901370443e-16,1.0000000000000002,True,1.4210305935793994e-16,0.9999999999999999,True,1ZnBr2-2,ZnBr2
0.00037358960329494386,False,1.0433839622774588,-0.00836622079966147,False,1.3560662097956229,0.0,1.0,True,3.936340502933857e-12,0.9999999999960637,True,2SrBr2S2H4-1,H8S4Br4Sr2
0.0003046602763231929,False,8.448561887694048,-0.002972848888773305,False,5.252758393804855,1.8336760494179998e-16,1.0000000000000002,True,4.836955246069565e-13,0.9999999999995163,True,2IrTaS4-1,S8Ta2Ir2
0.02039639378801627,False,2.750171808105173,-0.03888265008352312,True,3.54691248407855,0.0977304310730199,1.0977304310730198,False,0.027194227483119827,1.0271942274831198,False,2Al2Se3-1,Al4Se6
0.00021590579760116782,True,11.719103350319171,-0.00021674741832707867,False,5.267540725311542,0.0,1.0,True,0.0,1.0,True,2PScSe3-1,P2Sc2Se6
0.016116553842395777,True,30.622052785348888,-0.0016062262470870174,False,12.033150621839487,0.9401438451304217,1.9401438451304216,False,0.019348145545636554,1.0193481455456366,True,4CuFS-1,F4S4Cu4
0.16990284137180856,False,1.0286977612309025,-0.020296651743865708,False,1.116667643161001,5.720417597164111e-13,0.999999999999428,True,2.1739979672766018e-06,0.9999978260020327,True,2IRbCl4-1,Cl8Rb2I2
7.154917361194272e-05,False,1.171818991061626,-0.00035943281037883925,False,4.127825848390433,0.0,1.0,True,1.4906141316646974e-16,0.9999999999999999,True,4ClInS-1,S4Cl4In4
0.0001580402363650798,True,6.629327000543493,-0.0017209620537818532,True,4.140671501987552,0.0,1.0,True,2.0516065899525411e-16,1.0000000000000002,True,2GeZrSe4-1,Ge2Se8Zr2
0.004289997613239465,False,2.112831936478183,-8.233424003549405e-05,False,5.26104250074612,0.028300782001642193,0.9716992179983578,False,0.0,1.0,True,1CaSn3Br4S4-1,S4CaBr4Sn3
0.022517654080859935,False,2.569982461926687,-0.003446100610260364,False,11.484613830413643,0.2282838183356554,1.2282838183356555,False,0.044335902648847965,1.044335902648848,False,2HgSeH2O4-1,H4O8Se2Hg2
0.0005269998509799753,False,2.1612861016328235,-0.004827543384197803,False,2.3745230325889772,0.0,1.0,True,0.012929490916590736,1.0129294909165907,True,2SiNb2Se4-1,Si2Se8Nb4
0.0001642499527444099,False,1.7458492538238146,-0.00012170504032231816,False,1.6695875115701617,0.0,1.0,True,0.0,1.0,True,2PZrS3-2,P2S6Zr2
0.0018521085729024166,True,2.4232631250643992,-0.001969460455300287,False,1.9130136018814343,1.0332421167233117e-06,0.9999989667578832,True,1.7259278719197887e-05,0.9999827407212808,True,4NbS3-2,S12Nb4
0.0005439608319449637,False,1.3362151162837566,-0.0010012882929977315,False,1.64683078187089,1.2835447955894694e-16,0.9999999999999999,True,1.6324846622885433e-16,1.0000000000000002,True,2CaBr2S2H4-1,H8S4Ca2Br4
1.8574558913028993e-05,False,1.0028146276180028,-0.0010620581212862066,False,1.2456431608443916,1.1956738584185073e-16,1.0000000000000002,True,1.543137920704239e-16,0.9999999999999999,True,1BaH2Se2-1,H2Se2Ba
0.0023382109417297444,False,1.6729709920519635,-0.028213012663058323,False,6.969955074184346,0.04695631238123257,0.9530436876187675,False,0.038271365946231685,0.9617286340537683,False,1IPb2Br3-1,Br3IPb2
0.0004666263888475496,False,7.998498622013259,-0.006877813152840956,False,1.971425580069774,0.0,1.0,True,0.033625089240290125,1.03362508924029,False,2IrNbS4-1,S8Nb2Ir2
0.0007150643205082886,False,61.47932632002484,-0.009066935727903685,False,4.6982551650867945,0.0,1.0,True,0.009677706510638174,0.9903222934893618,True,2BrTl-1,Br2Tl2
0.0003279699362886324,False,1.1960754202409392,-0.00028821634665291714,False,1.9536341967979793,1.2850134688914339e-16,0.9999999999999999,True,0.0,1.0,True,4ClInSe-1,Cl4Se4In4
0.005148411204565915,True,5.423480300237866,-0.00813504648540053,True,7.5965388059760475,0.029620621349231407,0.9703793786507686,False,0.06478998778102968,1.0647899877810296,False,2SiZrSe4-1,Si2Se8Zr2
0.0018284181200089935,False,8.81563068948718,-0.002024746548514538,False,7.468051341807461,0.009185389483253642,1.0091853894832536,True,0.005853003436944255,0.9941469965630557,True,2ClNb2S6-1,S12Cl2Nb4
0.010162512590809986,False,5.113943299750409,-0.002290283761597998,False,2.442402628864216,0.06591480798307703,1.0659148079830771,False,0.08024596168563466,1.0802459616856346,False,4SrTeS3-1,S12Sr4Te4
5.529837433436904e-05,False,1.052743687971525,-0.00011730049301500982,False,5.655209192603949,1.4512869269426552e-16,1.0000000000000002,True,0.0,1.0,True,2ClInS-1,S2Cl2In2
0.034904539670565296,False,1.0674739577303092,-0.002574067306796793,False,1.2847846766368936,3.064548445343166e-07,0.9999996935451555,True,8.099282159133285e-13,0.9999999999991901,True,1HgI2O2Pb2-1,O2I2HgPb2
1.4599827570694892e-05,False,1.0000184542096338,-2.3807264387504813e-05,False,1.0000688136791656,0.0,1.0,True,1.8564375738914738e-16,1.0000000000000002,True,1MoSSe-1,SSeMo
0.0009096572467440518,True,6.7192528150342214,-0.00010422913554892176,False,2.8586601038800414,0.0,1.0,True,2.1957823961447621e-16,0.9999999999999998,True,2HfSnSe4-1,Se8Sn2Hf2
0.00124463894299013,False,2.6240024386184597,-0.0011079522635267743,False,1.0925802481162163,2.0108894160486358e-16,1.0000000000000002,True,0.0,1.0,True,2NbBr2Se2-1,Se4Br4Nb2
0.003378089947837151,True,2.360276235225423,-0.0022726427202025565,False,10.893701815229386,3.5141872644230254e-05,0.9999648581273558,True,0.00017342226556814094,0.9998265777344318,True,1FeAl2S4-2,Al2S4Fe
0.0042838227619238466,False,3.9954524377777734,-0.004500551710670644,False,1.187123092430424,0.07775873539754244,1.0777587353975424,False,0.00355795870297843,0.9964420412970215,True,1SBr2Pb2-1,SBr2Pb2
0.005036697263530725,False,1.264115854008491,-0.012274835452402145,False,11.130819544607672,0.0019312599862480794,1.001931259986248,True,0.11895977314567073,1.1189597731456706,False,2FPSnS3-1,F2P2S6Sn2
3.291135000011127e-05,False,2.1663381543876623,-0.0004396840938121731,True,2.6322537462896407,0.0,1.0,True,1.6256348543584315e-16,0.9999999999999999,True,2ClInSe-1,Cl2Se2In2
1.1898438149239565e-05,False,1.0007206643957272,-0.0021530727513787177,False,5.088017687412332,0.0,1.0,True,0.01093319749866292,1.0109331974986628,True,2AlSiS3-1,Al2Si2S6
1.9834074217486632e-05,False,1.0026883739257644,-0.0001624809124963834,False,1.0357556606809633,0.0,1.0,True,0.0,1.0,True,2CdCl-1,Cl2Cd2
9.015639301517842e-05,False,1.001010657593638,-0.04607511372740345,False,1.7346289340535788,1.234978443179829e-16,1.0000000000000002,True,0.11046255406211802,0.889537445937882,False,1SrH2Se2-1,H2Se2Sr
0.001683474051466201,False,2.7373259188507415,-0.0012147589033909359,False,9.29549498234766,0.0010117028025029466,1.001011702802503,True,0.0,1.0,True,2FIrSe-1,F2Se2Ir2
3.952064000194045e-06,False,1.0005970988646813,-0.00020778338136631847,False,4.013076687685951,0.0,1.0,True,0.0,1.0,True,2BiBr3-1,Br6Bi2
7.287299209043577e-07,False,1.0011178938599283,-7.965343777360002e-07,False,1.006242254325308,0.0,1.0,True,0.0,1.0,True,1MgGa2Se4-1,MgGa2Se4
0.0005358505331926932,False,2.02971262754233,-0.000381833877611225,False,22.2323836913423,1.705714936705129e-16,0.9999999999999998,True,1.4422746166575052e-16,0.9999999999999999,True,2BiHgIO2-1,O4I2Hg2Bi2
0.0005936119741419892,False,3.8299417338134054,-0.0006271300590371284,False,3.594180709382915,0.0,1.0,True,0.0,1.0,True,4AlISe-1,Al4Se4I4
0.0031802932665136166,True,6.239217503604825,-0.0012041853825616605,False,2.97045547564037,0.008316796090350322,1.0083167960903503,True,1.245684340475336e-16,0.9999999999999999,True,2GeHfSe4-1,Ge2Se8Hf2
0.0015453924038621428,False,2.302176308253776,-3.173687364373555e-06,False,1.119758454243681,0.0025458610774947822,0.9974541389225052,True,0.0,1.0,True,2GaBr3-1,Ga2Br6
0.0008586686269032619,False,4.521039927539885,-0.004612855260696455,False,10.57637779106499,0.0,1.0,True,0.02606354449977248,1.0260635444997726,False,2ClTa2S6-1,S12Cl2Ta4
0.00013562834446117846,False,1.0042743137927863,-0.0010775349649110955,False,1.0306401158558995,0.0,1.0,True,0.0,1.0,True,2MoCl3-3,Cl6Mo2
0.00038220041189506094,False,1.0035037487068432,-2.095723479071156e-07,False,1.272348088312631,0.0,1.0,True,0.0,1.0,True,2HLiS-1,H2Li2S2
0.011454774956699623,False,6.54486170571499,-0.009652817286420189,False,419.8495817650677,0.002239608604603905,0.9977603913953961,True,0.28492555701470507,1.2849255570147051,False,2AlISe-1,Al2Se2I2
0.002763006224585941,False,18.35101541138906,-0.00011947039049219093,True,3.597014771495197,0.0012494246083644624,1.0012494246083645,True,0.0,1.0,True,2AlBrTe-1,Al2Br2Te2
0.00047791418649518986,False,1.9100088596501243,-0.008682442043097484,False,2.874824683927968,0.0,1.0,True,0.02721506875410446,1.0272150687541044,False,4BrGaS-1,S4Ga4Br4
0.0006319382118304089,False,2.021845566139631,-0.0013694405016633686,False,1.5500427382138007,1.4927981642988885e-16,1.0000000000000002,True,0.0,1.0,True,4AlBrTe-1,Al4Br4Te4
0.0002081810824096171,False,1.0021438606061523,-0.002425486981884342,False,1.0161125485657332,0.0,1.0,True,5.122390862327735e-11,0.9999999999487761,True,2MgPS3-1,Mg2P2S6
0.15731848031437182,False,15.696803473618326,-0.002037480939894951,True,1.8409219912537478,0.07822276344295208,0.9217772365570479,False,0.015119022625947876,1.0151190226259479,True,2AlInS3-1,Al2S6In2
0.005635664718254702,False,1.7295056488424918,-0.0007473973972481256,False,1.036986962410223,0.06322780740471619,1.0632278074047161,False,1.5832092445351726e-16,1.0000000000000002,True,1GeTiI2S2-1,S2TiGeI2
7.317552816928296e-05,False,1.0007304431090764,-4.3835290559028943e-07,False,1.0051844541338235,0.0,1.0,True,0.0,1.0,True,1MgIn2Se4-1,MgSe4In2
1.6225810352196327e-05,False,1.0001906677838173,-0.00299928163222421,False,1.38066882042633,0.0,1.0,True,0.10034776859493862,0.8996522314050613,False,2HKS-2,H2S2K2
0.001276874508606007,False,6.441418457208165,-0.000494539455947314,False,16.071658449873425,1.2209130152223885e-16,1.0000000000000002,True,1.2349114837313346e-16,0.9999999999999999,True,2PtSO3-1,O6S2Pt2
0.0006702182567148563,False,2.145331297078955,-0.0008836941739965775,False,4.196892560245213,0.0,1.0,True,0.0,1.0,True,2PdTeO3-1,O6Pd2Te2
0.00258414121694203,False,1.1550392691634639,-0.0018885646616739037,False,5.451765139338888,1.7204436003568792e-07,0.99999982795564,True,0.0179402113560033,0.9820597886439967,True,1BrClIn2S2-1,S2ClBrIn2
0.0019644647041306136,False,7.960656114055286,-0.001837871498514161,False,4.069056886517522,7.699135938823676e-05,0.9999230086406118,True,0.0010203547197315842,0.9989796452802684,True,2BrNb2S6-1,S12Br2Nb4
0.0019476564151133604,False,1.805085776868322,-0.0020709186266195316,False,1.0191377971284943,5.802561878790275e-09,0.9999999941974381,True,4.94440589057303e-09,0.9999999950555941,True,2CrWS4-1,S8Cr2W2
0.0010100081974569574,False,2.342977951688287,-0.0026290417127844304,False,13.20223435932431,0.0,1.0,True,0.10491527242416951,1.1049152724241695,False,2NbCl2Te2-1,Cl4Nb2Te4
0.024885194763282287,False,8.339702551568797,-0.00037131248557440485,False,1.5041456793177674,0.3422998010969452,1.3422998010969451,False,1.8385023496649166e-16,1.0000000000000002,True,2PScSe4-1,P2Sc2Se8
0.005777818163194029,False,1.4936938263114068,-0.0003957919103189275,True,32.311126991534344,6.111084212524784e-08,0.9999999388891578,True,1.5013094519381924e-16,1.0000000000000002,True,2SiTa2Se4-1,Si2Se8Ta4
0.0011305271388952598,False,2.5804815579529587,-0.0020126560177424857,False,1.1013184257691486,0.0,1.0,True,1.3575350078439068e-12,0.9999999999986424,True,2TaBr2Se2-1,Se4Br4Ta2
0.000800625983831883,False,1.9473025422194803,-0.001313936080554201,False,1.4456633716844185,0.0,1.0,True,0.0,1.0,True,4BrGaSe-1,Ga4Se4Br4
0.0008508330456758793,False,27.336039597127247,-0.010244095777557012,False,1.3458072576307272,0.0,1.0,True,0.003679417760791688,1.0036794177607917,True,1BrCdI-1,BrCdI
0.0018706987060337292,False,3.2227851354682553,-3.764795593269786e-05,True,3.9364427916962765,0.003265379656647412,0.9967346203433526,True,0.0,1.0,True,2BrGaSe-1,Ga2Se2Br2
0.001658707022687717,True,1.5252867698522792,-0.0008103124227610352,False,1.586717055052448,0.01805003482095363,0.9819499651790463,True,0.0,1.0,True,1BrITl2-1,BrITl2
0.0002597975270636832,False,1.5166003539220332,-0.0005625143285201289,False,1.4933474722919524,0.0,1.0,True,0.0,1.0,True,2NiSeO3-1,O6Ni2Se2
0.01722787144299359,False,4.178099677768838,-0.0007965220189026216,True,1.191228531384617,0.005747579757528756,1.0057475797575288,True,0.0,1.0,True,2KTaI6-1,K2I12Ta2
0.0008849325707035432,False,1.9016977759610183,-0.0008874619639534964,True,30.074094543353294,0.0,1.0,True,0.0,1.0,True,1GaInBr2S2-1,S2GaBr2In
5.689579740178962e-05,True,4.549923507291774,-0.003256772385821081,True,4.076139579031438,0.0,1.0,True,0.004136655788212003,1.004136655788212,True,2ClGaTe-1,Cl2Ga2Te2
0.0009829022316736739,False,5.176742683290456,-0.001059298169132999,False,3.547360981049942,1.2521569989208913e-16,0.9999999999999999,True,0.0,1.0,True,2ClNb2Se6-1,Cl2Se12Nb4
0.0031373674601179635,False,3.622364671339006,-0.0008635552175977711,False,5.32489614994973,5.353466710652956e-12,0.9999999999946465,True,1.2505238205417104e-16,0.9999999999999999,True,4ClGaTe-1,Cl4Ga4Te4
0.008664374126105715,False,1.3472005623250023,-0.0027345807646223194,False,5.328058081992456,1.993157552028064e-05,0.9999800684244797,True,0.0002749120373600642,0.9997250879626399,True,2FRe3Se4-1,F2Se8Re6
0.010049965222780129,False,4.1585784456521075,-0.008923637051346888,True,3.079083619434794,2.1373306821767434e-08,0.9999999786266932,True,1.7375264564203905e-08,0.9999999826247354,True,2ZrSe5-1,Se10Zr2
0.0010419767494888664,False,3.9688126566043036,-0.012362289928743745,False,3.788174867299033,0.0,1.0,True,0.21237517082963506,1.212375170829635,False,2ClKO3-1,O6Cl2K2
0.0017205461388487666,False,5.8033279768281885,-0.004777219541283113,False,8.5796744586967,0.007941711693586697,1.0079417116935867,True,0.004366761437136124,0.9956332385628639,True,2BrTa2S6-1,S12Br2Ta4
9.624433706456103e-05,False,1.2314613056952057,-0.005734080116306646,True,1.5995568724087916,0.0,1.0,True,0.06115611700203949,0.9388438829979605,False,2ClRbO3-1,O6Cl2Rb2
0.003182843776433293,False,8.393461303572012,-0.002381084354082582,False,3.7689705730886778,0.014283269654975542,1.0142832696549755,True,0.0397316665879241,1.0397316665879242,False,2HfI2-1,I4Hf2
0.00027459978693477634,False,2.2260631261490422,-0.00883352737140338,False,5.8556770183901,0.0,1.0,True,0.06514522631480676,1.0651452263148067,False,2FGePS3-1,F2P2S6Ge2
6.320294259685568e-05,False,1.0000034416386734,-1.2549288280731361e-05,False,1.0000087247592186,1.3233329563656208e-16,0.9999999999999999,True,0.0,1.0,True,1SSeW-1,SSeW
0.0001249919312484092,False,1.3277796669395268,-0.006333863311155929,False,36.956094966019336,1.3586015467139245e-16,0.9999999999999999,True,0.11853333023796916,1.1185333302379692,False,2ClOTl-1,O2Cl2Tl2
0.0001256850287172212,False,1.2814580829545654,-0.0010336226520664966,False,16.119225402621524,0.0,1.0,True,1.1357717564340016e-16,0.9999999999999999,True,4BrInS-1,S4Br4In4
3.478478013811648e-06,False,1.0004157322944658,-2.8757431524587445e-05,False,1.0023460363165462,0.0,1.0,True,0.0,1.0,True,1AlCdInS4-1,AlS4CdIn
0.0039938538347103515,False,5.244420411338761,-1.9383960828601327e-05,False,2.738394191271846,0.09822456776823298,0.901775432231767,False,1.437278846429888e-16,1.0000000000000002,True,2AlSe-1,Al2Se2
0.0023853642329140635,False,5.6745438668727886,-0.00021477629752096795,False,5.019057811942622,0.01955024581736337,1.0195502458173633,True,0.0,1.0,True,1SSeIn3Br5-1,SSeBr5In3
0.01300706810824248,False,3.619985197860324,-0.0031769238923288015,True,1.1754427586119405,0.04374889089629939,1.0437488908962993,False,0.016487915004610915,1.0164879150046109,True,2KNbI6-1,K2Nb2I12
0.0017549621589538144,False,1.3411865993800105,-0.0010693347944342384,False,2.3287647190292997,0.022064519070821156,0.9779354809291788,False,1.3406812067337603e-16,0.9999999999999999,True,2AlGaSe3-1,Al2Ga2Se6
0.001077618598974009,False,1.056153932215984,-0.0006233325655291749,False,1.0260462483206723,0.0,1.0,True,0.0,1.0,True,1HfK2H6S6-1,H6S6K2Hf
0.0007610484487684247,True,5.143101229725569,-0.0021498758773313975,False,28.943031804811696,0.0,1.0,True,0.012492219003752525,0.9875077809962475,True,1ClISSeGa2-1,SClGa2SeI
0.000490543974953442,False,3.3319143055565434,-4.7520510510977546e-05,False,1.0769894549939247,0.0,1.0,True,0.0,1.0,True,1AlISe-1,AlSeI
0.001076344271097609,False,1.0602347252423951,-0.040114387076505005,False,1.1335756655079032,1.5877390171500777e-16,1.0000000000000002,True,4.717200039081216e-10,0.99999999952828,True,2SrI2S2H4-1,H8S4Sr2I4
0.000275821635926904,False,1.019083982505858,-0.00018787977017790242,False,1.0023777231194027,0.0,1.0,True,0.0,1.0,True,2WCl3-2,Cl6W2
0.0008367021500889068,False,1.1925875006776414,-0.0007070683649809468,False,3.629800523969654,0.0,1.0,True,0.0,1.0,True,1CdCl2S2Sn2-1,S2Cl2CdSn2
1.0946831299098577e-05,False,1.0000646810676364,-5.901764609587986e-06,False,1.0000806507412823,1.1284118030386529e-16,1.0000000000000002,True,1.8977092818168006e-16,0.9999999999999998,True,1MoSe2-1,Se2Mo
0.00021401194273976996,False,1.1328809429146998,-0.0005845383750445239,False,1.9000228104241275,1.363013081168031e-16,0.9999999999999999,True,1.2367461280853295e-16,1.0000000000000002,True,4BrInSe-1,Se4Br4In4
0.0016971401687398914,False,1.0508625929753532,-0.0013983733681131641,False,1.0243191128154272,0.0010367995531900167,0.99896320044681,True,1.8105941494385108e-16,1.0000000000000002,True,1ZrK2H6S6-1,H6S6K2Zr
0.06465894482013594,True,3.1436704415779375,-0.001136802442675158,False,4.267346251648458,0.1389039685815687,1.1389039685815687,False,2.1083193269839104e-16,1.0000000000000002,True,4ClInTe-1,Cl4In4Te4
0.00019563835688601785,False,1.1699773207797612,-0.00036722836517147627,False,4.852124356495094,1.5035582986982348e-16,0.9999999999999999,True,0.0,1.0,True,2BrInS-1,S2Br2In2
1.7225919260028648e-05,False,1.0000067669824901,-0.00011769233704458298,False,1.0092996201438214,0.0,1.0,True,1.1525582064735115e-16,1.0000000000000002,True,2TlCl3-1,Cl6Tl2
0.0009882369637106017,False,1.2316382126195757,-0.004175928095652434,False,13.696247155769887,1.9755053493599784e-16,1.0000000000000002,True,0.08737950853310802,1.087379508533108,False,2CuFHgSe-1,F2Cu2Se2Hg2
0.00025043782778308573,True,2.4570542643377267,-4.0242511153281775e-05,False,3.341150671808507,0.0,1.0,True,1.298501803515169e-16,0.9999999999999999,True,2ClInTe-1,Cl2In2Te2
0.0004911838257935664,False,1.8430101337808766,-0.0033563740508455726,False,1.24017359931846,0.0,1.0,True,1.6994006006096523e-07,0.99999983005994,True,2NbI2S2-1,S4Nb2I4
2.7559874818261466e-05,False,2.1911818805709604,-5.024988819841957e-05,True,2.914551670696974,1.5739379203723535e-16,0.9999999999999999,True,0.0,1.0,True,2BrInSe-1,Se2Br2In2
0.006090959255575843,False,2.3016977467435167,-0.005079236706288798,False,2.1553097969105,0.007299381485278676,0.9927006185147214,True,0.002230534454859194,0.9977694655451408,True,2HTeLi3S4-1,H2Li6S8Te2
0.0015810226653879666,True,1.69683944298753,-0.00015025479918094384,False,2.7586433710855105,0.0031778505227706114,0.9968221494772294,True,1.3827856092335768e-16,0.9999999999999999,True,1AgGeTaCl2S4-1,S4Cl2GeAgTa
0.0022883669072898943,False,9.54221061138333,-0.001378306301263061,False,2.2303059150530187,0.004735919860507321,0.9952640801394926,True,0.0,1.0,True,2INb2S6-1,S12Nb4I2
4.282781687431988e-05,False,1.0039300305825671,-0.0056562212118353794,False,5.557127151178238,0.0,1.0,True,0.025512000602908234,1.0255120006029081,False,1PbI2-1,I2Pb
3.3013801516939685e-06,False,1.000106095925249,-3.14278294657846e-05,False,1.0545790433249356,0.0,1.0,True,1.318306338398368e-16,0.9999999999999999,True,2SZn-1,S2Zn2
0.008635388721737547,False,3.7732831717423494,-0.007845437049469661,True,2.7694590146619826,8.415655097741864e-06,0.9999915843449022,True,1.455688565513383e-06,0.9999985443114345,True,2HfSe5-1,Se10Hf2
0.005094517722050404,False,1.7112213490469537,-0.016288429154149534,False,1.3083327943780345,0.0007209159066040246,1.000720915906604,True,0.00866864013770706,1.008668640137707,True,1Al2S5-1,Al2S5
0.00027707057594360723,False,1.2680940320058711,-0.01727247627842727,False,1.0260483626275518,1.721102074234372e-16,0.9999999999999998,True,4.907903093981354e-08,0.999999950920969,True,2CaI2S2H4-1,H8S4Ca2I4
0.022806275865145085,True,50.41970562425446,-0.00311207327989487,False,9.703862350707999,0.36209616142886963,1.3620961614288696,False,0.09850732926874169,1.0985073292687417,False,1AlLiI4O12-1,LiO12AlI4
0.011637596115788003,False,3.5328743532875384,-0.008311251287763824,False,3.600454455659365,0.057792755087809206,1.0577927550878092,False,0.028921795630832567,1.0289217956308325,False,1AlKI4O12-1,O12AlKI4
0.001535138890029686,False,4.017473226086436,-0.006479179008562177,False,4.952710958791159,0.0020312175940162243,0.9979687824059837,True,0.027753157261089376,0.9722468427389106,False,2ClTa2Se6-1,Cl2Se12Ta4
0.0010760890820021808,False,4.57404119020732,-0.0010487430678688668,False,2.608877310880842,0.0,1.0,True,0.0,1.0,True,2BrNb2Se6-1,Se12Br2Nb4
0.0037786230138245054,False,8.753668802508072,-0.0002786391067727526,False,1.7896889559645384,0.01510768884848223,1.0151076888484822,True,0.0,1.0,True,2RhCl3-1,Cl6Rh2
9.440956696391036e-06,False,1.0063585735939151,-0.0002852454375605878,False,1.0114266451863254,0.0,1.0,True,0.0,1.0,True,1WMo3Se8-1,Se8Mo3W
0.002133712703906592,True,28.570719009197365,-0.0024701189895666074,False,1.3147492492700419,0.011149169532648889,1.0111491695326489,True,0.02534145786624068,1.0253414578662408,False,1BiClSe-1,ClSeBi
4.911702661679316e-07,False,1.0020724700755983,-3.709090965100575e-06,False,1.0006043480437279,0.0,1.0,True,0.0,1.0,True,2ClSi-1,Si2Cl2
0.000792813297796531,False,1.566437661994256,-0.00026916732474403863,False,2.3312276897505337,0.0,1.0,True,1.7608415292279857e-16,1.0000000000000002,True,4SeO2-1,O8Se4
0.017605926083434725,True,11.779982503630112,-0.004442749705643769,False,2.1764253160692246,0.11805258589465546,1.1180525858946555,False,0.05106305527789399,1.051063055277894,False,1AlNaI4O12-1,O12NaAlI4
1.851636054831897e-05,False,1.5907239006124507,-5.163463702594926e-05,False,1.0019685875860174,1.8048091770039336e-16,0.9999999999999998,True,0.0,1.0,True,1HfI2-1,I2Hf
0.0002652414555962669,False,2.2969610901500044,-0.00012559131857212125,True,1.9158597325683464,1.824761304627386e-16,1.0000000000000002,True,0.0,1.0,True,2SrS3H4-1,H8S6Sr2
1.8174455694288105e-07,False,1.0005445507073703,-6.059689176065267e-06,False,1.0004776605164702,1.2716288874455425e-16,1.0000000000000002,True,0.0,1.0,True,1CrS2-1,S2Cr
0.0009067595901440414,False,6.179308990840102,-0.00016966133713326213,True,3.3452241217613325,1.3637996347957532e-16,1.0000000000000002,True,0.0,1.0,True,4NaSbS2-1,Na4S8Sb4
9.847056131391391e-05,False,1.350225459027808,-4.545430806180627e-05,False,1.561993658559785,0.0,1.0,True,1.4998032403414276e-16,0.9999999999999999,True,2PZrSe3-2,P2Se6Zr2
0.00039291739596857824,False,25.97356749822788,-0.0015271800525233695,True,7.038395863754471,0.0,1.0,True,8.05144945255152e-05,0.9999194855054745,True,4LiSbS2-1,Li4S8Sb4
0.008736452203739906,False,1.4708919277077095,-0.0004756045870286899,False,1.0000534759506055,0.015534942247846253,1.0155349422478464,True,0.0,1.0,True,1TiI2-2,TiI2
0.0007025388212417378,True,2.2807360251220254,-0.0012648540539514314,False,2.0006192829645553,0.0,1.0,True,0.0,1.0,True,1AgScP2S6-1,P2S6ScAg
0.007676870095537773,True,4.397284685247237,-0.01380632237242688,False,1.601930894291478,0.0035902956093080154,0.996409704390692,True,0.0017665388847396006,1.0017665388847397,True,2NaTaI6-1,Na2I12Ta2
0.008329983818814312,False,4.504492060548992,-0.0002079708880250464,False,2.7331932516092103,0.02126160718102322,1.0212616071810232,False,1.181016232629583e-16,1.0000000000000002,True,1AlGaSe2-1,AlGaSe2
1.773587535211324e-05,False,1.0002082325813562,-0.0005780663367580324,False,3.8449372727956885,1.1928622512627733e-16,1.0000000000000002,True,0.0,1.0,True,2GaS-1,S2Ga2
0.00043506730696029933,True,47.6477190697063,-0.0010465864025532535,True,4.004627124217508,0.0,1.0,True,1.6489359060907179e-16,0.9999999999999999,True,1AlLiP2S6-1,LiAlP2S6
1.69285983801548e-05,False,1.0010956823382147,-0.00039599925741446687,False,1.014089625191527,0.0,1.0,True,0.0,1.0,True,1HfNa2H6S6-1,H6Na2S6Hf
0.0028044678989414293,False,2.117808785698199,-0.0008754070632037623,False,1.0754731591743607,0.045914776768362295,0.9540852232316377,False,0.0,1.0,True,4SiS2-1,Si4S8
0.0007164422916041475,True,91.44377007474951,-0.00020588171548358976,False,1.701721808198451,1.5069586720631225e-16,0.9999999999999999,True,1.3816534253423808e-16,1.0000000000000002,True,1BiClS-1,SClBi
0.0018199848399076631,False,7.974090435225963,-0.002761303115275893,False,2.2333423404237664,2.8882506142913408e-05,0.999971117493857,True,2.9408616137399602e-05,0.9999705913838626,True,2ITa2S6-1,S12I2Ta4
1.5224701044331905e-05,False,1.0021645689654792,-0.02837116329954535,False,4.106943740174865,0.0,1.0,True,0.3421297789184359,1.3421297789184359,False,2BrCd-1,Br2Cd2
0.0007419707633673318,False,1.0633761346539603,-0.0010825874868710492,True,5.478484819704014,0.0,1.0,True,1.2006690381686514e-16,1.0000000000000002,True,1ClISBr2Se3In4-1,SClSe3Br2In4I
7.702291070919995e-06,False,1.0015925539032304,-0.007655568606185706,False,3.41253653320066,0.0,1.0,True,0.01008990675765813,1.010089906757658,True,1MgH2S2-1,H2MgS2
0.001893548703792863,True,1.4234535445889207,-5.060586600197214e-05,False,3.6047396701867203,0.001581520740646134,0.9984184792593539,True,0.0,1.0,True,1Br2Se2Pb3-1,Se2Br2Pb3
0.0009110692920131222,False,1.05257940382179,-1.2505618513655233e-05,False,1.0164465921577641,2.1808956093549668e-16,0.9999999999999998,True,1.211060450185176e-16,1.0000000000000002,True,2MoWSe4-1,Se8Mo2W2
0.0008313730111123745,False,2.245632798455947,-0.0010132600908787787,False,4.0330690544570205,0.0,1.0,True,0.0,1.0,True,2BrGaS-2,S2Ga2Br2
7.597002923761956e-05,False,1.1418750295009181,-0.004340983468062122,True,14.634196765286875,0.0,1.0,True,0.059212082732746106,1.059212082732746,False,4Ga2S3-1,S12Ga8
0.033894119373247454,False,11.924652792470972,-0.0018546253083903598,False,3.945458512910252,0.0002462526523879405,0.999753747347612,True,0.000683874510048367,0.9993161254899516,True,1HfLi2H6S6-1,H6Li2S6Hf
0.001033938245654907,False,1.0770742714313069,-7.701015578107888e-05,False,2.2175473452451855,0.0,1.0,True,0.0,1.0,True,4KPS2-1,P4S8K4
0.009200429211234961,False,1.5073879612438015,-0.012814406050836046,False,3.0322076749686517,0.03604370195613426,0.9639562980438657,False,0.11645423127144829,1.1164542312714483,False,2CuFSe2-1,F2Cu2Se4
1.3452042750442676e-05,False,1.0058539876517707,-0.0010630556496816245,False,44.129328814348035,1.4553412190958412e-16,1.0000000000000002,True,1.6797809326340823e-16,0.9999999999999998,True,2AlGeS3-1,Al2S6Ge2
0.0022703138087238864,False,1.3341404011494826,-0.0012012111148108043,False,1.8956678126636575,0.004706227338397441,1.0047062273383975,True,0.0,1.0,True,4AsKS2-1,S8K4As4
0.00033837610570893617,False,1.156473092939147,-0.0008256670914418957,True,1.2676001278383129,0.0,1.0,True,1.4068522875175856e-16,0.9999999999999999,True,2AlInSe3-1,Al2Se6In2
0.01244437562188261,True,1.2206758443878605,-0.010464668097481063,False,8.727555630123316,0.02596568465283744,0.9740343153471626,False,0.07960585823911645,1.0796058582391164,False,2NaNbI6-1,Na2Nb2I12
0.024265876065718017,False,2.849422562130893,-0.0005031536524798309,False,6.303367195202727,0.00429610176133409,0.9957038982386659,True,0.0,1.0,True,2CaS3H4-1,H8S6Ca2
0.00020244415851003675,False,1.5526263292304916,-8.254486055531539e-05,False,1.7934931557417235,0.0,1.0,True,0.0,1.0,True,2HfPSe3-2,P2Se6Hf2
0.0004834836955935278,False,10.22391804738313,-0.00028927900227824664,False,2.8571613998763183,1.8831318674195877e-16,1.0000000000000002,True,1.3908622912186528e-16,0.9999999999999999,True,2PdSeO3-1,O6Se2Pd2
0.04604591788261422,True,5.056091324939773,-0.009029074456188635,False,1.4788189570502446,0.007756631890632806,0.9922433681093672,True,0.015439554556917994,1.015439554556918,True,2LiTaI6-1,Li2I12Ta2
0.00134247011383226,False,1.582510611631088,-0.006378518355044218,False,1.6374550093264766,1.5221064422836e-16,0.9999999999999999,True,0.018993515036240992,0.981006484963759,True,1SSeBi2Cl2-1,SCl2SeBi2
0.00015490995586828432,False,32.74229726780436,-0.00022585950651563707,False,7.326339644110688,0.0,1.0,True,1.116329567448584e-16,0.9999999999999999,True,1AlNaP2S6-1,NaAlP2S6
0.0007903545605639352,False,2.036561122665441,-0.006747957149119232,False,1.2297117674134281,1.2043531168878075e-16,1.0000000000000002,True,0.014929578421503617,0.9850704215784963,True,1CrMo3Se8-1,CrSe8Mo3
0.0022542222741926705,False,1.4399577432934554,-0.015046488281794376,False,1.6253657936686596,0.0035961701634715025,0.9964038298365285,True,0.04722903122414212,0.9527709687758579,False,2BrOTl-1,O2Br2Tl2
0.0019351436888330575,False,2.9773356269780034,-0.0006583183025863942,False,1.0701073093152098,0.0003181306830770259,0.9996818693169229,True,0.0,1.0,True,1BrISCd2-1,SBrCd2I
0.033615115944257486,False,2.3013447635924695,-0.002689240984325355,False,16.995619324184982,0.10434116571719491,1.1043411657171949,False,0.08494529074581036,1.0849452907458104,False,2GaInS3-1,S6Ga2In2
0.016015332852334526,False,1.6089882491901288,-0.0001653409720302762,False,2.195528969192038,0.009635874231568182,1.009635874231568,True,0.0,1.0,True,2HSeLi3S4-1,H2Li6S8Se2
0.0018359130888945504,False,3.9049318062029448,-0.0010116295957906276,False,4.21423634970806,0.0006747089942359107,0.9993252910057641,True,0.0,1.0,True,2BrTa2Se6-1,Se12Br2Ta4
0.0007529944162993249,False,2.8343959729776746,-0.0052318282122272115,False,1.3696305068213948,0.0,1.0,True,0.03237684233544618,0.9676231576645539,False,2HTeNa3S4-1,H2Na6S8Te2
0.0014482963267841496,False,3.386534463963473,-0.006370873019021411,False,1.2204018529637495,0.0,1.0,True,1.954003655072564e-05,0.9999804599634493,True,2TaI2S2-1,S4I4Ta2
0.0011206029745338545,False,1.0585252021019134,-2.710709278476626e-05,False,1.0017008964698355,0.0,1.0,True,1.2503739450756853e-16,1.0000000000000002,True,2AlI3-1,Al2I6
0.010671276417859086,False,7.6313316572851875,-0.005057599077321014,False,1.1030131975704631,0.001492007354285619,0.9985079926457143,True,4.41658704004208e-08,0.9999999558341296,True,2ClRe3S4-1,S8Cl2Re6
0.0015173183291748138,True,1.2398048243025976,-0.0027161386762040015,True,1.0661685757240613,0.001237122240669619,1.0012371222406695,True,0.0037387685417555644,1.0037387685417556,True,2LiNbI6-1,Li2Nb2I12
0.0002521700127696812,False,3.3766392508749097,-0.0019899639724534246,True,1.0172522191106634,1.7608258005052314e-16,1.0000000000000002,True,2.9731161466430685e-08,0.9999999702688386,True,2ClRhS-1,S2Cl2Rh2
0.006478520389734796,False,245.25585879474656,-0.00022839136019124544,False,21.186568163079205,0.7266827499468346,1.7266827499468347,False,1.1703497428183966e-16,1.0000000000000002,True,1CdI2-1,CdI2
0.006836785304981541,False,1.539118579717553,-0.0007670010221671995,False,2.7683511043697107,0.04556761991109833,1.0455676199110984,False,0.0,1.0,True,1CdBr2S2Sn2-1,S2Br2CdSn2
0.00029002375971020787,False,1.3796624700709825,-0.00012051372856226608,False,2.1749361830377567,1.7506559913051609e-16,0.9999999999999998,True,0.0,1.0,True,2HLi3S5-1,H2Li6S10
0.1288753022405277,True,7.391060841942745,-0.003346318917458387,False,1.7026616190389223,0.3001279671136205,1.3001279671136206,False,0.027550461409799026,0.972449538590201,False,4OBi2S2-1,O4S8Bi8
1.2068658530909174e-05,False,1.0008138391264914,-2.4515422462554094e-05,False,1.0007022592694863,0.0,1.0,True,1.4124038899918132e-16,0.9999999999999999,True,1MoW3Se8-1,Se8MoW3
0.01336346263737461,False,1.671410075565113,-0.001568482798138428,False,13.781714408896057,0.027441628435343007,1.027441628435343,False,0.09200536249868613,1.092005362498686,False,4OBi2Se2-1,O4Se8Bi8
0.0050799788708067485,False,2.32577735406655,-0.003624758984619475,False,2.1302893708347703,7.36702146822201e-05,0.9999263297853178,True,1.0027986491234595e-08,0.9999999899720136,True,4OS2Sb2-1,O4S8Sb8
0.0002858036835005313,False,1.0000032722656627,-0.0017741479776742818,True,4.498027884537581,0.0,1.0,True,0.023668314734350566,1.0236683147343506,False,1HgCl2-2,Cl2Hg
0.0023924873214666957,False,5.620980294497293,-0.0014274135473686111,False,1.6996680794179266,0.00013113309730121913,0.9998688669026988,True,0.0,1.0,True,2INb2Se6-1,Se12Nb4I2
0.0002814344711933121,False,2.918185656839251,-0.000608069720654469,False,5.328950791362715,1.2011226231052617e-16,1.0000000000000002,True,1.8866443345624763e-16,0.9999999999999998,True,2SrP2S6-1,P4S12Sr2
2.5173175062652465e-06,False,1.0011491246059054,-1.5330817488871007e-05,False,1.008990595316148,1.4148692604051386e-16,1.0000000000000002,True,1.4099239684387693e-16,0.9999999999999999,True,1CdGa2S4-1,S4Ga2Cd
0.0034611768257058373,False,1.537064831480618,-0.0025529976428773616,False,9.054569991948481,0.017152721497146844,0.9828472785028531,True,0.02296346624055266,1.0229634662405527,False,2Ga2S3-1,S6Ga4
0.03954869682724132,False,6.4016835008670885,-0.0017858137535276182,False,4.260246114961711,1.4660474385269514e-05,0.9999853395256147,True,6.829668191043728e-05,0.9999317033180896,True,2PbI2-2,I4Pb2
0.001377946723427053,False,1.1326379762072891,-0.00011372810708987095,False,1.3004993146057748,0.0,1.0,True,0.0,1.0,True,1GeSZnBr2-1,SZnGeBr2
5.892345048592799e-05,False,1.0002187206201956,-0.01141442106891191,False,1.6045094337165242,0.0,1.0,True,0.23632207520378637,1.2363220752037865,False,2MgPSe3-1,Mg2P2Se6
5.434145348113009e-05,False,2.5410214187422704,-0.0003079516782973648,True,1.1233841558197684,0.0,1.0,True,0.0,1.0,True,4LiPS2-1,Li4P4S8
0.0019432581357540584,False,1.5091216867122792,-0.006200157854375528,True,3.6722136636260343,0.004313618126035758,1.0043136181260357,True,0.02738142910812806,0.972618570891872,False,2CClCuO-1,C2O2Cl2Cu2
0.01167355191769162,False,1.3178201357800987,-0.0009647122932610458,True,23.46444532610495,1.9141825959720796e-05,0.9999808581740403,True,1.374906883924298e-16,0.9999999999999999,True,1ZnI2-1,ZnI2
0.00029599482716061946,False,3.114986280466069,-0.0028568776508133328,True,3.0424695967816,0.0,1.0,True,0.07263835899133897,1.072638358991339,False,2ClRhSe-1,Cl2Se2Rh2
4.653100303070946e-06,False,1.0004244700969285,-4.122374771598015e-06,False,1.0074237457376938,1.8369200140912172e-16,0.9999999999999998,True,0.0,1.0,True,2SeZn-1,Zn2Se2
0.00034008963383603044,False,5.839841347443536,-0.00014852870979150626,False,2.8341473230197094,0.0,1.0,True,0.0,1.0,True,4AsLiS2-1,Li4S8As4
9.893776063629914e-05,False,1.104467890567631,-0.010328187113485614,False,1.7806901086356983,0.0,1.0,True,0.009251313442228709,0.9907486865577713,True,4BrCd-1,Br4Cd4
0.0008431249652246232,True,3.697190184564309,-9.313304719098906e-05,True,3.2528305810049796,0.0,1.0,True,0.0,1.0,True,2BrGaTe-1,Ga2Br2Te2
0.017495624399658995,False,5.248545095113706,-0.004957835631564306,False,2.759143429381988,0.08748712725246603,1.087487127252466,False,0.0046100848204149916,0.995389915179585,True,4BrGaTe-1,Ga4Br4Te4
2.4451012474180714e-07,False,1.0012902155804415,-2.5923143579756897e-07,False,1.018925730360026,1.6879490438023942e-16,0.9999999999999998,True,0.0,1.0,True,1Al2Mg2Te5-1,Mg2Al2Te5
0.007603224105976031,False,9.708880330626398,-0.008485729184390212,True,1.649292451583617,0.0006958341392972892,0.9993041658607027,True,4.775458034968938e-07,0.9999995224541965,True,1AuInCl2S2-1,S2Cl2InAu
0.001961990688558,False,2.658190606823012,-0.006707544256599908,False,1.435831788244125,2.114547501763078e-06,0.9999978854524982,True,1.2679915895826416e-07,0.999999873200841,True,2NbI2Se2-1,Se4Nb2I4
8.207678426434388e-06,False,1.000599172707083,-5.548699786107874e-05,False,1.330787716602334,0.0,1.0,True,0.0,1.0,True,2BrZn-1,Zn2Br2
0.013835315545451579,False,3.172561869252784,-0.0044419030305833905,False,16.694933189060322,0.0037651871524174148,1.0037651871524174,True,0.17331045550309837,1.1733104555030984,False,4OSb2Se2-1,O4Se8Sb8
0.022053028651502406,False,1.1013506971595242,-8.919815235802353e-05,False,1.2763840856378594,2.032068024238295e-06,0.9999979679319757,True,0.0,1.0,True,2ITl-1,I2Tl2
0.00024326859648844107,False,1.0064411666123707,-0.00035518683980424124,False,2.4052774226005167,0.0,1.0,True,1.5438411884167106e-16,1.0000000000000002,True,2GaSe-1,Ga2Se2
0.01734045946777684,True,2.8246625872183464,-0.0005547445413767638,False,1.6029970686330317,2.549156918897702e-12,0.9999999999974508,True,0.0,1.0,True,1HgBr2Pb2S2-1,S2Br2HgPb2
0.00988581126693005,True,138.29042451594847,-0.0002186191447383726,False,1.0729343815914325,0.014297346777105974,0.9857026532228941,True,0.0,1.0,True,1BiClTe-1,ClTeBi
0.0004928723162254322,False,2.0203046649679415,-0.0015247781086387606,False,2.319098300825748,0.0,1.0,True,1.8079348965789044e-11,0.9999999999819207,True,4GaIS-1,S4Ga4I4
0.10241958735085693,True,1.0188639901930387,-0.00067861465962273,False,2.2618513595547176,4.518268983624097e-08,0.9999999548173102,True,0.0,1.0,True,4BrInTe-1,Br4In4Te4
2.81820113785349e-05,False,1.0156217232373284,-9.087564942009309e-05,False,1.0126061401309914,0.0,1.0,True,0.0,1.0,True,1WSe2-1,Se2W
0.06389670839165144,False,3.355582526971447,-0.0001931355538209261,True,2.04491843823453,0.022320059092708313,1.0223200590927084,False,1.2131301726810156e-16,1.0000000000000002,True,1SI2Pb2-1,SI2Pb2
0.0001959831332816954,False,2.8567145095478876,-0.0022148285504198914,True,2.2764273687223966,1.12647800912693e-16,1.0000000000000002,True,0.040980651106065406,1.0409806511060653,False,2ClRhTe-1,Cl2Rh2Te2
0.00025106202613409465,False,1.0010222993333653,-0.000523257235032888,False,1.006104974300525,1.2232131566149275e-16,1.0000000000000002,True,2.1381366590363294e-16,1.0000000000000002,True,2HNaSe-1,H2Na2Se2
7.237896891205743e-06,False,1.0001553117066815,-0.0009356351878045473,True,13.998695349653573,2.0293415337249438e-16,1.0000000000000002,True,1.2017153268596403e-16,1.0000000000000002,True,2InSiS3-1,Si2S6In2
0.0004196821219589955,False,1.1884983975329746,-0.005807663217974454,False,3.5921500959670336,0.0,1.0,True,3.364966280972511e-06,0.999996635033719,True,4Ga2Se3-1,Ga8Se12
1.2801985681912132e-05,True,2.281741102086866,-1.176946741784371e-05,True,2.6987146830764748,0.0,1.0,True,2.737605681960748e-16,1.0000000000000002,True,2BrInTe-1,Br2In2Te2
1.1807724353163287e-06,False,1.0018006241055815,-8.552531619638717e-05,True,1.0080825483988862,0.0,1.0,True,1.2349854652879915e-16,1.0000000000000002,True,1CdGaInS4-1,S4GaCdIn
0.003628298615733876,False,1.3963781839667129,-1.1423543401633057e-06,False,1.0296673723584744,0.007316284676164407,0.9926837153238356,True,0.0,1.0,True,2AlSSi-1,Al2Si2S2
0.0008774630802794329,False,2.9304084347020156,-0.0007011545485233196,False,7.132293568267888,1.1454826641457132e-16,1.0000000000000002,True,0.0,1.0,True,2PtSeO3-1,O6Se2Pt2
0.015406808501837609,False,59.43132505326918,-7.277409170726199e-05,False,1.0047105896999393,0.03449148657432763,1.0344914865743275,False,0.0,1.0,True,1CdClHS-1,HSClCd
0.0006579884925629245,False,4.530774992522672,-0.002514682440460679,False,6.189690196992012,0.0,1.0,True,0.024236357426068052,1.024236357426068,False,2CaP2S6-1,P4S12Ca2
0.001573453508498979,True,18.341843275039015,-0.012942032954133811,False,4.743307451210104,0.3901663540259799,1.3901663540259799,False,0.019179574933764258,1.0191795749337642,True,4AuClFS-1,F4S4Cl4Au4
9.718791552345583e-06,False,1.0010096603583085,-0.0002280793839941172,False,5.271180437131469,1.128200191277878e-16,0.9999999999999999,True,0.0,1.0,True,1GaInS2-1,S2GaIn
0.0008377181122054695,False,1.412503340212454,-0.004408559447573134,False,12.924811443098807,0.0,1.0,True,0.000455197810901302,0.9995448021890987,True,1FeAl2Se4-1,Al2FeSe4
0.00021420980840278033,False,1.946964437736198,-0.0002921847756861195,True,1.911582943116574,1.2081854028277101e-16,1.0000000000000002,True,0.0,1.0,True,1SnZnCl2I4-1,Cl2ZnSnI4
0.00022596502347325392,True,58.46202752770906,-0.00018732539737170793,False,1.0446652428088619,1.2591880457824092e-16,0.9999999999999999,True,0.0,1.0,True,1BiBrSe-1,SeBrBi
3.2598116162738135e-06,False,1.0008672077257883,-0.00022367800340573066,False,25.86781469597501,0.0,1.0,True,1.1704506807320243e-16,1.0000000000000002,True,1CdIn2S4-1,S4CdIn2
0.003900175236440469,False,1.679903885364383,-0.001995767841975229,False,15.417640534324683,0.015213974401658106,1.0152139744016582,True,0.002300723558203088,0.9976992764417969,True,2TeCu2O6-1,O12Cu4Te2
0.019180507716211097,False,14.326308392114326,-0.003717336825489199,False,2.0051966628385145,0.00022287037961428192,0.9997771296203857,True,2.6354697049523362e-05,0.9999736453029505,True,2BrRe3S4-1,S8Br2Re6
0.0002939972463063006,False,4.3286003884191375,-0.0009296399459321574,False,5.361918088184004,1.173944986955839e-16,1.0000000000000002,True,0.0,1.0,True,1NiRuTa2Se6-1,NiSe6RuTa2
0.005421100011244421,False,1.4916200622470122,-0.0010845479454660084,True,1.300079188597639,0.01056298618615348,1.0105629861861536,True,1.1380702026581251e-16,0.9999999999999999,True,2CdClCuS-1,S2Cl2Cu2Cd2
9.770622732145424e-05,False,1.3039771551472437,-0.003006260908734734,False,5.35702184660971,1.221935018142616e-16,0.9999999999999999,True,0.005492338432131213,0.9945076615678687,True,2BrCdS-1,S2Br2Cd2
0.000197502112597228,False,1.039573174062585,-0.000411828827315924,False,2.5358310181376487,0.0,1.0,True,2.495225491952899e-16,0.9999999999999998,True,2In2S3-1,S6In4
1.7014860587801718e-05,False,1.000048535309573,-0.00020792468616815318,False,1.0000186149203456,0.0,1.0,True,1.5358677524172457e-16,0.9999999999999999,True,2AsMgS3-1,Mg2S6As2
0.0019813036094976843,False,9.21086133110627,-0.0014409493619628186,False,3.6182517174881443,0.00016745726488606827,0.9998325427351139,True,0.0,1.0,True,2ITa2Se6-1,Se12I2Ta4
0.0019284862279113925,False,1.5516949405237352,-0.001457070630319476,False,1.5787324245965433,6.610360764546107e-13,0.999999999999339,True,1.1516106740166867e-16,1.0000000000000002,True,4GaISe-1,Ga4Se4I4
0.005176713902577934,False,2.567055526166046,-0.003265331423383447,False,92.48961754610067,0.008408819072968353,0.9915911809270317,True,0.19344659018251234,1.1934465901825124,False,1FeGa2S4-1,S4FeGa2
0.00822240818005465,False,1.8451606033597114,-0.0006076383612682369,False,1.1754667829260077,0.020321421152969546,1.0203214211529696,False,1.6561390131175268e-16,1.0000000000000002,True,4AlITe-1,Al4Te4I4
7.834504618474071e-05,False,14.894828061105548,-0.00017759074271062687,True,3.296174798280152,1.9733442389960322e-16,0.9999999999999998,True,0.0,1.0,True,2AlITe-1,Al2Te2I2
4.3948768598652544e-05,False,5.830969607362379,-0.0009196124764447767,False,2.1457711058830977,0.0,1.0,True,1.4573134470257985e-16,0.9999999999999999,True,2AgFSe2-1,F2Se4Ag2
0.00033462194542661217,False,1.0001300963446162,-0.001797734392214249,False,1.1368015817735246,0.0,1.0,True,0.005356702349230833,1.005356702349231,True,1CrSSe-1,SCrSe
0.009204047960470479,False,1.5948924624893455,-0.005329849508365703,False,1.5398049425893896,0.0877332383493771,1.0877332383493772,False,0.02539623379959611,0.9746037662004039,False,1BrClS4I6In8-1,S4ClBrIn8I6
0.02368674304253303,False,5.3624083433925005,-0.001839349271149621,False,6.215611005666044,0.19798843598965077,0.8020115640103492,False,9.120655735557068e-16,0.9999999999999991,True,2GaISe-1,Ga2Se2I2
0.0004586690310959508,False,1.4612200583328692,-0.01579746192898881,False,6.264942002037348,0.0,1.0,True,0.031698432303135585,1.0316984323031355,False,4IInS-1,S4In4I4
5.98234781822037e-05,True,1.0079975638666456,-6.042619015532403e-05,True,1.2755389444009952,2.026498577487862e-16,1.0000000000000002,True,1.4878095561061515e-16,1.0000000000000002,True,2BrGa-1,Ga2Br2
0.002156909276132295,False,3.87535496213314,-0.00027324082169661115,False,4.8732058753369,0.00583868555165013,0.9941613144483499,True,1.2383795438271824e-16,1.0000000000000002,True,1SiS2-2,SiS2
0.001671647026588104,False,1.2431646823430145,-0.01230247633165102,False,1.635795463608029,1.2923929732623024e-09,0.999999998707607,True,1.4120509753665817e-07,0.9999998587949025,True,4IInSe-1,Se4In4I4
0.041018659699041504,False,1.8426382452978118,-0.035695033338072224,False,2.967127353124243,2.106060990493073e-05,0.9999789393900951,True,2.020576063325603e-05,0.9999797942393668,True,4PPtS-1,P4S4Pt4
0.010179133880750361,True,46.644143385000405,-0.00016402165413744162,False,1.076971777983979,0.047975895392699676,1.0479758953926996,False,0.0,1.0,True,1BiBrS-1,SBrBi
3.774874638961954e-07,False,1.0013810897982673,-1.876853365744451e-06,False,1.0052760291964693,0.0,1.0,True,0.0,1.0,True,1In2Mg2Te5-1,Mg2In2Te5
0.010284629547966112,True,13.3205253088262,-0.002224956234598497,False,1.0536464871333557,0.003161242120085805,0.9968387578799142,True,0.006113462276240914,0.9938865377237591,True,1STa3I7-1,SI7Ta3
0.001311525576709081,False,1.6931081414269742,-0.0011818786868634536,False,1.0078886036780044,0.0,1.0,True,1.229896491679189e-16,1.0000000000000002,True,1CrW3Se8-1,CrSe8W3
6.120308982998535e-05,False,1.0013442507872086,-0.0001838725884290543,False,5.524976917751627,0.0,1.0,True,0.0,1.0,True,2InS-1,S2In2
0.004712475381416625,True,2.8327606323056616,-0.0025255941795133355,False,1.177749773382792,0.030010965650988992,1.030010965650989,False,0.017381075857579278,1.0173810758575792,True,2AgFS2-1,F2S4Ag2
0.011893653133368178,True,5.700236431837609,-0.0009748757443904736,True,1.713210495356759,0.14902162540193056,1.1490216254019305,False,2.0362138831886167e-16,1.0000000000000002,True,2SnZrTe4-1,Zr2Sn2Te8
0.019573093191726683,False,4.54825663055236,-0.001527105444672667,True,47.356982760283714,0.0860093755232277,1.0860093755232276,False,0.20938984103694017,1.2093898410369401,False,1PtO2-1,O2Pt
0.00017912634234047757,False,2.9568375079957017,-0.00010714394454765343,False,43.70651148627209,0.0,1.0,True,1.4007448798540838e-16,0.9999999999999999,True,2IInS-1,S2In2I2
0.011332825692433945,False,4.065826991947125,-0.003083569585122094,False,2.4369573194619774,0.0010802694724068528,0.9989197305275932,True,0.00019515042584583936,0.9998048495741542,True,1InLiI4O12-1,LiO12InI4
1.6917070393695248e-05,False,1.0002163890878184,-0.0012170213986797175,False,6.594124914698318,0.0,1.0,True,0.0,1.0,True,2AlGeSe3-1,Al2Ge2Se6
0.0001644704979084964,False,2.675997560096416,-9.562352727628345e-06,False,5.020242512009675,0.0,1.0,True,0.0,1.0,True,2IInSe-1,Se2In2I2
0.003124474952771633,False,2.8914456001163678,-0.003996938898917983,False,1.821637455876072,0.00700508678260714,0.9929949132173929,True,0.004968297984032727,0.9950317020159672,True,1CH2Sc2-1,H2CSc2
0.0013379668847094902,False,1.3059302168003344,-0.014953453791511973,False,3.1934764033601764,1.2565179252026675e-16,0.9999999999999999,True,0.05895065843598147,0.9410493415640185,False,2CdClCuSe-1,Cl2Cu2Se2Cd2
7.881195066653002e-08,False,1.0013313271234139,-1.2564050065175696e-07,False,1.0118725810833524,0.0,1.0,True,0.0,1.0,True,1MgAl2Te4-1,MgAl2Te4
0.0001314867848985005,True,40.696615144209126,-0.01323742240565284,False,1.7952642151961684,1.6560573893806653e-16,1.0000000000000002,True,0.015924931179302177,1.0159249311793022,True,1InLiP2S6-1,LiP2S6In
1.934547459011516e-06,False,1.0015613718801357,-0.0008988348406588718,False,1.7668415708582812,0.0,1.0,True,0.0,1.0,True,1SnI2-1,SnI2
0.0001289752072913487,False,1.003558108811204,-0.02003152648986897,False,4.426285458555227,1.4127091559572215e-16,0.9999999999999999,True,0.055451981194794026,1.055451981194794,False,2InSe-1,Se2In2
0.005379945144684595,True,36.96191939460081,-0.0002684812071404749,False,1.0858332134536417,0.010184761421819288,0.9898152385781808,True,1.118536904550789e-16,0.9999999999999999,True,1ClSbSe-1,ClSeSb
0.013364477231543945,True,5.064577799836917,-0.010383913782710759,False,3.2981070306550806,0.0013600301737567563,0.9986399698262433,True,0.0007062984095827703,0.9992937015904172,True,4AuBrFS-1,F4S4Br4Au4
0.003789084156772016,False,3.0278731374694576,-0.003132151620826717,False,1.4261951140533242,2.9841938380447602e-06,0.999997015806162,True,3.371300494266597e-06,0.9999966286995058,True,2TaI2Se2-1,Se4I4Ta2
0.00021476644039601693,False,1.0023041093151652,-1.666333073715905e-05,False,1.002308999634741,1.7572588416710374e-16,0.9999999999999998,True,3.346820152234934e-16,1.0000000000000004,True,1STa2Te2-1,STe2Ta2
4.5389564382902475e-06,False,1.000888204941055,-0.0019146337179061829,False,1.4989806448918632,0.0,1.0,True,0.00010673242217396562,0.999893267577826,True,2CdS-1,S2Cd2
0.00018956225198207927,False,34.90076883150628,-0.0007490839791284702,False,62.151175607852295,0.0,1.0,True,0.0,1.0,True,1GaRhIr2Br4S4-1,S4GaBr4RhIr2
0.002575574661669519,False,1.2251199852405654,-0.017678714953215047,False,9.680906027585252,0.02325970978068655,1.0232597097806866,False,0.17961523152162975,0.8203847684783703,False,2AgCdClSe-1,Cl2Se2Ag2Cd2
0.007257514477728273,False,1.5312482318618106,-0.03461432791651274,False,40.77898150948057,0.011276569709079505,1.0112765697090795,True,1.2883990168770028,2.288399016877003,False,2In2Se3-1,Se6In4
0.020939961120392,False,5.476989788030727,-0.02026112419549832,False,2.2058125881589374,0.027781278637767318,1.0277812786377674,False,0.003445567580641534,0.9965544324193585,True,1HgBr2-1,Br2Hg
0.0041197540459700765,False,1.5930733075464454,-0.007179650387636873,False,1.3961258991621934,0.0035932300042798137,1.0035932300042798,True,0.01951243982174801,0.980487560178252,True,4AgClHO-1,H4O4Cl4Ag4
9.626693894897295e-05,False,17.137151793551205,-0.0019778542828826147,True,2.3787364114978344,1.295430634422665e-16,1.0000000000000002,True,0.011714865304383254,1.0117148653043833,True,1GaLiP2S6-1,LiP2S6Ga
0.0007126080179756602,False,34.56106384683969,-0.0018146723045529673,True,3.855589487575962,1.2103137671160873e-16,1.0000000000000002,True,0.010364416992450453,1.0103644169924504,True,1InNaP2S6-1,NaP2S6In
0.0013972529838642206,False,2.3682015059446884,-0.0003405971267499927,False,2.673060642513977,0.0,1.0,True,0.0,1.0,True,2AlPSeS2-1,Al2P2S4Se2
0.00024781298583518354,False,1.5046714063761193,-0.00032689205203925416,False,12.92921187952846,1.243475221196332e-16,1.0000000000000002,True,1.3123476629731777e-16,1.0000000000000002,True,2Ga2Se3-1,Ga4Se6
1.2396657188722608e-05,False,1.0053609440397666,-0.022871486715327797,False,4.376210341229005,1.1344430988792997e-16,0.9999999999999999,True,0.20657778849759775,1.2065777884975977,False,2ClHg-1,Cl2Hg2
0.002537423095445126,False,1.8267966158127225,-0.0016549865501175364,False,1.0978491469891427,0.003098450962459446,1.0030984509624594,True,0.00015353298442216494,0.9998464670155779,True,2CrWSe4-1,Cr2Se8W2
0.00030874036123211063,False,3.7902740229150513,-0.0002287614928470339,False,4.500390137148916,1.2149786605121912e-16,0.9999999999999999,True,0.0,1.0,True,1AgGaCl2Br4-1,Cl2GaBr4Ag
0.08279941338278407,True,2.702773704855123,-0.014079884755500763,False,1.7794090414478672,6.186731547816979e-06,0.9999938132684522,True,1.120125282083323e-05,0.9999887987471792,True,2IRe3S4-1,S8I2Re6
0.0021589963626938474,False,3.5042759035718962,-0.001202517207598161,True,2.4164727154434233,0.008300207865865047,1.008300207865865,True,0.0,1.0,True,2BrRhS-2,S2Br2Rh2
0.03430474151815184,False,3.4464985152741727,-0.0027169251582084787,False,4.042863399459218,0.18576804256445995,1.18576804256446,False,0.010383990924241686,1.0103839909242416,True,1GaNaI4O12-1,O12NaGaI4
0.0003286310242821075,True,4.6705578872830396,-0.03592531097307124,False,21.784664362363593,0.0,1.0,True,0.3092843122483638,0.6907156877516363,False,2GeZrTe4-1,Ge2Zr2Te8
0.0009916468470866735,False,1.0261787246304113,-0.0060682736637517895,False,1.8741283975076972,0.0,1.0,True,0.00407774289744433,0.9959222571025557,True,1FeHfI6-1,FeI6Hf
6.132102588326963e-06,False,1.0008588212224845,-1.4776186881077062e-05,False,1.0375787514743833,0.0,1.0,True,1.7608902066884316e-16,1.0000000000000002,True,2CdSe-1,Se2Cd2
0.004565535857786892,False,1.5114098255941388,-0.003719106977461389,False,1.4934120569460034,0.011251066909752392,1.0112510669097523,True,0.008610364072027357,1.0086103640720274,True,2NbPS3-2,P2S6Nb2
0.0003222823951182186,False,3.125993730453087,-0.0020359911891242926,True,4.604559868805508,0.0,1.0,True,3.7950922248544495e-10,0.9999999996204908,True,2BrRhSe-1,Se2Br2Rh2
0.00045742896328656424,False,1.0008874158945402,-0.00037526500761922145,False,8.323407695567827,0.0,1.0,True,0.0,1.0,True,2AlAsS3-1,Al2S6As2
0.00037648705942980656,False,1.6599079557397316,-0.001852879654598219,False,3.11259373946413,1.4439481350787003e-16,1.0000000000000002,True,0.01814117947042017,1.0181411794704203,True,2SiNb2Te4-1,Si2Nb4Te8
0.0018603811141736154,False,2.6311880380212385,-0.0013336617952076052,False,17.120762598011222,0.006159819286121149,1.0061598192861212,True,2.078145980497501e-16,1.0000000000000002,True,1CdGeSSeBr2-1,SGeSeBr2Cd
0.0017946529554921727,True,4.63593756622894,-0.0007396064122760317,False,5.775164648048066,0.009440114196020115,1.00944011419602,True,0.0,1.0,True,1GeZnBr2Se2-1,ZnGeSe2Br2
0.00014748802253081378,False,1.0760957824035857,-0.009584049438979928,True,10.10873129029559,0.0,1.0,True,0.0019152531307501791,0.9980847468692499,True,4In2S3-1,S12In8
0.03381889529310299,False,3.8990582984411772,-0.002216371411768898,False,38.35022285944805,0.12307974671202661,1.1230797467120266,False,0.1047104919090243,1.1047104919090243,False,1InNaI4O12-1,O12NaInI4
2.690355888358554e-06,False,1.0000329547073465,-1.0228912898502864e-05,False,1.0010438103533512,0.0,1.0,True,0.0,1.0,True,2TlBr3-1,Br6Tl2
0.0002768900317339173,False,1.390004369090011,-0.007962299248533235,False,3.998401793151623,0.0,1.0,True,3.827949841933576e-06,0.9999961720501581,True,4In2Se3-1,Se12In8
0.0003209275735003683,False,1.5033656678350547,-0.002909647472484285,False,1.4993572693981119,0.0,1.0,True,0.022212474312608543,1.0222124743126086,False,2PbS-1,S2Pb2
0.0019993793601666967,False,3.1891011615054383,-1.876338610521528e-05,False,1.0040972979212137,0.01754370331123467,1.0175437033112347,True,1.4784725372435606e-16,1.0000000000000002,True,2InI3-1,In2I6
0.00023204065210617397,False,2.9495455490847604,-0.0004725658329624888,True,2.894294052992751,0.0,1.0,True,0.0,1.0,True,2BrRhTe-1,Br2Rh2Te2
1.4060251927046704e-05,False,1.0001439440393451,-9.392529076752588e-05,False,1.0007769757555411,1.3710844805375665e-16,0.9999999999999999,True,0.0,1.0,True,2AsMgSe3-1,Mg2As2Se6
6.638016030963674e-05,False,23.20619601559784,-0.00018149226741664577,True,7.9588857244303775,0.0,1.0,True,0.0,1.0,True,1GaNaP2S6-1,NaP2S6Ga
0.0028264106965658698,True,4.0081796146966555,-0.000323764792828363,True,1.5602241382570061,0.008109173637633471,1.0081091736376335,True,1.8820980758198012e-16,1.0000000000000002,True,1ClIGa2-1,ClGa2I
0.0005983453838296757,False,1.929766575257131,-0.00021752572134776932,False,1.7906459189575468,1.3928565722105334e-16,0.9999999999999999,True,0.0,1.0,True,2PbSe-1,Se2Pb2
1.1972213775759027e-06,False,1.3229338900597991,-0.004040113796743894,True,2.4149758791105995,1.150133261957367e-16,1.0000000000000002,True,0.009822781917464609,0.9901772180825353,True,2BrCdCuS-1,S2Cu2Br2Cd2
0.05811298842308897,False,3.9849020179589845,-0.001409132484246221,False,13.172023552565822,0.09652577603151154,1.0965257760315115,False,1.3032090396977677e-16,0.9999999999999999,True,4AuFO-1,O4F4Au4
0.0036863215513267987,False,1.251478287815415,-0.0012487021730205469,False,2.616507243749896,0.02099129107723232,1.0209912910772323,False,1.3585347375659487e-16,1.0000000000000002,True,1CdI2S2Sn2-1,S2CdSn2I2
0.00011026603082742287,True,124.30131323590814,-0.000378624415113632,False,2.1541295990394844,0.0,1.0,True,0.0,1.0,True,1BiBrTe-1,BrTeBi
0.004410499150399797,False,1.8088732870245783,-0.0013345398813793797,True,5.286667811232476,0.00656103966845341,1.0065610396684534,True,1.1991917280345468e-16,1.0000000000000002,True,3RuSCl2-1,S3Cl6Ru3
5.436106907922458e-05,False,1.0002156832680786,-0.009235631557793455,False,1.0125881737941531,0.0,1.0,True,5.706896240657127e-09,0.9999999942931037,True,2InSiSe3-1,Si2Se6In2
0.007679902823034382,False,1.2820216710575405,-2.2209167719842956e-06,False,1.001827730371313,0.013679756587176135,0.9863202434128239,True,0.0,1.0,True,2AlSeSi-1,Al2Si2Se2
0.02348276443074584,False,150.68164685789577,-0.0040394789472075225,False,16.25571798511856,2.226617710759936,3.226617710759936,False,0.11656713384962494,1.116567133849625,False,2GeNb2Te4-1,Ge2Nb4Te8
0.00041350183098890213,False,8.728523802850807,-0.0058575494352661826,False,16.88353772615564,0.0,1.0,True,8.8428336367029e-11,0.9999999999115716,True,2ClIrS-1,S2Cl2Ir2
0.012258354088600506,False,1.1454553185364473,-0.003669291617301384,False,2.6279756353248693,1.1415908549847988e-08,0.9999999885840914,True,0.0001135208069827341,0.9998864791930173,True,2ClRe3Se4-1,Cl2Se8Re6
0.00030775022040404996,True,9.620582916732651,-0.00037313856878462445,False,2.284772189281591,2.555393464138435e-16,0.9999999999999998,True,0.0,1.0,True,1ISSnAs2Ge2Se2Cl5-1,SCl5Ge2As2Se2SnI
0.0008228814529440748,False,1.0034507833948196,-0.0024799097807409014,False,3.0967053175054895,1.3295805153273238e-16,1.0000000000000002,True,0.044577220924748646,1.0445772209247486,False,2RhBr3-1,Br6Rh2
1.2543397049416044e-05,False,1.000269084508929,-9.610370622650211e-05,False,2.596435391267274,0.0,1.0,True,1.1181875793465244e-16,1.0000000000000002,True,2BiI3-1,I6Bi2
0.00028585926962242174,True,7.955258181903349,-0.000939008349244907,False,2.869827255413335,0.0,1.0,True,0.0,1.0,True,1AlLiP2Se6-1,LiAlP2Se6
1.2639266268023777e-06,False,1.00200488666333,-5.199358454251265e-06,False,1.00152282497708,0.0,1.0,True,1.9582740837964407e-16,1.0000000000000002,True,2AlGeSe-1,Al2Ge2Se2
4.645541138714604e-05,False,1.0000196913883204,-9.900085816451919e-05,False,1.0034699066183186,1.7463945280158321e-16,0.9999999999999998,True,0.0,1.0,True,1SnK2H6S6-1,H6S6K2Sn
0.00612185038920159,False,1.791265482779207,-0.0005348107754319074,False,1.0775578498279204,6.557761199077553e-06,0.9999934422388009,True,1.356119190830586e-16,1.0000000000000002,True,4AgBrHO-1,H4O4Br4Ag4
0.010143322489504412,False,1.6642565029984928,-0.001147225955063175,True,1.0735422845834257,0.1554979820381107,1.1554979820381106,False,0.0,1.0,True,2AgBrCdS-1,S2Br2Ag2Cd2
0.0007596564814571081,False,7.2499172884948875,-0.0025882923890529893,True,1.5614754880171098,0.0,1.0,True,0.03507025080287831,1.0350702508028784,False,2HfSnTe4-1,Sn2Te8Hf2
0.01173972971851479,False,1.6863480013241072,-0.010437428584993537,False,4.805301643305564,0.012864724476219997,0.98713527552378,True,0.0030309824145801265,0.9969690175854199,True,2ClNb2Te6-1,Cl2Nb4Te12
0.02277116721609781,True,7.823003877763404,-0.0012322019807378885,False,2.1431915818547584,1.2569899162270492e-09,0.99999999874301,True,0.0,1.0,True,1HgI2Pb2S2-1,S2I2HgPb2
0.052777098936272325,False,3.1028589574986274,-0.03422328333146933,False,1001.2401423258643,0.05588102967659676,0.9441189703234032,False,0.17448323017805803,0.825516769821942,False,2SiZrTe4-1,Si2Zr2Te8
0.029483240760139272,False,9.943878471956541,-0.0006028694551726171,False,2.8491197978905065,0.00199290158135833,0.9980070984186417,True,0.0,1.0,True,1MoCu2S4-1,S4Cu2Mo
0.00034037419734603833,False,2.0523455538032502,-0.011448007467741947,False,2.639569365626066,1.54117977354881e-16,1.0000000000000002,True,0.13196121251943987,1.1319612125194398,False,1InIrBr3I3-1,Br3InI3Ir
0.0007454609499732361,False,1.0014570386494541,-0.0013590277901025473,False,1.0019673892952927,1.2109907808981957e-16,1.0000000000000002,True,0.0,1.0,True,1CrSe2-1,CrSe2
0.0029719681473755095,False,13.885231396892145,-0.0033544250195955815,False,15.631757793894428,0.029756850459871857,1.0297568504598718,False,0.05164986181607598,1.051649861816076,False,2SnI2-1,Sn2I4
0.00017741357725926834,False,1.3431976153244711,-0.0011875192140760524,False,5.308576527636762,0.0,1.0,True,0.0,1.0,True,2BKH4S4-1,H8B2S8K2
0.009626465806460299,False,1.8870132353551543,-0.0006965964650289645,False,1.8535526333065948,0.0448920073387979,1.044892007338798,False,1.5117144349071272e-16,1.0000000000000002,True,1AlNaP2Se6-1,NaAlP2Se6
0.004927314176205713,False,1.5074653899917185,-0.002525815858698799,False,1.3406090639956247,3.7257285882428924e-09,0.9999999962742714,True,9.301708623286627e-07,0.9999990698291377,True,2FRe3Te4-1,F2Te8Re6
0.00019661704064516603,True,2.2302627314309675,-6.901079915452171e-05,True,3.8030465682297305,0.0,1.0,True,0.0,1.0,True,1TeCd2I2-1,Cd2TeI2
6.856692541099888e-05,False,1.0001206780136855,-0.0008407658436066559,False,1.0027192063273769,2.267006347732038e-16,0.9999999999999998,True,1.1833332229885769e-16,1.0000000000000002,True,2HKTe-1,H2K2Te2
0.0015289966776837268,False,1.134831128422696,-0.0005502989700420447,False,7.612280432267771,0.001729010308342895,1.001729010308343,True,1.8114736334552954e-16,0.9999999999999998,True,2AgBrCdSe-1,Se2Br2Ag2Cd2
0.0028892520266653415,False,1.2081067199692515,-0.003929160599367463,False,13.364756093863692,0.00014537774767087245,1.000145377747671,True,0.025041893190901193,1.025041893190901,False,2AgCdClTe-1,Cl2Ag2Cd2Te2
8.50876074427394e-05,False,1.002671435815691,-0.0027101379299406332,False,1.5315632015560772,0.0,1.0,True,0.09662878929138449,0.9033712107086155,False,1MgH2Se2-1,H2MgSe2
0.0006352451805908895,False,1.3620957726733764,-0.0039035899185051186,False,12.173807780938828,0.0,1.0,True,0.045637740578510076,0.9543622594214899,False,2BrCdCuSe-1,Cu2Se2Br2Cd2
0.010598279172039258,False,2.1801633219347902,-0.005739632538724106,False,1.2815017854245456,0.07051359879293755,1.0705135987929375,False,0.005390808150660088,1.0053908081506602,True,4ReS2-2,S8Re4
0.0005063273239766704,False,1.0018398776488966,-0.00016185984001507387,False,1.238606801932511,0.0,1.0,True,0.0,1.0,True,1ClSbTe-1,ClSbTe
0.0005895773393017274,False,3.6827388744824288,-0.008957204157023137,True,32.652432057246294,2.6885156354500176e-16,0.9999999999999998,True,9.58142444474365e-05,0.9999041857555525,True,2GaIS-3,S2Ga2I2
0.0026174940418004565,True,2.601287044768628,-0.00026022914620248513,False,1.0762584125132724,1.0390886015788696e-08,0.999999989609114,True,1.169998464668487e-16,1.0000000000000002,True,1TeTa3I7-1,TeI7Ta3
0.05051643372565628,False,3.1543942512660696,-1.839267413124904e-05,False,7.722501501750003,0.01568249410672714,1.015682494106727,True,1.5588264689363193e-16,1.0000000000000002,True,2CdClCuTe-1,Cl2Cu2Cd2Te2
0.0015110934610206295,False,4.452087511983756,-0.001079491320867871,False,5.290785497980438,0.03200753787964609,1.032007537879646,False,2.0562648535648828e-16,0.9999999999999998,True,2GeHfTe4-1,Ge2Te8Hf2
0.0008836912374669625,False,1.2462352425933032,-0.008383966427358232,False,2.420755708421993,0.0,1.0,True,0.0187043360522554,1.0187043360522554,True,4KSeS2-1,S8K4Se4
3.8413765335138166e-05,False,1.161766549074447,-0.0001194661120414873,False,2.099105006750126,0.0,1.0,True,0.0,1.0,True,1AlNaAs2S6-1,NaAlS6As2
0.0038414345828804417,False,1.00154128860286,-0.017042231474191042,True,6.092373365516297,9.994170577492255e-11,0.9999999999000583,True,1.2097979046633928e-05,0.9999879020209533,True,2TlPt2S3-1,S6Pt4Tl2
0.027111038709701503,True,6.846299162124721,-0.004640422486943006,True,3.2193643064185316,0.24859261065375202,1.248592610653752,False,0.06715238019152987,1.06715238019153,False,4OAs2S2-1,O4S8As8
0.01230192851971834,False,7.408209858946938,-0.0006222735941354001,False,1.0006966078749515,0.14289128422347008,1.1428912842234702,False,0.0,1.0,True,1CoLiP2S6-1,LiP2S6Co
9.963245447259748e-05,False,1.007217051528437,-0.007956315800695309,False,1.271391471942876,1.531589209644941e-16,0.9999999999999999,True,0.022063451941417452,0.9779365480585825,False,1ClIrS-1,SClIr
0.000842182010461458,False,1.7397073196301212,-0.0012411484449944728,False,6.612684353011497,0.0,1.0,True,0.0,1.0,True,4PPdS-1,P4S4Pd4
0.007640602413996463,False,1.2001880861971819,-0.003663775566622623,False,2.254528881327357,1.607420800935874e-05,0.9999839257919907,True,0.00024219434694235144,0.9997578056530576,True,2BrRe3Se4-1,Se8Br2Re6
0.0005980520270407054,False,1.389241312262918,-0.0010576579736075863,False,2.313238534293831,1.6241542478168252e-16,0.9999999999999999,True,0.0,1.0,True,2ClCu-1,Cl2Cu2
0.002839332324115385,False,1.6655009594041004,-0.001474217457035862,False,1.378621879551141,1.3955793955809922e-05,0.9999860442060442,True,1.208543864704572e-16,0.9999999999999999,True,4IInTe-1,In4Te4I4
0.0035906275992973577,False,1.901436113442766,-0.0035951758508767184,False,3.0462602087846795,1.9047741726232772e-06,0.9999980952258274,True,0.000366123223500013,0.9996338767765,True,2BrNb2Te6-1,Br2Nb4Te12
0.014417768716523413,False,13.185750434747968,-0.00011777346080272889,False,1.0042572507074456,0.026472724109102647,0.9735272758908974,False,1.2973106957216237e-16,1.0000000000000002,True,2GaSiSe3-1,Si2Ga2Se6
0.00020515164782460506,False,1.6719108326271532,-0.001430869909625099,False,1.6811223227898247,1.4138678480071392e-16,1.0000000000000002,True,1.5537291645630501e-16,0.9999999999999999,True,2BNaH4S4-1,H8B2Na2S8
0.005113411340173904,False,18.353647871905537,-0.003776169967556226,False,2.8105735266866216,0.0044463789477203865,0.9955536210522796,True,8.506421543694907e-06,0.9999914935784563,True,4Al2Te3-1,Al8Te12
0.04046504145471047,False,55.569816468178935,-0.002304592808355871,False,1.6465063641621376,1.0278787903540194,2.0278787903540194,False,0.003132030788176712,0.9968679692118233,True,4GaITe-1,Ga4Te4I4
1.7738917648326377e-05,True,2.5634945345655678,-5.189372666301278e-05,True,2.4869328373128385,0.0,1.0,True,0.0,1.0,True,2IInTe-1,In2Te2I2
0.0003419907100050636,False,1.078311775733645,-0.0025921774932269968,False,3.7552975373048154,2.1938727959745167e-16,1.0000000000000002,True,0.018848465553586758,1.0188484655535868,True,2INaS2H4-1,H8Na2S4I2
0.004386287277337934,False,2.1336430903102483,-0.0032824905825672218,False,11.90947317663712,0.005946830133498106,0.9940531698665019,True,0.10867386809180359,1.1086738680918036,False,1FeGa2Se4-1,FeGa2Se4
3.7717623546257812e-06,False,1.0007854413464503,-0.0037248694037326953,False,1.52024081054849,2.4600202335424523e-16,0.9999999999999998,True,0.007599151594284058,1.0075991515942841,True,2GeInS3-1,S6Ge2In2
0.07365794526947342,False,6.465554902958434,-0.003948613597518975,False,3.972010217115188,0.43667082850359984,1.4366708285035998,False,0.025662158223887187,1.0256621582238872,False,2TlPt2Se3-1,Se6Pt4Tl2
3.6641959872187915e-05,True,4.5353575034167,-6.7804718373900095e-06,True,2.94927644706501,0.0,1.0,True,1.4076435725043724e-16,0.9999999999999999,True,2GaITe-1,Ga2Te2I2
0.0007783701134625126,False,568.1722067156827,-2.442572404775556e-05,False,1.2865461683589536,0.0,1.0,True,0.0,1.0,True,1BrSbSe-1,SeBrSb
0.00010446210004566835,True,38.581995915477776,-0.00016260697539109247,False,28.0174626855321,0.0,1.0,True,0.0,1.0,True,1BiISe-1,SeIBi
1.0872265918517429e-05,False,1.0000271200473023,-0.000949058180439818,False,7.459330421106073,2.035521240606882e-16,0.9999999999999998,True,1.962885894855181e-16,1.0000000000000002,True,1SnNa2H6S6-1,H6Na2S6Sn
0.0002510849792101381,False,1.7887374534746097,-0.00020571617143724295,False,1.6535549029825687,1.9342618723658684e-16,1.0000000000000002,True,1.6471049634793772e-16,1.0000000000000002,True,2AgCl-1,Cl2Ag2
2.352080161175244e-05,False,1.0050904973352455,-0.0012761914060091663,False,4.1346658144022586,0.0,1.0,True,0.0,1.0,True,2BrHg-1,Br2Hg2
0.00021943741968404458,False,4.719289092864986,-0.006687489809469166,False,1.0890733014746077,0.0,1.0,True,0.009343610805359077,0.9906563891946409,True,1BrClGe2Se2-1,ClGe2Se2Br
9.211045008422081e-06,False,1.003445496682076,-0.002625789318373385,False,3.7575240526121063,1.4296934787724815e-16,1.0000000000000002,True,0.012248041723738796,1.0122480417237387,True,1AgAlP2S6-1,AlP2S6Ag
0.00024962680262106057,False,3.8622359337967413,-0.0016340603801405006,False,2.6781634977037627,1.9317526596553319e-16,0.9999999999999998,True,0.0004549392094953359,0.9995450607905046,True,1MgLi2Te2H4S8-1,H4Li2MgS8Te2
0.04482505765488308,False,4.02591993718151,-0.00011931653841649644,False,1.0061906369246196,0.0005626943648611232,0.9994373056351389,True,0.0,1.0,True,1PtNa2H6S6-1,H6Na2S6Pt
0.005373784952024971,False,1.3000106531984825,-0.0024930855424957054,False,6.032793299891498,0.0075907850759227916,1.0075907850759227,True,0.02785098457731891,0.9721490154226811,False,4OAs2Se2-1,O4As8Se8
0.0018026045944989596,False,3.995009734397922,-0.0015729620611545918,False,4.518228215420204,0.004192286773185402,0.9958077132268146,True,0.008802940458774661,0.9911970595412254,True,1MgNa2Te2H4S8-1,H4Na2MgS8Te2
0.004057418409710368,False,2.878044881209919,-0.0032281945833946674,False,8.080562404038208,0.005462926057403008,0.9945370739425969,True,0.03907813346853428,1.0390781334685342,False,2HfSiTe4-1,Si2Te8Hf2
0.0011526651832602449,False,1.325237114031302,-0.006939249462427699,False,3.0780787620323466,0.0,1.0,True,9.83941302498593e-08,0.9999999016058697,True,2SiTa2Te4-1,Si2Te8Ta4
0.00018347411208328676,False,1.015301811855956,-0.06675574528754728,False,2.9014177292886365,0.0,1.0,True,3.0435015055349843e-06,0.9999969564984945,True,2InPt2S3-1,S6In2Pt4
0.009697589910663005,False,1.8891290775224145,-0.009676195396187892,False,2.4440550161961068,0.04140188533772394,1.041401885337724,False,0.0431521416266831,0.9568478583733169,False,1Ga2S5-1,S5Ga2
0.00013328955029513623,False,1.0100775390156151,-0.0012011269637783124,True,1.8226293709030272,0.0,1.0,True,1.910910021022024e-16,1.0000000000000002,True,1PbBi2S4-1,S4PbBi2
0.0023063792630671513,False,1.0057304484884195,-0.001800148226614198,False,1.8361870612538904,4.5265692847129535e-09,0.9999999954734308,True,1.203079496719353e-08,0.9999999879692051,True,2TlPt2Te3-1,Te6Pt4Tl2
0.002714147767173797,False,2.7601744336473355,-0.000907197953501715,False,3.613463478716798,0.006268440242598925,1.006268440242599,True,0.0,1.0,True,1PtSnS4-1,S4SnPt
3.430538421449415e-06,False,1.00081099719158,-9.510669485051568e-07,False,1.0315193759345398,0.0,1.0,True,0.0,1.0,True,2GaSSi-1,Si2S2Ga2
0.00021476214847083528,False,1.0004812961800087,-0.012051186163879572,False,2.7333199235556838,0.0,1.0,True,0.0458702411103353,1.0458702411103353,False,2InPt2Se3-1,Se6In2Pt4
0.0004823947891272333,False,1.2368110376328196,-0.03352515891736149,False,204.2469469968517,0.0,1.0,True,0.65266919503475,1.6526691950347498,False,4SSn-1,S4Sn4
0.0008867438730984517,False,1.0111074943895257,-0.0015040215280915142,True,33.60411635299583,0.0,1.0,True,1.1496559527946973e-07,0.9999998850344047,True,1STeW-1,STeW
0.0001729625393927067,False,1.171257174185608,-0.009513859406095474,False,7.970952371612005,0.0,1.0,True,0.045726307332955976,1.045726307332956,False,2AgBrCdTe-1,Br2Ag2Cd2Te2
2.7426296132173893e-06,False,1.0001789642920837,-2.0592067975291776e-05,False,1.003694652878874,1.733623320570549e-16,1.0000000000000002,True,0.0,1.0,True,2GeInSe3-1,Ge2Se6In2
0.004944730410523188,False,1.7408665458833399,-0.004475847141032806,False,2.599806393202573,1.7463705724241882e-08,0.9999999825362943,True,0.0004524318002087407,0.9995475681997913,True,2ClTa2Te6-1,Cl2Te12Ta4
2.0433532677193823e-06,False,1.8064066147105964,-0.0002670339842155352,False,31.22651604765822,0.0,1.0,True,0.0,1.0,True,1CdInTlS4-1,S4CdInTl
8.341013692531242e-06,False,1.0008873054592275,-0.00012573963044323934,False,1.0042987947808464,2.0948377731304683e-16,0.9999999999999998,True,0.0,1.0,True,2CdPS3-1,P2S6Cd2
0.0004222396247774154,False,3.0087042946602325,-0.0005698391685778985,True,8.268787927842471,0.0,1.0,True,2.01817792635382e-16,0.9999999999999998,True,1STeI2In2-1,SIn2TeI2
0.00027724514608858396,True,510.8679557391128,-0.00016759501464368534,False,1.3006928546700711,1.333542700013839e-16,1.0000000000000002,True,1.3729979160562167e-16,1.0000000000000002,True,1BrSSb-1,SBrSb
0.00042311487370962883,False,1.1604798431401344,-0.0001724670066351497,False,1.3888419472510032,1.4117758771843724e-16,1.0000000000000002,True,2.141914014232752e-16,0.9999999999999998,True,2SSn-1,S2Sn2
0.0016161967852260095,False,6.4409963814647115,-0.0005335552918822448,False,2.1157387869383135,0.035144014822648166,1.035144014822648,False,0.0,1.0,True,1ClCoIrBr5-1,ClCoBr5Ir
0.0012458722396665126,False,1.5451407088715288,-0.00646919761096329,True,2.907895786374177,1.2348768110058492e-16,1.0000000000000002,True,0.0857222081097753,0.9142777918902247,False,2CKNS-1,C2N2S2K2
0.009142709837039123,False,2.47027659138845,-0.0023096426744098524,False,10.911414155697486,0.004284132631706411,0.9957158673682935,True,0.10204828740316381,1.1020482874031639,False,2NbI2Te2-1,Nb2Te4I4
7.0543164335835e-06,False,1.0006445746732633,-6.826447528842856e-06,False,1.003113469147047,2.1083988692197002e-16,0.9999999999999998,True,2.18981518765198e-16,0.9999999999999998,True,2PZnS3-1,P2S6Zn2
7.250795562850034e-05,False,2.126797827545652,-1.3712930752356364e-05,False,1.0065801774032153,0.0,1.0,True,0.0,1.0,True,1PtSe2-1,Se2Pt
0.05049089568096187,False,30.18154838266831,-0.0005422320454724827,True,1.7168940321128545,0.06917948017592528,0.9308205198240748,False,1.9235511680724708e-16,1.0000000000000002,True,2CdCuIS-1,S2Cu2Cd2I2
0.0007203148516284037,False,2.7787799401409585,-0.0006289720857555702,False,7.903809730607082,1.4152674557335083e-16,1.0000000000000002,True,0.0,1.0,True,2IRhTe-2,Rh2Te2I2
0.0034113807926955597,True,42.2964090684571,-0.019922184138609342,False,3.978922564425065,0.014788209157634727,1.0147882091576348,True,0.015598513380791384,1.0155985133807914,True,1STeIn2-1,SIn2Te
0.0004849001286777502,True,57.84958764011392,-0.0012494617000717492,False,1.1510055646043769,0.0,1.0,True,0.0,1.0,True,1BiIS-1,SIBi
0.0003063864698474809,False,1.0104039041114308,-0.0009997185058932044,False,1.0036607767487464,1.2427076774257592e-16,1.0000000000000002,True,1.7744572354765245e-16,0.9999999999999998,True,1CoNaP2S6-1,NaP2S6Co
0.00253799994628461,False,1.005213250139227,-0.0005273119912927184,False,1.6625105862092158,2.185930652562154e-09,0.9999999978140693,True,0.0,1.0,True,2InPt2Te3-1,In2Te6Pt4
0.0022361331816105334,True,20.113234006562703,-0.0014046610674070116,False,2.285553678901545,0.011183253312265192,1.011183253312265,True,0.0,1.0,True,1GeBi2Se2I4-1,GeSe2I4Bi2
0.001425488649773807,True,241.36220900374272,-3.0134038987855e-05,False,1.003028612412031,0.0,1.0,True,0.0,1.0,True,1CdHIS-1,HSCdI
0.0008770698971602915,True,7.227714134361823,-0.012359816319642097,False,3.015558532790514,1.755296445239254e-16,0.9999999999999998,True,0.052165403957851554,0.9478345960421485,False,1InLiP2Se6-1,LiP2Se6In
7.699176271058443e-06,False,1.000319927493704,-0.0007737327607795046,False,8.774978572226637,1.4688184450727688e-16,1.0000000000000002,True,1.2759502430598076e-16,0.9999999999999999,True,2GaGeS3-1,S6Ga2Ge2
0.006469000402688808,False,1.1521494040072922,-0.002713530243424872,True,1.3283502665805087,0.025144189912296788,0.9748558100877032,False,0.0058663081093624225,0.9941336918906376,True,2AgCdIS-1,S2Ag2Cd2I2
2.1900071300055802e-05,False,1.0000336232130358,-0.0002904253354592032,False,1.0115281479859752,0.0,1.0,True,0.0,1.0,True,1PbK2H6S6-1,H6S6K2Pb
0.0004547883011343639,True,6.624619964874739,-0.0007855256801303997,False,3.3163379821665027,0.0,1.0,True,0.0,1.0,True,2AsSiS3-1,Si2S6As2
0.0015212050091810447,True,5.1674316603463355,-0.0007378320102670606,False,5.878794185036764,0.032622918280428015,1.032622918280428,False,1.5019032536847071e-16,0.9999999999999999,True,1PtPd3Cl4O4-1,O4Cl4Pd3Pt
0.0002754725895475478,False,33.64813513267119,-0.11437322722097877,False,11.772922801742343,1.9263993845785308e-16,0.9999999999999998,True,0.004876642595791392,0.9951233574042087,True,1GaIrI2S2-1,S2GaI2Ir
0.004807299778188683,False,1.7735992836970444,-0.0005765043080929704,True,2.0304998419921203,0.00013477304567520738,0.9998652269543248,True,0.0,1.0,True,1S3Pt4Se5-1,S3Se5Pt4
0.0041777882515021915,False,2.384337395774028,-0.0007851140580135992,False,3.722919455594373,0.018954366467461944,1.0189543664674618,True,1.7310964077732777e-16,1.0000000000000002,True,2ClPSnS3-1,P2S6Cl2Sn2
0.003955494191783223,False,8.753823570451644,-0.0003907929290947825,False,21.655088293190413,0.13769185201893389,1.1376918520189339,False,0.0,1.0,True,4PPdSe-1,P4Se4Pd4
0.0007162583015696284,False,1.9054214075805924,-0.0014696497584446005,False,1.5938356190910614,1.8719240110793377e-16,0.9999999999999998,True,0.0,1.0,True,4RhSe2-1,Se8Rh4
9.837065611464e-05,False,1.2453359497357896,-0.04167160297354318,True,2.5094398810289253,1.3669629757793325e-16,0.9999999999999999,True,0.015545641997150764,1.0155456419971507,True,2Al2Te3-1,Al4Te6
0.0008081056716548076,False,7.214104394239943,-0.0008489373059751515,False,5.566493429327908,0.0,1.0,True,1.3632916633738229e-16,1.0000000000000002,True,1MgK2Se2H4S8-1,H4MgS8K2Se2
0.00023992463671835442,False,1.1112968138349617,-0.0029619407951537837,False,3.5170940091277316,0.0,1.0,True,2.6841543765838482e-12,0.9999999999973158,True,2GeTa2Te4-1,Ge2Te8Ta4
0.0021505907172209467,False,1.0207761237814879,-7.146234164651663e-05,False,7.481941148876691,0.0022931880197194715,0.9977068119802806,True,0.0,1.0,True,2IIn-2,In2I2
0.0008931933018341505,False,8.074379438554026,-0.00022276934541939097,False,1.8517560805951647,0.0,1.0,True,1.976532964434903e-16,0.9999999999999998,True,4ReSe2-1,Se8Re4
0.0003204771876216387,False,1.5697685473410998,-0.00024348592590124366,False,1.7499109112344562,1.1934670227699066e-16,0.9999999999999999,True,0.0,1.0,True,2RuS2-1,S4Ru2
0.0019750267213298235,False,3.0832812401762975,-0.0001716304515793075,False,7.80415382206875,0.00529455480755172,0.9947054451924483,True,1.4789734849615633e-16,1.0000000000000002,True,1SnS2-1,S2Sn
3.815113099513387e-05,False,2.896112493079506,-3.4825867836439754e-05,False,3.6253909803335933,2.1851935648715675e-16,0.9999999999999998,True,0.0,1.0,True,2IRhSe-1,Se2Rh2I2
8.132640474577954e-05,False,1.0308979921749188,-7.370180952624716e-06,True,1.5522273436746463,0.0,1.0,True,0.0,1.0,True,2AgCdISe-1,Se2Ag2Cd2I2
0.00011932475114048636,False,1.2649801378177188,-7.131768079495026e-05,False,1.8620062238721806,0.0,1.0,True,0.0,1.0,True,1SSeSn2-1,SSeSn2
0.0005045766433862664,False,2.974202579718427,-0.009282323722945358,False,1.5765907013823408,0.0,1.0,True,2.554587600164954e-06,0.9999974454123999,True,4AsPtS-1,S4As4Pt4
0.00018940339789539194,False,1.755899720721562,-0.0038460194018279945,False,1.1586345257437618,1.1155061575622957e-16,1.0000000000000002,True,0.00038181280059454404,0.9996181871994054,True,1HgI2S2Sn2-1,S2Sn2I2Hg
0.018214311631407555,False,6.607586053173816,-0.0077879470064785745,False,15.670835069203939,0.0013856673172616284,0.9986143326827384,True,3.43596324431323e-11,0.9999999999656404,True,2BrIrS-1,S2Br2Ir2
3.8101503206961356e-05,False,1.0000194564842604,-0.002503835756458999,False,11.086953512092625,0.0,1.0,True,0.0780402795596526,1.0780402795596526,False,1GeNa2H6S6-1,H6Na2S6Ge
0.006894053351119008,False,2.145762430104965,-0.08703746976237575,True,1.1576367827210048,0.00011913657583067013,0.9998808634241694,True,2.7816265725442746e-06,0.9999972183734275,True,2INb2Te6-1,Nb4Te12I2
0.0056123673660686225,False,1.1837093034587678,-0.0022468801309141226,False,5.4482993033371585,6.06763241406865e-06,0.9999939323675859,True,0.0016377709001797907,0.9983622290998202,True,2IRe3Se4-1,Se8I2Re6
5.280203704882108e-06,False,1.000358625467919,-5.071047974976244e-06,False,1.014706501124384,0.0,1.0,True,0.0,1.0,True,2GaI3-1,Ga2I6
0.00038265015065575946,False,3.343373464363453,-0.029752179316765222,True,1.8430238220785504,0.0,1.0,True,5.170658903690248e-05,0.9999482934109631,True,2ClIrSe-2,Cl2Se2Ir2
0.0023900706320633697,False,2.5768905895646426,-0.004929593499716287,True,1.5748809658553402,0.020407727528166088,1.020407727528166,False,6.224483082134385e-05,0.9999377551691787,True,1BrClIr2S2-1,S2ClBrIr2
0.00019029611032966693,False,84.72843283495315,-0.0017117592741809104,False,5.7926751602096855,0.0,1.0,True,0.012990792572066671,1.0129907925720667,True,1MgK2H4S10-1,H4MgS10K2
0.020728496081582358,False,12.214838696455958,-0.00667422976867175,False,4.764427379764676,0.14195620873129086,1.141956208731291,False,0.025935285522535,0.974064714477465,False,1LiTlI4O12-1,LiO12I4Tl
0.0008467742590182676,False,1.5659528355186692,-0.0012820132296377663,False,6.146297347256411,1.257551479629501e-16,1.0000000000000002,True,1.278560995773736e-16,1.0000000000000002,True,2BrCdCuTe-1,Cu2Br2Cd2Te2
9.128098914571966e-07,False,1.001141739993143,-0.00018704921326834155,True,3.280703355728415,0.0,1.0,True,2.018914707219571e-16,0.9999999999999998,True,2GaSeSi-1,Si2Ga2Se2
0.026699095443099157,False,1.2080240030971516,-0.0055387940469506765,True,2.201213511358821,0.015234737877894934,0.984765262122105,True,0.018755397824558075,1.018755397824558,True,1PtS2-1,S2Pt
4.1587942259058436e-07,False,1.0017234627165719,-2.904648997729036e-06,False,1.0016714249562557,0.0,1.0,True,0.0,1.0,True,2GaGeSe-1,Ga2Ge2Se2
0.000916953568684051,True,19.690795403688288,-0.0003560498087692208,False,4.423733086903938,0.0,1.0,True,2.0094417023570768e-16,1.0000000000000002,True,1GaLiP2Se6-1,LiP2GaSe6
0.0003503560784357947,False,1.4949145150862222,-0.0005432316567940621,False,2.5726260845477964,1.8439430188788068e-16,1.0000000000000002,True,0.0,1.0,True,1SnBr2S2-1,S2Br2Sn
0.00018353040234248813,False,1.544343980620352,-7.904726070705235e-05,False,1.0026422352683302,1.3189453053694301e-16,0.9999999999999999,True,0.0,1.0,True,1PtTe2-1,Te2Pt
0.0606178658634087,False,6.466558329581477,-0.00016072101632621545,False,1.5613453761641778,0.12126274510809246,1.1212627451080925,False,1.947175488617661e-16,1.0000000000000002,True,1PtSSe-1,SSePt
0.0009479042726992079,True,7.409137907791028,-0.003382183736893811,False,1.5448338882327826,0.0,1.0,True,0.005944613469726326,1.0059446134697263,True,1InAu3Br4O4-1,O4Br4InAu3
7.304305596738915e-06,False,1.0069684118169233,-0.00018044595450374012,True,1.6415280893681121,0.0,1.0,True,0.0,1.0,True,1SBi2Se2-1,SSe2Bi2
6.85773991406199e-05,False,1.095303443097363,-0.0014994247269724643,True,1.1424716323015423,0.0,1.0,True,0.0,1.0,True,2SeSn-1,Se2Sn2
0.0010071585495121,False,1.3253344557747029,-2.743857129804057e-05,False,1.2257041770936092,1.1435693952561313e-16,0.9999999999999999,True,0.0,1.0,True,1AlNaAs2Se6-1,NaAlAs2Se6
0.013939007717653901,False,2.4225139321624862,-0.0013143946606945349,False,1.9977386875670975,0.06933187101437228,1.0693318710143722,False,1.5035668469117809e-16,0.9999999999999999,True,2AgAuCl4-1,Cl8Ag2Au2
0.0010918374080291122,False,2.3708082576601486,-0.00011066094929292216,False,7.081048454551999,0.0,1.0,True,0.0,1.0,True,4NiPS-1,P4S4Ni4
0.001423564529439848,False,1.4480815405907164,-0.00029490835351129167,False,4.516109090504824,0.0,1.0,True,1.5725227657232275e-16,1.0000000000000002,True,2IRhS-2,S2Rh2I2
0.002018102407765813,False,1.9892932882480199,-0.0029989142696059115,False,1.4474966110836538,0.006044825070172065,1.0060448250701721,True,0.024346779567923273,0.9756532204320767,False,2TeAg2O6-1,O12Ag4Te2
0.001227859849859,False,7.625172359986376,-0.017650456511800756,False,2.765437776000053,0.0,1.0,True,0.09305875818884106,1.0930587581888411,False,1PtSeTe-1,SeTePt
0.0037025382327655486,False,4.994144882013862,-0.00011749671100235405,False,1.0150379061214378,0.00620709150601014,1.0062070915060102,True,2.0988858614338138e-16,0.9999999999999998,True,1PdNa2H6S6-1,H6Na2S6Pd
0.0007776853775623893,True,12.088068163401768,-0.0001434839279713378,False,1.4396159942315958,0.0,1.0,True,1.8829603202157368e-16,0.9999999999999998,True,4PSSi-1,Si4P4S4
0.0021943729466193766,False,2.6291078086995063,-0.011967641567115717,True,28.668882587268644,0.0161256210263029,0.9838743789736971,True,0.3846551101535824,1.3846551101535824,False,2FeS2-1,S4Fe2
0.00015805924934858898,False,1.001769928071321,-0.00010224515725227001,False,1.0570153711225103,1.3526612203221656e-16,1.0000000000000002,True,0.0,1.0,True,2HNaTe-1,H2Na2Te2
0.0008417109725736181,False,1.16100095937083,-0.0026776857619994873,True,1.1848366730815014,2.7300797567186987e-16,0.9999999999999998,True,0.0012744786279849745,0.998725521372015,True,2CdCuISe-1,Cu2Se2Cd2I2
0.0010599579042643455,False,253.04215196372107,-0.0001782372184480377,False,1.1467304763248205,0.0,1.0,True,0.0,1.0,True,1AsClSe-1,ClAsSe
0.017626423477188048,True,4.308059809452962,-0.0007630813555509011,False,1.7056005788739301,0.15449735076187407,1.154497350761874,False,0.0,1.0,True,1GaNaP2Se6-1,NaP2GaSe6
0.0006956741344530279,False,2.449399658045294,-0.0015529993967641877,False,5.313979338450149,0.0,1.0,True,0.025240725717568496,0.9747592742824315,False,4IrS2-1,S8Ir4
0.001271354535085503,False,8.00673949979483,-8.491471058876747e-05,False,8.170683195817578,1.1980422761855674e-16,0.9999999999999999,True,1.3438939842707583e-16,1.0000000000000002,True,4RhS2-1,S8Rh4
2.1180364909462983e-06,False,1.0002468995726497,-3.924939655872723e-06,False,1.0077007175060555,1.2954732488949197e-16,1.0000000000000002,True,1.1959938006821147e-16,0.9999999999999999,True,2TeZn-1,Zn2Te2
0.0026450368974679627,False,1.1880300060540094,-0.0005209350427198831,False,1.8334986449579598,0.006046759427244343,0.9939532405727557,True,1.3744798244195491e-16,0.9999999999999999,True,1IInAu3Br3O4-1,O4Br3InIAu3
0.006612332553757304,False,1.7349500748365434,-0.0008039513892656152,False,2.0266579164622582,0.00011506349430126083,0.9998849365056988,True,1.577124244781904e-16,1.0000000000000002,True,2BrTa2Te6-1,Br2Te12Ta4
0.009153722829021377,False,5.295098604703861,-0.0003024333060894835,False,1.2157256466272335,0.09782566424522993,1.09782566424523,False,1.3303428628214362e-16,1.0000000000000002,True,1SeBi2S2-1,S2SeBi2
0.004057513762262886,False,8.84337011706331,-0.0005046204621473528,True,2.1281244769786674,0.013943306977790927,0.9860566930222091,True,0.0,1.0,True,2AlTe-1,Al2Te2
0.000102509257791597,False,1.00202752773252,-0.0001560262546986254,False,1.9310211758679419,1.6424148008625066e-16,0.9999999999999999,True,0.0,1.0,True,2TlPd2Se3-1,Se6Pd4Tl2
0.007667458137343105,False,3.7410491570607776,-0.0054678154413645,False,1.5689942984257668,0.022527265830905304,1.0225272658309053,False,0.05586261495717537,1.0558626149571753,False,4PdBr2-1,Br8Pd4
6.105124064587123e-05,False,1.9554451611958645,-0.00015963824066366424,False,1.0237259693526122,1.2613378933057554e-16,0.9999999999999999,True,0.0,1.0,True,2TlNi2S3-1,S6Ni4Tl2
0.0001736958366191621,False,1.6562262822652467,-0.0009088050387190881,False,4.679056159897294,0.0,1.0,True,0.0,1.0,True,1MgNa2Se2H4S8-1,H4Na2MgS8Se2
0.0019571226972833772,False,3.2290221393856773,-0.0020216757226973335,False,9.27179575017462,0.0189599458100619,0.9810400541899381,True,0.03060714318983486,1.030607143189835,False,1Se3Ir4S5-1,S5Se3Ir4
0.009245527598092147,False,1.8025295478658516,-0.0016562143833498838,True,1.4673503508283254,0.013725347123574573,1.0137253471235745,True,0.04232889900007098,1.042328899000071,False,1CdH2S2-1,H2S2Cd
7.288580086502709e-05,False,1.0017022297517753,-0.00015776434080266272,False,8.432880443219187,1.6118243886928138e-16,1.0000000000000002,True,0.0,1.0,True,2SbI3-1,Sb2I6
0.0004114414185738668,True,3.692028780225594,-0.0014518127197439377,False,8.28689865635953,0.0,1.0,True,0.0,1.0,True,1PdSSePt3Cl6-1,SCl6SePdPt3
3.7348199415669235e-05,False,1.0047808367034543,-0.00028580642164707104,False,17.66822527391631,1.1109044045990642e-16,1.0000000000000002,True,0.0,1.0,True,2IZn-1,Zn2I2
0.0029955808269983277,False,2.2968554856753767,-0.0020171839518502584,False,7.817417057099206,0.01908919368610895,1.019089193686109,True,0.058723348061546075,1.058723348061546,False,2SeIr2S3-1,S6Se2Ir4
0.001389383868773156,True,3.4415837131726805,-0.00040321440283266956,True,2.182341856655059,0.0,1.0,True,1.3163524985200543e-16,1.0000000000000002,True,2GaTe-1,Ga2Te2
2.3714482537915628e-06,False,1.0003391721259989,-4.328041151419181e-05,False,1.0108696494705112,1.2400689411885885e-16,0.9999999999999999,True,1.1183631228456449e-16,1.0000000000000002,True,2CdTe-1,Cd2Te2
0.0003401431120799437,True,204.05549958591337,-0.00044876054208273003,True,1.9382178907451175,0.0,1.0,True,0.0,1.0,True,1BiITe-1,TeIBi
0.054125711521054644,False,2.2768481802698566,-9.186604193107473e-05,False,1.6515073728812177,0.17360936294735643,0.8263906370526436,False,0.0,1.0,True,4AsSSi-1,Si4S4As4
0.005351796309051828,False,1.527024503078618,-0.0021753647353564857,False,3.984823474798399,2.35637430317512e-07,0.9999997643625697,True,9.210989069920436e-09,0.9999999907890109,True,2TeAu2O6-1,O12Te2Au4
1.6305156914918042e-06,False,1.000613023199408,-4.675790384872558e-06,False,1.0004616544345355,0.0,1.0,True,0.0,1.0,True,2GeInS-1,S2Ge2In2
1.2148949553835556e-05,False,1.0005567925163015,-6.717120487030954e-05,False,1.0512454845055998,1.1123136253511532e-16,0.9999999999999999,True,0.0,1.0,True,2GaGeSe3-1,Ga2Ge2Se6
0.03830879616949905,False,1.0757686931887538,-0.01701683884900643,False,4.486373071764057,0.003026358144738028,1.003026358144738,True,0.08097578682157364,0.9190242131784264,False,1SiSe2-1,SiSe2
0.0007179895962118151,False,1.5412088631476477,-0.0020241377178472314,False,2.9353973543213865,0.0,1.0,True,0.0020609451092536537,1.0020609451092537,True,1MgNa2H4S10-1,H4Na2MgS10
0.0008036624391652121,False,2.842819254940179,-0.004402671607508581,False,6.879047267961974,1.4681074522098548e-16,0.9999999999999999,True,0.0832982761297214,0.9167017238702786,False,2ClCuHgS-1,S2Cl2Cu2Hg2
0.0011163397900850992,False,4.340468028670829,-0.0030725925481369454,False,1.3000193921047156,1.1396826336262763e-16,0.9999999999999999,True,0.024807476670155287,0.9751925233298447,False,1SSeSn-1,SSeSn
0.0022773537714102974,False,1.6726781565924866,-0.01613646780073749,False,2.684409159608791,0.010196723477093137,1.0101967234770932,True,0.032369592057100584,0.9676304079428995,False,1In2Se5-1,Se5In2
0.00018496323307080775,False,3.1538475995262574,-0.005276896394175778,True,4.666237965457684,0.0,1.0,True,1.209213494033167e-16,0.9999999999999999,True,2ClIrTe-2,Cl2Te2Ir2
0.00010876634981878377,False,1.2958216879206808,-0.0012419876420409312,True,1.311872628445436,0.0,1.0,True,2.2541931896108793e-16,1.0000000000000002,True,1Bi2S3-1,S3Bi2
0.00021249995639623686,False,1.6077193452338263,-0.003235126695058864,False,9.53856632958126,1.66419409673379e-16,1.0000000000000002,True,0.023077291889030335,1.0230772918890303,False,2ClCuHgSe-1,Cl2Cu2Se2Hg2
0.0009960567371798312,False,2.4291492301122837,-0.0015266604107457924,False,1.1101212426441238,0.0,1.0,True,0.009222891350057844,1.0092228913500578,True,1BrCoSe-1,CoSeBr
7.42443407144886e-06,False,1.0043820666066794,-0.00047790412974558474,False,3.9337442712142416,0.0,1.0,True,1.5477198019665002e-16,1.0000000000000002,True,1GeI2-1,GeI2
0.0003218936971008931,False,1.0003313368208115,-5.2207592649948306e-05,False,1.0034699573818717,1.9514876391082027e-16,1.0000000000000002,True,1.7810241772291706e-16,1.0000000000000002,True,1CoLiP2Se6-1,LiP2CoSe6
1.746008184934519e-05,False,1.0000618568762705,-0.0009662296387904218,False,4.049558934301806,0.0,1.0,True,0.0,1.0,True,1PbNa2H6S6-1,H6Na2S6Pb
0.0023127363629231795,True,1.4893671184014312,-0.0007987934455802578,False,5.372192759247813,0.0006721344986545723,1.0006721344986547,True,0.0,1.0,True,1GePbSSe-1,SGeSePb
9.65357415486674e-07,False,1.0007069336742014,-1.057056784462431e-05,False,1.0003982402831857,0.0,1.0,True,0.0,1.0,True,2GeInSe-1,Ge2Se2In2
0.00048528070228535567,False,69.7264365987881,-0.03192071845851148,False,65.4045089615309,1.1977664426706882e-16,1.0000000000000002,True,0.004672014988732024,0.995327985011268,True,4HgI2-1,I8Hg4
0.01803180359142963,False,3.318992298076973,-0.005734600089990411,False,1.3040107352736487,0.001803038771375794,0.9981969612286242,True,0.026750907874192573,1.0267509078741925,False,1Se2Bi6S7-1,S7Se2Bi6
0.0008370154438190218,False,1.013688262058053,-0.005048554923895671,False,1.5908163602840366,1.3065233800806957e-16,1.0000000000000002,True,1.3198681902576317e-10,0.9999999998680131,True,2TlPd2Te3-1,Pd4Te6Tl2
0.0014486589257307486,False,1.2882159945778806,-0.00010334690781310748,False,4.515525559061806,1.5518705172250106e-16,1.0000000000000002,True,0.0,1.0,True,2AgClHgSe-1,Cl2Se2Ag2Hg2
0.0012769638227371856,True,14.186530684499697,-0.0038138233150117515,True,25.181887941195782,0.0,1.0,True,0.01926572785121538,1.0192657278512154,True,1HgI2-1,I2Hg
0.00564629980357923,False,5.96916553136209,-0.04051806699890314,True,62.244258185044615,1.2719270946520413e-05,0.9999872807290535,True,0.0010276712279780563,0.9989723287720219,True,4ClCuSe-1,Cl4Cu4Se4
0.0007313811322876151,False,1.0210892802899605,-0.0004005783407700979,True,1.2601367757547697,1.7373438038142176e-16,1.0000000000000002,True,0.0,1.0,True,2InTe-1,In2Te2
1.4755519829318063e-06,False,1.0007481005989058,-0.0036473694534004206,False,3.644652128631978,2.2020182981762712e-16,1.0000000000000002,True,0.015665505639439473,0.9843344943605605,True,2InSSi-1,Si2S2In2
0.002658294589040522,False,1.0984170382165725,-3.9546716960800066e-05,False,1.0094215515981815,0.00712188485658546,1.0071218848565855,True,1.3765284528623627e-16,0.9999999999999999,True,1P2Pd3S8-1,P2S8Pd3
0.014160568584534248,True,1.3181596450892907,-0.005780997040520776,False,2.517274905933873,1.98383057064381e-05,0.9999801616942936,True,1.5404753931611926e-07,0.9999998459524607,True,2PtN2O6-1,N4O12Pt2
0.0026134588834062747,False,3.537827956939637,-4.0234067687588634e-07,True,1.0639182703812926,0.007325674803174233,0.9926743251968257,True,2.272599862718307e-16,0.9999999999999998,True,1SnSe2-1,Se2Sn
4.297842401128054e-06,False,1.0112683843427377,-0.00027583189879398106,False,3.245156426330886,0.0,1.0,True,0.0,1.0,True,1PbSb2Se4-1,Se4Sb2Pb
0.0002727973724666499,False,1.1522098169138084,-0.0008384074974823574,False,13.356852077741312,1.9084297707051286e-16,0.9999999999999998,True,1.3722746665456502e-16,1.0000000000000002,True,1InNaAs2S6-1,NaS6As2In
0.0006852058942978718,False,3.605316163903727,-0.00013890352509376486,False,4.526608485805408,0.0,1.0,True,0.0,1.0,True,2PbTe-1,Te2Pb2
6.564709512325601e-06,False,1.034622999998402,-0.001062149493624665,False,1.2097295432473611,0.0,1.0,True,1.9719084632113603e-16,1.0000000000000002,True,1CuInP2S6-1,P2S6CuIn
0.00017783711848957863,False,4.492003869906048,-0.0001351155381675273,False,3.654844975359946,0.0,1.0,True,1.8309919369304516e-16,0.9999999999999998,True,2PdSeCl2-1,Cl4Se2Pd2
0.013471225177865132,False,21.767941844728288,-0.00030116394212952047,False,3.2988250903535876,0.05819125456963639,1.0581912545696364,False,0.0,1.0,True,2PRhS3-1,P2S6Rh2
8.863369671246402e-05,False,1.0088715504805563,-0.0006157097142171169,False,1.6142909544895951,0.0,1.0,True,1.582255844420408e-16,1.0000000000000002,True,1P2Pt3S8-1,P2S8Pt3
0.0011447979947034614,False,2.7674661721918303,-0.0025179401223788134,False,1.0299191210572682,0.0,1.0,True,0.009725202889282983,1.009725202889283,True,2PtS2-1,S4Pt2
1.5807854196839956e-05,False,1.0977227819784914,-7.327801170499639e-05,False,2.5958317925391796,0.0,1.0,True,1.95942780998476e-16,1.0000000000000002,True,2AgCdITe-1,Ag2Cd2Te2I2
0.0008011587868474524,False,1.2661846121134448,-0.0014782897951171041,False,1.7686149607104962,0.0,1.0,True,2.0597522194755057e-16,1.0000000000000002,True,1InLiAs2S6-1,LiS6As2In
0.00012050853406239116,False,1.0082988265457904,-0.0009322262777775065,False,1.344883296898285,1.5217693319814673e-16,0.9999999999999999,True,0.0,1.0,True,2RuSe2-1,Se4Ru2
0.0020260483355422176,True,15.059345299627044,-0.00012157757242828134,False,1.405143084915166,0.015338130466463007,1.015338130466463,True,0.0,1.0,True,4AsPdS-1,S4As4Pd4
0.0007031355177887051,False,27.00972886017186,-0.0005071156528047788,True,46.60290642824338,0.0,1.0,True,0.0,1.0,True,1GaInTe2-1,GaInTe2
0.0007342202984008358,True,1.420291473927809,-0.0001592168178012484,False,6.353557860889455,0.0,1.0,True,2.1301479390863345e-16,1.0000000000000002,True,2AgClHgTe-1,Cl2Ag2Te2Hg2
0.015541391558079178,False,1.4386374327162839,-0.000865345749793992,False,1.246079492336463,0.0373635934189287,1.0373635934189287,False,0.0,1.0,True,1In2S5-1,S5In2
0.030509199601809527,False,99.59399028684172,-0.0008135305747798305,False,2.7570191319669997,0.5340735934919572,1.5340735934919572,False,0.0,1.0,True,4ClCuO-1,O4Cl4Cu4
0.0043641972135950525,False,5.162379568225208,-0.0008097482848647969,False,3.759458864665273,0.0906059079481241,1.090605907948124,False,1.5843074548734301e-16,0.9999999999999999,True,1SSn-1,SSn
0.0007741016277523942,False,1.0010705168354208,-0.0012810476894577118,False,2.084714264341421,0.0,1.0,True,0.0,1.0,True,2InPd2Se3-1,Se6Pd4In2
0.006751050824173038,False,7.081432574931308,-0.008668629282448452,True,16.562025397515168,5.140522808350015e-07,0.9999994859477191,True,0.0017064074512521494,0.9982935925487478,True,4ClCuTe-1,Cl4Cu4Te4
2.658957728009911e-05,False,1.003587332442763,-0.00018124181269124013,False,1.049438572459202,1.2554174091363323e-16,0.9999999999999999,True,0.0,1.0,True,2AgBr-1,Br2Ag2
0.009832029798879921,False,1.389327575510637,-0.020687879884136128,False,3.3585746953171456,3.191039987618898e-07,0.9999996808960012,True,0.00023198464569089438,0.9997680153543091,True,2CPPbH3S3-1,H6C2P2S6Pb2
0.00012943220636573523,False,1.0033010384692462,-1.6493941796798405e-05,False,1.2092856800771117,0.0,1.0,True,0.0,1.0,True,1IRhSe-1,SeRhI
0.001841383402055381,False,4.609351670419855,-0.00013667319402605084,False,8.355313222171597,0.023225785740098752,0.9767742142599013,False,0.0,1.0,True,4IrSe2-1,Se8Ir4
0.00012479177917819483,False,2.7809846311192423,-0.002117488062957219,False,9.789246475561727,0.0,1.0,True,0.08521007110632245,1.0852100711063224,False,2ClGePS3-1,P2S6Cl2Ge2
0.03958067526449787,False,2.2549342169303426,-0.0011188101403572536,False,1.8063280761905007,0.000288308423504535,0.9997116915764954,True,2.1462339184968837e-16,0.9999999999999998,True,2HPPbS3-1,H2P2S6Pb2
0.0007328359179575611,False,3.0936926276165266,-0.00027318803643847176,False,2.3298769465191835,0.0,1.0,True,0.0,1.0,True,1SeSn-1,SeSn
0.00988844548580068,True,2.085649734077944,-0.0007017390587797652,False,9.279419882977006,0.01650726946349787,0.9834927305365021,True,0.0,1.0,True,2ClCuHgTe-1,Cl2Cu2Te2Hg2
0.001425248789703301,False,2.6645189542295133,-0.0027472921738804124,False,1.6590467465834062,2.0559512962350624e-16,1.0000000000000002,True,0.005494813320791972,0.9945051866792081,True,2TaI2Te2-1,Te4I4Ta2
0.0019357635344043232,False,1.3271066528669364,-0.0010628823216300473,False,1.4814215004187585,1.0679383727462334e-08,0.9999999893206163,True,0.0,1.0,True,4Ga2Te3-1,Ga8Te12
0.0005945260533224632,False,1.0033834588376305,-0.00045071020624758466,False,1.0034943517485182,0.0,1.0,True,1.7902721327481416e-16,0.9999999999999998,True,1CoNaP2Se6-1,NaP2CoSe6
0.0074465131919252536,True,24.167125063498354,-0.006509052062206121,False,3.7286640334977816,0.02884451080761211,1.028844510807612,False,0.0705421458250286,1.0705421458250286,False,2CoHS2-1,H2S4Co2
0.007538948417485861,True,1.278763305569994,-0.002908076038126259,False,6.204050611969681,1.1658168246444942e-16,0.9999999999999999,True,0.05607844000983838,0.9439215599901616,False,2CNNaS-1,C2N2Na2S2
0.0004906678523737451,False,6.156837780225399,-0.0018530092885446353,False,85.43779245406373,0.0,1.0,True,0.1889318340447505,1.1889318340447506,False,4ClCuS-1,S4Cl4Cu4
0.0005859782804608033,False,1.5950501743912384,-0.000116233616488244,False,4.00254638736296,0.0,1.0,True,1.4756170876349338e-16,1.0000000000000002,True,2AgClHgS-1,S2Cl2Ag2Hg2
0.0006267371564237906,False,1.0986774306072138,-0.004217338931737779,False,1.291719552057822,1.2226076755063555e-16,1.0000000000000002,True,1.5604002379440106e-06,0.9999984395997621,True,2InPd2Te3-1,Pd4In2Te6
6.35039356339992e-06,False,1.0093164237615204,-0.00027343752700639785,False,1.000812323283431,1.1981799284707768e-16,1.0000000000000002,True,1.4249937151738814e-16,0.9999999999999999,True,1AgInP2S6-1,P2S6AgIn
0.0014802272696849761,False,21.687771265456256,-7.376677495257475e-05,False,2.0190463030308776,0.0,1.0,True,1.5781145689983786e-16,1.0000000000000002,True,4AsPdSe-1,As4Se4Pd4
0.003560183988152834,False,2.2331786377823306,-0.003311296619637126,False,3.2631899108646936,2.5317266222907907e-06,0.9999974682733777,True,9.959581984822812e-05,0.9999004041801518,True,2ITa2Te6-1,Te12I2Ta4
0.0013083539412122606,False,11.926981982934652,-0.0009678118874859195,True,1.0076313266068948,0.0,1.0,True,2.0140096713230146e-16,1.0000000000000002,True,1Al2Te5-1,Al2Te5
0.013335250590644837,False,1.824972780839945,-0.00044409543377100814,False,1.3842789629207797,0.026667629923646467,0.9733323700763535,False,0.0,1.0,True,2AlInTe3-1,Al2In2Te6
0.00024301361144812806,False,1.00132265748319,-3.96755911812161e-05,False,1.0006284723129635,1.1745243242512933e-16,0.9999999999999999,True,1.3879344380071567e-16,1.0000000000000002,True,1SeTeW-1,SeTeW
1.708267158536147e-07,False,1.0017367013465721,-0.0002946729421457759,True,5.956586260525557,0.0,1.0,True,2.0273950425639447e-16,1.0000000000000002,True,2InSeSi-1,Si2Se2In2
3.397495785349217e-06,False,1.0004684193830649,-0.00039499420755161947,False,1.0290736473673916,0.0,1.0,True,1.1312983789220565e-16,1.0000000000000002,True,1AsClTe-1,ClAsTe
0.0012690286587394356,False,2.200535539582731,-0.0006679151762217582,False,2.5133870450673617,1.8035610698410067e-16,0.9999999999999998,True,1.8602591429308314e-16,1.0000000000000002,True,1AgCuBr2-1,CuBr2Ag
0.004470240698370359,False,1.003505174700733,-0.033183046054911874,True,1.0464460739295278,2.221814963854959e-09,0.999999997778185,True,2.9955891530963084e-09,0.9999999970044109,True,2TlNi2Se3-1,Ni4Se6Tl2
0.009884239489852887,False,5.644638172952293,-0.03958120094243242,True,3.23432273203887,4.4308637428679705e-08,0.9999999556913626,True,0.0002665736225785236,0.9997334263774215,True,4AuClTe-1,Cl4Te4Au4
0.00024191531269000135,False,8.10125502626447,-0.0003605397929324499,False,19.088021739565367,0.0,1.0,True,1.624769008297984e-16,0.9999999999999999,True,2InPS3-1,P2S6In2
0.005795041335259357,True,9.222355523896145,-0.00042095871468738884,True,2.1084244477745466,0.14242461455671232,1.1424246145567123,False,0.0,1.0,True,1AuBrTlI3-1,BrI3AuTl
0.0009733257448852236,False,2.069613338731025,-0.0012902023686390347,False,1.7936627915566998,0.0,1.0,True,0.0,1.0,True,4CoS2-1,S8Co4
5.740059597038447e-05,False,1.0098822412581228,-0.0004861969257523817,False,1.7672251125299139,0.0,1.0,True,2.0288846214470477e-16,1.0000000000000002,True,1AgAlP2Se6-1,AlP2Se6Ag
1.1698615201341463e-06,False,1.0003319397551156,-3.305322127016699e-06,False,1.003306771823645,1.4879477874453877e-16,0.9999999999999999,True,0.0,1.0,True,2CdPSe3-1,P2Se6Cd2
0.06120014718703167,False,1.3068367265198215,-0.014772883792386055,False,1.9085538520235754,3.3053012519633066e-05,0.9999669469874803,True,0.00018361102580111282,0.9998163889741989,True,4BBiS3-1,B4S12Bi4
0.00040101490767587277,False,2.0796312065538434,-0.00164164142970559,False,2.6050316424510904,0.0,1.0,True,0.0001511164878282995,0.9998488835121717,True,2IrNiS4-1,S8Ni2Ir2
1.4456094406058788e-05,False,1.0006472215203983,-3.8120938328827697e-06,False,1.001001778190687,0.0,1.0,True,0.0,1.0,True,2RhI3-1,Rh2I6
0.00029834652506791905,True,58.238882252502016,-0.000179068462046259,False,1.4888033760499317,2.0925732019471492e-16,0.9999999999999998,True,0.0,1.0,True,1ISbSe-1,SeSbI
0.0006651588878980528,True,1.615644543287862,-0.0009697778043133692,False,2.6425278907450975,0.0,1.0,True,0.0,1.0,True,1AuInSI2-1,SInI2Au
0.0001716557135447733,False,1.0195032061219653,-0.00037940166900327256,True,1.6424262114050951,0.0,1.0,True,0.0,1.0,True,1SnSb2Se4-1,Se4SnSb2
7.755074816372088e-06,False,1.0015190270472174,-0.0002892196093159831,False,1.1659659223418533,0.0,1.0,True,0.0,1.0,True,1AgGaP2S6-1,P2S6GaAg
6.309204756224312e-05,False,2.6292806961834936,-3.731402062972122e-05,False,2.4642166868340265,0.0,1.0,True,1.2094582830436285e-16,1.0000000000000002,True,2PtSe2-1,Se4Pt2
0.0003365661311860026,False,3.5531452980794676,-0.003113623682734197,True,14.370600140357508,2.0676779464246342e-16,1.0000000000000002,True,0.00034404662385181285,0.9996559533761482,True,2BrIrSe-2,Se2Br2Ir2
0.00016004480805993009,False,1.3289404116332275,-0.0007012484145969744,False,2.1268364197493583,1.4154895432292023e-16,1.0000000000000002,True,1.9261154351965378e-16,1.0000000000000002,True,2CdCuITe-1,Cu2Cd2Te2I2
0.002477146487173021,False,1.4239836505476864,-0.0024044454841668918,False,19.566395771122725,0.019974124937589318,0.9800258750624107,True,0.2821396262740309,1.282139626274031,False,2CPSnH3S3-1,H6C2P2S6Sn2
0.002951078214567371,False,1.4225073554789882,-0.00045004577068655195,False,1.3060265552807153,0.018855666475271437,1.0188556664752715,True,0.0,1.0,True,1InNaAs2Se6-1,NaAs2Se6In
0.0015557295385961044,False,2.86773459264407,-0.0004429789684114083,False,4.994704612945249,0.006805638904986125,0.9931943610950139,True,1.673170759715196e-16,0.9999999999999998,True,4NiPSe-1,P4Ni4Se4
0.00018084850057565615,True,1.1143105285433452,-0.0005935929696726023,False,4.797079030866838,2.0335307247828163e-16,0.9999999999999998,True,0.0,1.0,True,2ClCuSe2-1,Cl2Cu2Se4
0.0005579778159748148,False,2.382574402254849,-0.002928277010364271,True,1.7652012003051902,1.9750093858674002e-16,1.0000000000000002,True,0.008656132296079847,0.9913438677039201,True,2BrCuHgS-1,S2Cu2Br2Hg2
0.005621261548046492,False,1.9021482075378056,-0.008319434790976904,False,1.8780024021337083,0.02411450665628031,1.0241145066562802,False,0.04480558048266742,1.0448055804826675,False,2ClCuS2-1,S4Cl2Cu2
2.5337518141993674e-05,False,1.4410032415760385,-5.5239603679739306e-05,False,4.926052290656415,1.9732655973222767e-16,0.9999999999999998,True,0.0,1.0,True,2AgBrHgSe-1,Se2Br2Ag2Hg2
1.2661271469796996e-05,False,1.0114068716384244,-1.8988128160982937e-05,False,1.0016268621400997,0.0,1.0,True,0.0,1.0,True,1MoTe2-1,MoTe2
0.002109660476323834,False,2.070974861735833,-0.001517714150359615,False,2.717490442901626,0.002724253300377612,1.0027242533003775,True,0.0037337946661667194,0.9962662053338333,True,2OsS2-1,S4Os2
0.0006687521528071243,False,1.1672233496634956,-0.002098079219862115,False,1.4196437498250225,0.0,1.0,True,0.0013146655612802766,0.9986853344387198,True,2FeSe2-1,Fe2Se4
2.781444871613604e-06,False,1.0002937352034071,-3.35210386505101e-06,False,1.003150340366366,1.6946394501109964e-16,0.9999999999999998,True,0.0,1.0,True,2PZnSe3-1,P2Zn2Se6
0.000729430066572905,False,1.4957635618162917,-0.0005173289624188496,False,2.1018800704330216,1.2292025106713377e-16,0.9999999999999999,True,0.0,1.0,True,2ClCuO2-1,O4Cl2Cu2
0.0010428129258374702,False,1.2557201496856363,-0.000995149160264559,False,3.5277913338285622,2.1126975032659125e-16,1.0000000000000002,True,1.2823005000035825e-16,1.0000000000000002,True,2AuCdITe-1,Cd2Te2I2Au2
0.00013305991110288385,False,1.0027775370405243,-1.438049161950115e-06,False,1.0023491028106746,0.0,1.0,True,0.0,1.0,True,1P2Ni3S8-1,P2S8Ni3
0.0005019333989338692,True,746.5001214330819,-2.4418459191719515e-05,False,1.9730598307152165,0.0,1.0,True,1.5066859300319095e-16,1.0000000000000002,True,1AsBrSe-1,AsSeBr
0.001437870630862845,False,2.701493954499784,-0.001436373398227586,False,1.6458564377490759,1.3412652787465963e-16,0.9999999999999999,True,0.0,1.0,True,2PdS2-1,S4Pd2
0.0004676966313385573,False,3.0072593812174895,-0.00011901582323317736,False,5.185633517662422,0.0,1.0,True,1.618917775924377e-16,1.0000000000000002,True,1GaInP2Se2S4-1,P2S4GaSe2In
0.0005415660640868094,False,1.137025896203372,-4.646397933865328e-05,True,3.800426432749549,0.0,1.0,True,0.0,1.0,True,2HgI-1,I2Hg2
0.0002415966298241418,True,1.1482400410436042,-0.0004138549866361918,False,4.944569952759818,1.273370115000823e-16,1.0000000000000002,True,1.2118935981587195e-16,1.0000000000000002,True,2AgBrHgTe-1,Br2Ag2Te2Hg2
0.001164750324545276,False,3.426239712923147,-0.04439530215771686,False,51.93137270476253,1.237592196158386e-16,0.9999999999999999,True,1.927838597678627,2.927838597678627,False,2BrIrTe-2,Br2Te2Ir2
0.029757196728701432,False,1.0388152761352472,-0.0012661165308851337,False,4.808149024012849,6.896304499102764e-07,0.9999993103695501,True,0.0,1.0,True,1BiCuP2S6-1,P2S6CuBi
0.016232310567590235,False,99.34434071364332,-1.3873884909611911e-05,False,1.7554029402717306,0.06805767712900564,1.0680576771290056,False,2.0156422355382796e-16,0.9999999999999998,True,2PdSe2-1,Se4Pd2
1.346359252088738e-05,False,1.0015892696447544,-0.0002864729789376932,False,1.5762888111872313,1.5062330305409643e-16,0.9999999999999999,True,0.0,1.0,True,2InNi2Se3-1,Ni4Se6In2
0.0009771160132829965,False,4.3059212379162295,-0.0009006444633043723,False,1.6941785177367923,1.4834354926489497e-16,1.0000000000000002,True,1.378650022665621e-16,0.9999999999999999,True,1BrCoTe-1,CoBrTe
0.0013861244355955506,False,1.5379762422561283,-0.0025543614673767742,False,1.4051940095910473,1.1533224625169645e-16,0.9999999999999999,True,0.0007324004532351247,0.9992675995467649,True,2In2Te3-2,In4Te6
0.006497893656506342,False,8.371439876046969,-0.0006555779595812964,True,2.02175349139762,0.025926472379192763,1.0259264723791928,False,1.3093686749625009e-16,0.9999999999999999,True,1NiPdIr2Se8-1,NiSe8PdIr2
1.133428163941951e-06,False,1.0031921495180323,-3.261950400433563e-05,False,1.0002829523155479,0.0,1.0,True,0.0,1.0,True,2AlGeTe-1,Al2Ge2Te2
1.2512543669159452e-05,False,1.0013005513451771,-0.0027177318437251316,False,3.8776588988525686,0.0,1.0,True,0.012292706181831158,0.9877072938181688,True,2BrCu-1,Cu2Br2
0.0005265539203470758,False,1.2124401304299246,-0.004711350949743183,True,1.079946585238293,0.0,1.0,True,0.0003537616105670881,0.9996462383894329,True,2ClCuTe2-1,Cl2Cu2Te4
0.0006106403038237508,True,36.08169604228925,-0.00023170124100737317,False,3.14077528851469,0.0,1.0,True,1.5407198589198013e-16,0.9999999999999999,True,1ISSb-1,SSbI
0.001390118055458151,False,1.1768911721745206,-0.0018424369095406243,False,1.8978963693082336,0.0,1.0,True,1.3156922656916247e-07,0.9999998684307734,True,4SSbSi-1,Si4S4Sb4
0.005656472016445474,False,3.306234382651767,-0.04586176750679122,False,6.897441550095602,0.027100266043900315,1.0271002660439004,False,0.011216405839970665,0.9887835941600294,True,4AgClTe-1,Cl4Ag4Te4
0.0007708453334401293,False,1.7435650994385936,-0.00011234975601287923,True,1.0997325353120566,0.0,1.0,True,0.0,1.0,True,2AgBrHgS-1,S2Br2Ag2Hg2
0.0017372253615758754,False,1.7510460391236016,-0.001836706055673975,False,1.6700772701882198,0.018940923971024908,1.018940923971025,True,0.012631556650862161,0.9873684433491379,True,4PSeSi-1,Si4P4Se4
0.00038027253130112866,False,5.795647987257747,-0.0006096694097937214,False,15.609015340934983,0.0,1.0,True,0.0,1.0,True,2CsC2H3S3-1,H6C4S6Cs2
0.0005630527041140988,False,12.598661629435247,-0.001257965976034979,False,4.701993922723085,1.2563325247873277e-16,1.0000000000000002,True,0.0,1.0,True,2AsSiSe3-1,Si2As2Se6
0.0006696668120179513,False,2.3072455607678513,-0.0011693183265910235,False,11.345771543388398,1.2662945441060334e-16,0.9999999999999999,True,1.5089105069047213e-16,0.9999999999999999,True,2PtTe2-1,Te4Pt2
0.002537793796811385,True,10.701843530442227,-0.003463325234138261,False,1.0825312050951934,2.956888686032426e-06,0.999997043111314,True,7.57761274129589e-08,0.9999999242238726,True,4AsPdTe-1,As4Pd4Te4
0.005837465815757768,False,6.776151769322399,-0.00039942614472615487,False,19.290200355169027,0.049017258323477766,1.0490172583234778,False,0.0,1.0,True,1CdCl2N2C4H4-1,H4C4N2Cl2Cd
0.0006990150770773245,False,1.0006312531899026,-0.0006549263017914711,False,1.0019202144118855,0.0,1.0,True,1.9180158335083e-16,0.9999999999999998,True,1CrSeTe-1,CrSeTe
0.0012609009115492735,True,1.579432641642145,-0.0005100205578409649,False,1.0221886288162054,1.2294749288476049e-16,1.0000000000000002,True,2.024476769399644e-16,1.0000000000000002,True,2AlSiTe3-1,Al2Si2Te6
0.0003390210240428178,True,1.5145062066084325,-0.000713449492761358,False,3.2262805040663483,0.0,1.0,True,1.566282599339349e-16,0.9999999999999999,True,1SHg2I2-1,SI2Hg2
4.379005666437529e-05,False,1.0049244273649676,-0.0024969950964423312,False,1.1055344305339816,0.0,1.0,True,0.011520946841481241,0.9884790531585188,True,1CoLiAs2Se6-1,LiCoAs2Se6
0.038248622991875994,False,3.635177626173218,-0.0035060639354994377,False,30.21627635218184,0.0654652594743941,0.9345347405256059,False,0.2213497512038378,1.2213497512038378,False,2CRbSeH3S3-1,H6C2S6Se2Rb2
0.0002651961687567112,True,1.5080282792197943,-0.0018772590461335,False,6.500891785319777,0.0,1.0,True,0.022871683307528975,0.977128316692471,False,2BrCuHgTe-1,Cu2Br2Te2Hg2
0.0028782797555867,False,1.9867148120181952,-0.0005645451067386986,False,1.714695422823055,0.01240669769448191,1.0124066976944819,True,0.0,1.0,True,4AsSeSi-1,Si4As4Se4
8.427223741168738e-05,True,1.204331872128103,-0.00035391685574450685,False,1.1033425531280807,0.0,1.0,True,0.0,1.0,True,1NiPd3Se8-1,NiSe8Pd3
0.006078127305534458,False,2.965851302829393,-0.0010861964132866805,False,1.1264138851839538,0.015632845033683795,1.0156328450336838,True,2.1456158219492371e-16,1.0000000000000002,True,2NiS2-1,S4Ni2
0.008065221104038737,True,7.542918476489642,-0.005586976745948971,True,15.412186511228814,0.13526566323614017,1.1352656632361402,False,0.000606440261976514,1.0006064402619765,True,2AuClHgTe-1,Cl2Te2Au2Hg2
0.00012514973952678087,False,1.6737544899466743,-0.00016659645327068084,False,1.001822664906894,0.0,1.0,True,0.0,1.0,True,1PdSe2-1,Se2Pd
0.00018091924686418784,False,10.761953664847345,-0.01617467499844173,True,4.695727920317007,0.0,1.0,True,0.0007871329641803534,0.9992128670358197,True,1AuClPdSe-1,ClSePdAu
0.025049182250033313,False,19.274624769145674,-0.0009408673082917711,True,11.813076741758435,0.4138002667174013,1.4138002667174012,False,1.1723985995260187e-16,0.9999999999999999,True,1AgAuBr4-1,Br4AgAu
0.011306096913646634,False,4.570178590485057,-4.479369665626339e-05,True,2.1175638246030024,0.03682912328315382,1.036829123283154,False,1.549787133509253e-16,1.0000000000000002,True,1Sb2Se3-1,Se3Sb2
0.0004946403472899837,False,2.054732547086659,-0.00021917288758790778,False,3.767408912976142,0.0,1.0,True,1.9173045938677461e-16,1.0000000000000002,True,2CGePH3S3-1,H6C2P2S6Ge2
0.00010585921765259425,False,1.1115652561612017,-0.00018348896549094077,False,2.898678577873189,0.0,1.0,True,0.0,1.0,True,2ZnP2S4-1,P4S8Zn2
0.003233797255658021,False,6.4359851404396835,-0.006388430259429178,False,6.74835110786666,0.03947500942615328,1.0394750094261533,False,0.1186185939607469,1.118618593960747,False,4BrCuSe-1,Cu4Se4Br4
0.00012100679562717096,False,2.64431085709105,-0.00021768450422061507,False,1.177596073283422,0.0,1.0,True,0.0,1.0,True,2ZnAs2S4-1,S8Zn2As4
0.00133279642243717,False,5.005498991897619,-0.001099408917919004,False,8.02633589975028,0.0,1.0,True,0.0,1.0,True,1SeS3I4Pt4-1,S3SeI4Pt4
3.0037697915217504e-06,False,1.0026597172679048,-3.4829792095103356e-05,False,1.0069375883910354,0.0,1.0,True,2.1640666955404385e-16,1.0000000000000002,True,2AgI-1,Ag2I2
0.0011010751672647734,True,1.7691918971051714,-0.0004910333116032883,True,3.3542581990153835,0.0,1.0,True,2.1138997174584873e-16,0.9999999999999998,True,1Cl2Cu2S3As4-1,S3Cl2Cu2As4
0.0026307035561419076,False,18.28804908060142,-0.00030677251094403054,False,22.80735039591865,0.010072647851119195,1.0100726478511193,True,0.0,1.0,True,2PdTe2-1,Pd2Te4
0.008374322177569046,True,2.166219434302264,-0.002645877334178864,False,1.2820967926040983,1.2359605059103242e-06,0.9999987640394941,True,0.010523438755055101,0.9894765612449449,True,1SeAu2O4-1,O4SeAu2
0.0017871320492361263,False,2.0297416062437867,-0.0022170650434640794,False,1.829805627472074,0.008318695628919055,0.9916813043710809,True,0.011684693819700533,0.9883153061802995,True,4AsNiS-1,S4Ni4As4
0.005044708328043497,False,5.570822339237947,-0.015080146194978621,False,3.016007300603417,1.387994814558667e-08,0.9999999861200518,True,4.260505307116128e-08,0.999999957394947,True,4AuClSe-1,Cl4Se4Au4
0.006473935918814192,False,1.2710297434948665,-0.001601232040575283,False,1.3404531839497131,5.9165957330599165e-06,0.999994083404267,True,3.697415881803548e-07,0.9999996302584118,True,2ClRe3Te4-1,Cl2Te8Re6
9.57417776778167e-06,False,1.0309751658411561,-1.9053982317179644e-05,False,1.002934022915149,1.3041460208172849e-16,0.9999999999999999,True,0.0,1.0,True,1WMo3Te8-1,Mo3Te8W
0.00033872562986411633,False,1.0078433300686955,-0.003600044575159928,False,1.0635564553412058,0.0,1.0,True,0.01109835406972901,0.988901645930271,True,1CoNaAs2Se6-1,NaCoAs2Se6
0.0028140713210839147,False,7.567354817321315,-0.00041643058954762347,False,4.179985744553733,0.1084372552500846,1.1084372552500845,False,0.0,1.0,True,4PdI2-1,Pd4I8
6.237685682957633e-07,False,1.0011174361213826,-0.00022675091823162627,True,2.199092763044642,0.0,1.0,True,1.6800109536373306e-16,0.9999999999999998,True,2GaGeTe-1,Ga2Ge2Te2
2.3518584920082358e-05,False,1.536744675920731,-8.505623050907793e-06,False,1.0072622844137986,0.0,1.0,True,1.325453314358136e-16,1.0000000000000002,True,1NiS2-1,S2Ni
0.005119681027615214,False,5.282354173855733,-0.02847949266927702,True,16.734051182596065,3.4688647816813767e-09,0.9999999965311352,True,0.00011428386915185956,0.9998857161308481,True,4AuBrTe-1,Br4Te4Au4
0.00012551166612765084,False,1.0006849043238952,-0.0013917617767855448,False,1.0140956605542006,0.0,1.0,True,0.0,1.0,True,2AlGeTe3-1,Al2Ge2Te6
0.00020011287989099737,True,204.24710157835122,-3.917807520200405e-06,False,6.162833482263539,0.0,1.0,True,0.0,1.0,True,1ISbTe-1,SbTeI
0.0018595669454053213,False,6.034436724590412,-0.0015357678916321272,False,18.73606835359836,1.1537925960115314e-06,0.999998846207404,True,0.0026355827124537215,0.9973644172875463,True,4BrCuTe-1,Cu4Br4Te4
0.00837529747633809,True,6.034173107550193,-0.00025135527610519766,True,30.427192913516457,0.024822747609674806,0.9751772523903252,False,1.3554217404035138e-16,1.0000000000000002,True,2AlSiTe-1,Al2Si2Te2
0.0005218472700747013,False,1.165557743555351,-0.000454863456120542,False,4.379897426822302,0.0,1.0,True,0.0,1.0,True,1AgGaP2S2Se4-1,P2S2GaSe4Ag
0.000359070010375849,False,6.8063206119898245,-0.000129841834105236,False,1.1189088143357544,0.0,1.0,True,0.0,1.0,True,2AgClTe2-1,Cl2Ag2Te4
3.838793557770882e-06,False,1.000303352006768,-0.0008007756415821063,False,2.530727532805748,0.0,1.0,True,0.0,1.0,True,1BrSbTe-2,BrSbTe
0.0006302968146290504,False,1.06502219653133,-0.00041906297701130703,False,3.9263919609020532,0.0,1.0,True,1.3861384503539766e-16,1.0000000000000002,True,1CuSbP2S6-1,P2S6CuSb
0.002547553625311652,False,2.2919122934598253,-0.010566119985027947,True,8.60145895894758,0.005483564634850849,1.0054835646348508,True,0.1691489009286806,1.1691489009286806,False,2GeS-1,S2Ge2
0.0009330138299417038,False,3.2048329123188903,-0.015268869535502706,True,1.2561976843151634,2.0587066206170808e-16,1.0000000000000002,True,0.0040707222625038855,1.0040707222625038,True,1Ga2Te5-1,Ga2Te5
0.02763033827555742,False,17.96534866466651,-0.022822435320986226,False,5.6598813456277846,0.04032889527501632,0.9596711047249836,False,0.009034462994457555,0.9909655370055425,True,4AuClHS-1,H4S4Cl4Au4
0.007839516176311347,False,4.1520392562484725,-3.688439441712036e-05,False,2.2514287287961627,0.20087583020331842,1.2008758302033185,False,0.0,1.0,True,1AsBrTe-1,AsBrTe
0.001339843483147619,False,1.7837179530710185,-0.0005255371730393266,False,1.0617858872121848,0.0,1.0,True,0.0,1.0,True,1CrMo3Te8-1,CrMo3Te8
1.9409699227872146e-05,False,1.0003355092601547,-0.00021421683230573088,False,1.1722321257954822,1.222855510692306e-16,1.0000000000000002,True,0.0,1.0,True,1P2Pd3Se8-1,P2Se8Pd3
0.00021994047023918877,False,1.0055243361793498,-0.0005879721122194655,False,8.33943927352492,0.0,1.0,True,1.3580984133243876e-16,1.0000000000000002,True,2GePS3-1,P2S6Ge2
0.007014018629418235,False,1.0045838909973184,-0.002041718213698562,False,3.0919538607400727,3.429513677225367e-09,0.9999999965704863,True,0.0003484357279099858,0.99965156427209,True,1AuBiP2S6-1,P2S6AuBi
0.0005189689347962637,False,1.4238927447741225,-0.00031532638220043146,False,2.9449427630668485,0.0,1.0,True,1.1369639506548688e-16,1.0000000000000002,True,1AuCuBr2-1,CuBr2Au
0.0016789394785171727,False,8.14060626564692,-0.00030485704894973794,False,59.63889105840876,9.131216376272535e-06,0.9999908687836238,True,0.0,1.0,True,4AgClSe-1,Cl4Se4Ag4
7.061994717986458e-05,True,2.3881399412109423,-0.0064172389122308365,False,6.082633230045825,0.0,1.0,True,0.0032338246834589753,1.003233824683459,True,2AgClSe2-1,Cl2Se4Ag2
0.0012495307999172037,False,1.0194843538706033,-0.0019152452371223256,False,5.476738755797226,0.0,1.0,True,0.0,1.0,True,2AuCl-1,Cl2Au2
0.0011717118162697703,True,1.5688375420201435,-0.0007140528471305093,True,1.138423102204719,0.0,1.0,True,1.5233254857617993e-16,1.0000000000000002,True,2AgHgISe-1,Se2Ag2I2Hg2
0.008081554228953085,False,6.037189747643862,-0.0006392345962640299,False,3.4672322054633575,1.0155453188592425e-05,0.9999898445468114,True,1.311401524301569e-16,0.9999999999999999,True,2BiSbSe3-1,Se6Sb2Bi2
0.0006734438289686452,False,1.1487030754960161,-0.0014911418158066686,False,5.454065347645336,0.0,1.0,True,1.4085273274956328e-16,1.0000000000000002,True,2TeZnN2H4-1,H8N4Zn2Te2
2.218821653644968e-06,False,8.994335855533397,-5.1377167118024605e-05,False,1.0000957682867702,0.0,1.0,True,0.0,1.0,True,1AgInP2Se6-1,P2Se6AgIn
0.003505256933102946,False,6.883145267156176,-0.0066075933699906095,False,6.288126884269496,0.005084426482052412,0.9949155735179476,True,0.13933219142225745,1.1393321914222574,False,4BrCuS-1,S4Cu4Br4
1.8492413903716678e-05,False,1.0002087776469768,-0.00021555121940866306,False,6.384240273034352,0.0,1.0,True,2.1139795937239803e-16,1.0000000000000002,True,1MgB2H8-1,H8B2Mg
8.07427629018095e-05,False,10.413679653374349,-0.00041130404052109666,False,1.00550295945982,0.0,1.0,True,1.2862454208250984e-16,0.9999999999999999,True,1AgAlAs2Se6-1,AlAs2Se6Ag
0.0046834147115080525,False,19.568907903861255,-0.0006544840246721046,True,51.22143885473791,0.01661850681396506,1.016618506813965,True,1.6125942106236193e-16,0.9999999999999999,True,1MoAu2Se4-1,Se4MoAu2
0.015845960103866488,True,10.191224398652146,-0.003404999758390889,False,1.7159031815929093,2.648397828782772e-10,0.9999999997351602,True,1.5752546311378988e-11,0.9999999999842475,True,1In2Te5-1,In2Te5
0.003998922398057086,False,14.04250587470622,-0.004581484920072822,False,17.002269328600736,0.013933566937999077,0.9860664330620009,True,0.012810199402015957,1.012810199402016,True,2Sb2S3-1,S6Sb4
1.177610981352885e-05,False,45.27658065924808,-0.0034122739076509092,False,1.0554970229604765,1.2010572728407203e-16,0.9999999999999999,True,0.0013155367621116795,1.0013155367621116,True,1CuInP2Se6-1,P2CuSe6In
0.000864516318944625,False,1.286461654154343,-0.0002734554758839893,False,1.0014210193866309,0.0,1.0,True,2.0886155942312007e-16,0.9999999999999998,True,2BrPt-1,Br2Pt2
0.0028877004257413684,False,24.128146460577838,-0.023064635643498265,False,89.18817921829825,0.01109874605824907,0.9889012539417509,True,1.030232816487533,2.030232816487533,False,4AgClHS-1,H4S4Cl4Ag4
0.0018241915377601625,False,1.4420398795097817,-0.00024213654424429723,False,4.564216376191604,2.1959273215668647e-13,0.9999999999997804,True,0.0,1.0,True,2IIrS-2,S2I2Ir2
0.0019459110358687251,True,1.1810932387652702,-0.0032305446721414446,False,27.825998001437114,0.008095990274486226,1.0080959902744862,True,0.08431482583682928,1.0843148258368294,False,1AuClCuI-1,ClCuIAu
0.0003581482183734241,False,3.4036147746119636,-0.00014564376227099572,False,2.6542113554962548,0.0,1.0,True,0.0,1.0,True,1GeS-1,SGe
0.002764776966560396,False,2.0608984524238436,-0.00023389753872817283,False,2.5890403855380555,8.335437092655586e-05,0.9999166456290735,True,0.0,1.0,True,4AsGeS-1,S4Ge4As4
0.0027172370917430497,False,3.745058535952205,-6.513720750987304e-05,False,6.04023873136916,0.005030971407667693,0.9949690285923323,True,2.119642341620894e-16,1.0000000000000002,True,1GeS2-2,S2Ge
5.95805148427173e-05,False,1.070861845116591,-3.8754410332104546e-05,False,1.0236639426552812,1.1626350164356554e-16,1.0000000000000002,True,1.1896788941887092e-16,1.0000000000000002,True,1PbTe-1,TePb
0.005779000807655618,False,1.1836716858874152,-0.0330730379339899,False,2.1531078475893084,0.000591257485803438,1.0005912574858034,True,0.023312448995180337,0.9766875510048196,False,2BrCuS2-1,S4Cu2Br2
3.0490880614325395e-05,False,6.613358947689935,-0.00025576261320949645,False,18.998498266142114,0.0,1.0,True,2.109105822737001e-16,0.9999999999999998,True,2AuBrHgTe-1,Br2Te2Au2Hg2
0.001086770216261429,False,1.9927063400162366,-0.000796709390929387,True,3.425871068574714,1.1208674160769935e-16,1.0000000000000002,True,0.0,1.0,True,1SSeGe2-1,SGe2Se
0.00013651078813562188,True,1.932966520084505,-0.0006618879504587907,True,1.3556701086252239,0.0,1.0,True,0.0,1.0,True,2CuHgIS-1,S2Cu2I2Hg2
1.3922042433129916e-05,False,1.622683025182815,-0.0008686852909412869,True,1.6945400832304138,1.188682069182125e-16,0.9999999999999999,True,1.9508554750352273e-16,0.9999999999999998,True,2AgHgITe-1,Ag2Te2I2Hg2
2.762978600524595e-05,True,1.841521495713425,-0.0014045469696986053,True,1.1267371254129648,1.2745123746742764e-16,0.9999999999999999,True,0.0,1.0,True,2CuHgISe-1,Cu2Se2I2Hg2
0.0007130277851655626,False,1.2711183616961153,-0.05148892676559091,False,11.269765382213109,0.0,1.0,True,0.5345448488249834,1.5345448488249835,False,1NiPdS4-1,S4NiPd
0.00013671191982581968,False,2.3451754990174156,-0.000679971481337535,True,2.095780108319769,0.0,1.0,True,0.0,1.0,True,2RuTe2-1,Ru2Te4
1.8590334210004922e-06,False,7.965359916844441,-0.0006625265170752865,False,1.006668125428315,0.0,1.0,True,0.0,1.0,True,1AgGaP2Se6-1,P2GaSe6Ag
0.00360063081943948,True,4.2727167508966275,-0.0007227402258620036,False,1.9341376382040483,1.0645741377360765e-05,0.9999893542586227,True,0.0,1.0,True,2PdI2-1,Pd2I4
0.008875911680313412,False,2.740374029062789,-0.0006499118493693187,False,3.4314676108697406,0.027087595465224202,1.027087595465224,False,0.0,1.0,True,1Ag2Cl2S3As4-1,S3Cl2As4Ag2
0.001132285957174453,True,2.397689260212497,-0.00011960519742475801,True,4.18624030956391,0.0,1.0,True,1.6339034623961402e-16,1.0000000000000002,True,2GaSiTe-1,Si2Ga2Te2
0.0028306656822170892,False,1.6553420895765893,-0.0270003204163447,False,2.955185881122834,0.011855891814017363,1.0118558918140175,True,0.10581185383222347,0.8941881461677765,False,4AsSSn-1,S4As4Sn4
0.0003382964481249358,False,2.1124542137027125,-0.0002949701637416979,False,2.1074989594518776,1.880680448632016e-16,1.0000000000000002,True,2.1789423145455447e-16,0.9999999999999998,True,2SnTe-1,Sn2Te2
0.006622633597237883,True,1.4393642795976394,-0.00029223520515897516,False,1.0028344013587505,1.1146637673965047e-06,0.9999988853362326,True,0.0,1.0,True,2InSiTe3-1,Si2In2Te6
0.02988969188274673,False,2.1380034916234796,-0.0028878248184279623,False,2.1523474167977352,0.016869579921714326,0.9831304200782857,True,0.018307489567643415,1.0183074895676434,True,2BrCuO2-1,O4Cu2Br2
5.6943457539789e-05,True,1.6703902247137234,-0.00116936061766808,True,1.2531734757629507,2.1692663531027933e-16,1.0000000000000002,True,0.0,1.0,True,2AgHgIS-1,S2Ag2I2Hg2
0.0003852241190947345,False,2.2839703523503476,-0.00043041977579513145,False,8.749472646336299,1.2769224316995837e-16,0.9999999999999999,True,0.0,1.0,True,2BiPS3-1,P2S6Bi2
0.00309148625743968,True,6.816983710103728,-0.012537499887487424,False,6.935608432571814,0.05108039327438565,0.9489196067256144,False,0.1165302855371921,1.1165302855371921,False,2AsCPbH3S3-1,H6C2S6As2Pb2
0.006626988215483497,True,1.6051027486656795,-6.30638461145751e-05,False,1.9105156431954429,0.026901712864136753,1.0269017128641367,False,1.187385488266781e-16,1.0000000000000002,True,2Sb2Se3-1,Se6Sb4
0.002400272648217854,False,3.536679646919931,-0.0011559743310955441,False,3.63896284769468,1.7336645511969584e-15,0.9999999999999982,True,1.4854787554334876e-16,1.0000000000000002,True,2IIrTe-2,Te2I2Ir2
0.018263410008468286,False,5.951259571060748,-0.001145254960956231,False,4.61377560347024,0.2540518502700531,0.7459481497299468,False,0.0,1.0,True,1Br2Cu2S3Sb4-1,S3Cu2Br2Sb4
0.002035007818480114,True,38.673956480072306,-0.0009905933951596323,False,1.0890730146886405,0.1025297562097961,1.1025297562097962,False,1.2648669009136224e-16,1.0000000000000002,True,1BrCuGeTe-1,CuGeBrTe
0.0009353836371244928,False,3.5564835220346365,-0.0002196570462089072,False,3.572159462073026,0.0,1.0,True,2.0016308505593235e-16,1.0000000000000002,True,2IIrSe-2,Se2I2Ir2
0.005832135243327232,False,1.229866349134429,-0.0033672220981047153,False,1.3528315879080235,6.681368521104269e-06,0.9999933186314789,True,2.3931097828218252e-05,0.9999760689021718,True,2BrRe3Te4-1,Br2Te8Re6
4.718538225650533e-05,False,1.001200933803114,-0.013405162181001495,False,1.7772739910742874,0.0,1.0,True,1.5577357632611915e-07,0.9999998442264236,True,2AsI3-1,As2I6
0.0016164829970949435,False,1.6735323175634844,-0.008952898640821683,False,2.074717584493454,0.010773070873921254,1.0107730708739213,True,0.02824175444825405,0.971758245551746,False,2NiI2O6-1,O12Ni2I4
0.000692875067535073,False,1.386829478191003,-0.0007804237192529841,True,1.2560904220970803,0.0,1.0,True,1.6221956783741157e-16,0.9999999999999999,True,2BrCuTe2-1,Cu2Br2Te4
0.0007308865254002078,False,1.030729259421167,-0.0018821166714086898,False,1.008178213119407,1.9390366266261092e-16,1.0000000000000002,True,0.00021999900505252314,0.9997800009949475,True,1PbSe2-1,Se2Pb
0.0019520551210435218,True,9.8702544360591,-0.002385785456954791,False,7.279005678258668,0.00015775638908042372,0.9998422436109196,True,0.0020343813906380124,0.997965618609362,True,4AgBrTe-1,Br4Ag4Te4
0.001038793791561613,False,6.406273982894797,-0.007063379576135454,False,1.7101386941823116,0.0,1.0,True,0.012416190223687897,0.9875838097763121,True,2CuSbS2-1,S4Cu2Sb2
0.0006736453605944081,False,22.973161903283234,-0.002071315609904753,False,9.960292782911484,0.0,1.0,True,0.00799239595829992,1.0079923959583,True,2ClCuI2-1,Cl2Cu2I4
8.184241956365515e-06,False,1.036821312852665,-4.255926238126089e-05,False,1.0159302744123802,0.0,1.0,True,0.0,1.0,True,2MoWTe4-1,Mo2Te8W2
0.0018155527083293776,True,4.23352829144116,-0.05173317318637126,False,6.664002512482368,0.01159687069259869,1.0115968706925986,True,0.10282952876608761,0.8971704712339124,False,1Br2Cu2S3As4-1,S3Cu2As4Br2
6.089459053311475e-07,False,1.000365308316888,-4.076069584897021e-05,False,1.004788142614647,0.0,1.0,True,0.0,1.0,True,2AsIrTe3-1,As2Te6Ir2
0.08794652598551696,True,2.0673412630480086,-0.016372788784802635,False,2.6068610463540858,2.5069579946515966e-13,0.9999999999997493,True,6.906090778717722e-05,0.9999309390922129,True,1Br2Cu2S3P4-1,P4S3Cu2Br2
0.00047986875026718724,False,1.6749112245952733,-0.0011039215550239661,True,1.3352005243230174,1.5924308410372924e-16,0.9999999999999999,True,1.63902856662055e-16,0.9999999999999999,True,2GeSe-1,Ge2Se2
0.005273610032475923,False,3.8194519842148105,-0.00625314800835813,False,15.863091448637912,3.39674249594562e-07,0.9999996603257504,True,1.042188102593429e-05,0.999989578118974,True,4HgSe-1,Se4Hg4
7.04018248547971e-05,False,1.3656235785772475,-0.001820644846774343,False,4.562466007925718,0.0,1.0,True,0.12672162013420504,0.8732783798657949,False,2GeHPS3-1,H2P2S6Ge2
0.004173844284946049,True,2.1982721696628738,-0.011846034840494051,False,8.588676269669623,0.004605151361835056,1.004605151361835,True,0.01641037742948395,1.016410377429484,True,2CPbSbH3S3-1,H6C2S6Sb2Pb2
0.0009441688783892305,False,1.3843804817350982,-0.0009644332099299208,False,3.813934021617996,0.0,1.0,True,1.9578632969402624e-16,1.0000000000000002,True,1Ag2Cl2Se3As4-1,Cl2As4Se3Ag2
0.0024951209320579794,True,1.3039569178216088,-0.005006124236692241,False,2.510065567893149,7.3055188819659e-07,0.9999992694481118,True,2.4332129507827712e-08,0.9999999756678705,True,4AsSeSn-1,As4Se4Sn4
0.002662855959629275,True,8.954995227214848,-0.001144409712583722,False,4.2729345702670045,0.0006384242300943269,1.0006384242300943,True,1.9940824156034896e-16,0.9999999999999998,True,2AgIBr2-1,Br4Ag2I2
0.0024831831891207975,True,1.2963809500191714,-0.0007976173735335909,True,23.40310843595467,0.003860092332398111,0.9961399076676019,True,2.2059448440182429e-16,0.9999999999999998,True,1AgCuI2-1,CuAgI2
0.00199347482206911,False,4.019867084586617,-0.03322664234712969,False,7.339615749922959,0.006915246277278945,1.006915246277279,True,0.13389220404183477,0.8661077959581652,False,1Cl2Cu2Se3P4-1,P4Cl2Cu2Se3
3.371731369371109e-05,False,1.0000012099948323,-0.000145331592345081,True,1.6352792631289792,0.0,1.0,True,0.0,1.0,True,2SeTl-2,Se2Tl2
0.0016521008425766132,False,1.002218723602421,-0.0013036583437547051,False,1.2753551067425675,1.180394360749249e-09,0.9999999988196057,True,1.152410896403477e-16,0.9999999999999999,True,1AuSbP2S6-1,P2S6SbAu
0.006168287453367129,False,1.9092397218073305,-2.5228910863637408e-05,False,1.000507887850354,0.0009952975771130338,0.999004702422887,True,0.0,1.0,True,1PdS2-2,S2Pd
0.0008845885810757739,True,4.85715729048769,-0.00017912313667858986,False,2.0244650419780177,0.0,1.0,True,0.0,1.0,True,4GePS-1,P4S4Ge4
9.104256576412487e-05,False,1.0229622391752602,-0.00031817791396251916,False,1.4617958360717354,2.1944051097820113e-16,1.0000000000000002,True,0.0,1.0,True,2GeInTe3-1,Ge2In2Te6
0.0010140447788267116,False,3.1370514638668694,-0.0005229276013765305,True,1.7329514797952006,0.0,1.0,True,1.1437695086220096e-16,0.9999999999999999,True,2AgBrTe2-1,Br2Ag2Te4
0.010383641325604745,False,18.246734660822696,-8.916201161714473e-05,False,3.571667195151857,0.03770912625872922,1.0377091262587292,False,2.1269250076804257e-16,0.9999999999999998,True,2NiSe2-1,Ni2Se4
3.5902231466566647e-06,True,1.0109708541384643,-0.0001040421262695484,True,2.2427391266213474,1.2094120785794589e-16,1.0000000000000002,True,0.0,1.0,True,1TeSb2Se2-1,Se2Sb2Te
0.06097891029229844,False,2.702575054752332,-9.473939531357913e-05,False,2.9428352252577934,1.9857344598098777e-05,0.9999801426554019,True,0.0,1.0,True,1AgBiP2Se6-1,P2Se6AgBi
0.0021107085878365683,False,1.3266625998269452,-2.207424570624622e-06,False,1.001537555732815,0.010837897819171582,1.0108378978191717,True,0.0,1.0,True,1GeSe-1,GeSe
0.002130606786615715,False,1.1533777849742641,-0.0003459857517895291,False,1.0026140874835505,0.0020346165521513983,1.0020346165521514,True,0.0,1.0,True,2CrMoTe4-1,Cr2Mo2Te8
0.009838397981186886,False,3.1823891028555056,-0.008640190485121439,True,2.085385686945878,0.050772820434130055,1.05077282043413,False,0.05977118414504126,1.0597711841450412,False,1HgH2S2-1,H2S2Hg
0.0037839139987132864,False,8.212189716192588,-6.35346544004528e-05,False,1.2564503339152797,0.13382229704538295,1.133822297045383,False,0.0,1.0,True,1IIrTe-1,TeIIr
0.18909407074085507,True,2.9703473816707806,-0.01867147149239723,False,3.9233559476979543,2.2400000539877918e-13,0.999999999999776,True,0.09165218726083933,0.9083478127391607,False,1Br2Cu2Se3Sb4-1,Cu2Se3Br2Sb4
0.0001447937123666159,False,9.842264076916614,-0.00010370960072795286,False,23.83255581415476,1.124409107316345e-16,1.0000000000000002,True,1.258549712082144e-16,1.0000000000000002,True,4AgClS-1,S4Cl4Ag4
0.0005303776730150633,False,1.0201943140943288,-0.0007034955924828351,False,1.0229586614099617,1.5213054570476798e-16,0.9999999999999999,True,0.0,1.0,True,1PbS2-1,S2Pb
0.010793001925046106,True,1.6536760419995173,-0.015939086640542516,False,2.3334785801749085,0.1950456431998915,1.1950456431998915,False,0.1509391367287941,1.150939136728794,False,1Ag2Br2Se3Sb4-1,Se3Br2Ag2Sb4
0.017415829491276725,False,5.5361926869319635,-0.00019441980708496403,False,6.054293579326059,0.21497329109000632,1.2149732910900064,False,1.7754497876934192e-16,0.9999999999999998,True,2AsIS-1,S2As2I2
0.00018686392866723846,False,2.2108597047576524,-0.004633894695110219,True,1.8797350078151411,1.1363358449365726e-16,1.0000000000000002,True,2.803224772866809e-10,0.9999999997196776,True,2CuHgITe-1,Cu2Te2I2Hg2
0.05683996698905402,False,4.423285481921207,-0.016787043155445665,False,7.15549114341302,0.09030485525321742,1.0903048552532175,False,0.12473056888304654,1.1247305688830465,False,4AuBrHS-1,H4S4Br4Au4
0.00036497835104683143,False,4.448994152719747,-0.001137212507748287,False,14.920284967337242,1.5432146964394738e-16,0.9999999999999999,True,0.0,1.0,True,2AsCSnH3S3-1,H6C2S6As2Sn2
4.948823186973127e-05,False,2.9507352592756977,-0.005070738629348334,False,1.3430182035393787,0.0,1.0,True,0.02167117050891641,0.9783288294910836,False,2AgBrSe2-1,Se4Br2Ag2
5.972087777768433e-05,False,1.0216118225141704,-4.7759587609514264e-05,True,120.17563113497997,1.587478244304879e-16,1.0000000000000002,True,1.5295345595707573e-16,0.9999999999999999,True,1SeSb2Te2-1,SeSb2Te2
0.0064094021180978525,False,40.644369936123674,-0.0016989683976679918,False,4.679365038084721,0.07135593202236053,1.0713559320223605,False,0.007200838853420951,0.9927991611465791,True,1BiCuP2Se6-1,P2CuSe6Bi
0.0017362774033418678,False,2.983099242980164,-0.002714023271458759,False,2.3141810061589747,2.0958984494890026e-06,0.9999979041015505,True,9.157014029313799e-09,0.999999990842986,True,4AuBrSe-1,Se4Br4Au4
0.009195175853145006,False,1.8436943991865125,-0.01531508670125282,True,3.2305267986972,0.013118702361755592,1.0131187023617556,True,0.03770627615022807,0.962293723849772,False,4AsGeSe-1,Ge4As4Se4
0.0010244545855486952,False,1.3561519684428434,-0.0016335883698531527,False,1.5622558705840177,2.0712037870928317e-16,1.0000000000000002,True,9.410526421951349e-09,0.9999999905894735,True,4SbSeSi-1,Si4Se4Sb4
0.00043906076097863825,False,13.114816360031721,-0.0011358211443083586,False,11.44693529496445,0.0,1.0,True,1.1698566246979528e-16,1.0000000000000002,True,2Cl2Cu2S3-1,S6Cl4Cu4
0.016354567790479273,True,4.161373087127305,-0.003348119306608282,False,3.4351078756696687,1.0942152104749328e-05,0.9999890578478953,True,8.026201007063216e-10,0.9999999991973799,True,4AuClS-1,S4Cl4Au4
0.002297533638902252,True,1.1744836793052058,-0.002562756449133171,False,2.5365613926646837,1.0852175646294517e-05,0.9999891478243537,True,9.162692331714097e-07,0.9999990837307668,True,4GeSSb-1,S4Ge4Sb4
0.00015965972336466462,False,3.0648193400250925,-0.00019294657798828055,True,2.0246676944260886,0.0,1.0,True,0.0,1.0,True,2CSbSnH3S3-1,H6C2S6Sn2Sb2
0.006285936377886634,False,2.7017711497745327,-0.0013484860962235906,False,25.20375036034478,0.008167921764746384,1.0081679217647463,True,1.4301726990567033e-16,0.9999999999999999,True,2AgClNC3H4-1,H8C6N2Cl2Ag2
0.0006059653363695793,False,5.472391417684522,-0.0006784547754396751,False,1.5149975824269641,0.0,1.0,True,1.5732149042164932e-16,0.9999999999999999,True,2OsSe2-1,Se4Os2
0.0005425470588966921,False,1.1237094424345886,-0.0001205420914304441,False,4.69733437475187,2.1481132290901971e-16,1.0000000000000002,True,1.6794926242201756e-16,1.0000000000000002,True,1Ag2Cl2Se3P4-1,P4Cl2Se3Ag2
0.007629689077974582,False,2.01342566470401,-0.003645917214966261,False,1.9164981612644907,0.009976505518756076,1.0099765055187562,True,0.006329009626778109,1.006329009626778,True,2HInTeS4-1,H2S8In2Te2
0.0017016069967102196,False,19.153998441710183,-0.0004388544513443124,False,29.848891788250842,0.20580168306878346,1.2058016830687834,False,0.0,1.0,True,4AgBrSe-1,Se4Br4Ag4
0.009687219080560664,False,23.545034186895332,-2.0906065087410097e-05,False,1.9958692247877508,5.9737077153531215e-06,0.9999940262922846,True,0.0,1.0,True,4PtI2-1,I8Pt4
3.221929378460652e-05,False,1.006889661349475,-0.0014278645786134723,True,2.260212525800953,0.0,1.0,True,0.0,1.0,True,1SnSb2Te4-1,SnSb2Te4
0.001932836958160342,True,1.6952131497103202,-0.0015441895126808783,False,4.42339965014618,0.011681505779968973,1.011681505779969,True,0.005019557677145708,1.0050195576771457,True,1Ag2Br2Se3As4-1,As4Se3Br2Ag2
2.7451266136715964e-06,False,1.0003765231070048,-1.0666419830164093e-05,False,1.0010148382589974,0.0,1.0,True,1.1276063204178405e-16,1.0000000000000002,True,2CuI-1,Cu2I2
0.0009071641937922888,False,2.3338890190647326,-0.00034848593006911536,False,2.5360418032654386,1.9175577676686012e-16,1.0000000000000002,True,1.776924245263069e-16,1.0000000000000002,True,1IOsPtBr5-1,Br5IOsPt
9.47020358411515e-05,True,67.69774691232507,-0.0009330769627726125,False,9.835605142434316,0.0,1.0,True,0.0,1.0,True,1AsISe-1,AsSeI
0.020068818444431345,False,2.11538795945839,-0.004500504209136254,False,1.1297861587570956,2.5962010690117636e-07,0.9999997403798931,True,2.3135334093801885e-06,0.9999976864665906,True,4AuITe-1,Te4I4Au4
0.0008950022877221806,False,1.3418168412728542,-0.0028243196143290707,False,1.896582690873939,1.1555961161660338e-16,1.0000000000000002,True,0.006216401339326352,0.9937835986606737,True,2AuBr-1,Br2Au2
9.214243444727372e-05,False,2.3201974255862314,-9.02805617094898e-05,False,1.0153242269464398,1.4285245449800888e-16,1.0000000000000002,True,1.1860160517060017e-16,0.9999999999999999,True,1SnTe-1,SnTe
0.002197740565742014,False,3.9568529444427902,-0.005557848640240623,False,9.157471836986769,2.3053593338796674e-09,0.9999999976946407,True,1.985509105356392e-05,0.9999801449089465,True,4HgTe-1,Te4Hg4
7.825934132081204e-06,False,1.0038705114638218,-1.5348728812718268e-05,False,1.005870417928032,0.0,1.0,True,1.5602263811791767e-16,0.9999999999999999,True,1MoW3Te8-1,MoTe8W3
0.003605554967483869,False,1.5276598652234903,-0.00014574331094892984,False,1.4834671060550362,0.00356605915189803,0.996433940848102,True,0.0,1.0,True,2AuClTe2-1,Cl2Te4Au2
0.020121272491978648,False,87.58993529564533,-0.003807172495846092,False,7.330351952880196,0.02985416725358319,0.9701458327464169,False,0.05234702363337391,0.947652976366626,False,1AuBiP2Se6-1,P2Se6AuBi
0.007464269522751233,False,1.1592086847179843,-0.0025508743144751476,False,1.379025604618939,5.493495862891223e-06,0.9999945065041371,True,1.402790281973739e-06,0.9999985972097181,True,2IRe3Te4-1,Te8I2Re6
8.958682444316142e-05,False,1.0586950087091451,-0.00043446018373856376,False,8.28426541772636,0.0,1.0,True,0.0,1.0,True,2IrI3-1,I6Ir2
0.0003647537037771434,False,1.6170838003192953,-0.002255817951262239,False,1.221510487379048,0.0,1.0,True,7.642714208025654e-06,0.9999923572857919,True,2PdI2O6-1,O12Pd2I4
2.2964991528685246e-06,False,1.0004658640886261,-0.00036233189639085144,False,1.0230317608911836,0.0,1.0,True,0.0,1.0,True,1As2Pd3Se8-1,As2Se8Pd3
0.0018770307769337624,False,7.900101973373028,-0.003376639742700344,True,5.311548181667346,4.889231524952333e-16,0.9999999999999996,True,1.9593031272817838e-06,0.9999980406968727,True,2PtTeS3-1,S6Te2Pt2
0.00845245538868605,True,1.3860303931312992,-0.00023918005207142838,False,1.0069888052173397,0.054264649791670345,0.9457353502083297,False,0.0,1.0,True,2GaSiTe3-1,Si2Ga2Te6
0.009411162133138914,False,72.81751589207178,-0.0025714691725594045,False,14.901157249694291,0.20929420304785465,1.2092942030478546,False,0.03743220484789545,1.0374322048478954,False,1AgSbP2Se6-1,P2Se6AgSb
0.0006669609630941526,False,2.071965968441819,-0.000821074335924042,False,2.0008440719363754,0.0,1.0,True,0.0,1.0,True,4GePSe-1,P4Ge4Se4
0.006304995475119515,False,2.2972953213393854,-0.0016728567403904964,False,56.840586204050595,0.01940232907307076,1.0194023290730707,True,0.007996272303416527,0.9920037276965835,True,1Ag2I2S3Sb4-1,S3Ag2Sb4I2
0.001052855464772683,False,1.7409505773483116,-0.00044591548344762,False,1.1237040580653945,0.0,1.0,True,1.3370009323575587e-16,1.0000000000000002,True,1MoCr3Te8-1,Cr3MoTe8
0.0313690184725993,False,3.765678363576766,-0.021005482210009686,False,1.634346625955294,0.011179519760530039,0.98882048023947,True,0.06146679831230397,1.061466798312304,False,4CuISe-1,Cu4Se4I4
1.0236456933077745e-05,False,1.0001730459068836,-0.0019664527822960006,False,1.0460349688664605,0.0,1.0,True,0.0036690120881341815,0.9963309879118658,True,1CSiH2-1,H2CSi
0.0017468192009085066,False,2.378694724470829,-0.00017396636180824423,False,8.061922599949648,0.005647009393433495,1.0056470093934335,True,0.0,1.0,True,1Br2Cu2Se3P4-1,P4Cu2Se3Br2
0.005164077531347145,False,4.150830358076098,-0.0015620904877897167,False,1.3424278334284458,0.06886883682925689,0.9311311631707431,False,0.03431868643648992,1.03431868643649,False,2AgBrS2-1,S4Br2Ag2
0.00471659758228115,True,8.285365692165305,-0.013051287523103252,True,4.9861077974645625,0.1073001070496971,1.107300107049697,False,0.08677621204281957,1.0867762120428195,False,1Cu2I2S3Sb4-1,S3Cu2Sb4I2
0.0005073526858965857,False,1.0116812721661856,-0.006749295650144534,False,11.1543426737036,0.0,1.0,True,0.5861431918741746,0.41385680812582537,False,2STl-2,S2Tl2
3.970232041748695e-06,False,1.0000819487991683,-2.164261458381866e-06,False,1.0055883140770636,0.0,1.0,True,0.0,1.0,True,1P2Ni3Se8-1,P2Ni3Se8
4.42842751845407e-06,False,2.4205815947105833,-0.00041668013354722433,False,7.197230081439598,0.0,1.0,True,0.0,1.0,True,1CuSbP2Se6-1,P2CuSe6Sb
0.005676040565705975,False,10.147474582403355,-0.0005391810191219464,False,3.289887426824584,0.03921137589686369,1.0392113758968637,False,0.0,1.0,True,2AsCGeH3S3-1,H6C2S6Ge2As2
0.0009966711853335137,True,1.3943487665891645,-0.000698856825272564,False,2.999795262225494,1.2670753907062163e-16,0.9999999999999999,True,1.8783111455648545e-16,0.9999999999999998,True,2CuISe2-1,Cu2Se4I2
0.012371377523264908,False,20.05889853456656,-0.024586558592355662,True,8.190674651461377,0.04908706919831357,1.0490870691983136,False,0.7037328286364747,1.7037328286364748,False,1Ag2I2Se3Sb4-1,Se3Ag2Sb4I2
0.003660163252766549,False,1.7421973916805602,-9.665770645936162e-05,False,3.7387732700938208,0.006162025748354817,1.0061620257483548,True,0.0,1.0,True,2P2S3-1,P4S6
0.027773590794573474,False,3.411463576372171,-0.003000397233610736,False,1.2374407509061571,0.13829240441697851,0.8617075955830215,False,0.012398741419301862,0.9876012585806981,True,4CuITe-1,Cu4Te4I4
0.06422595793917935,False,2.272916918773533,-0.00264241022798662,True,3.247752120357565,0.12994530869030343,1.1299453086903035,False,0.01733839231428037,1.0173383923142805,True,2As2S3-1,S6As4
0.0009036848291117234,False,14.886739841031067,-0.012785550961890315,True,2.019253089844097,0.0,1.0,True,0.04632646732479783,1.0463264673247978,False,1AuTlI6-1,I6AuTl
9.832614026338169e-08,False,1.0031052041462594,-0.0003333572079867926,False,1.012877827779575,0.0,1.0,True,0.0,1.0,True,2InSiTe-1,Si2In2Te2
0.009483034203966734,False,1.1334166029005033,-0.003352500809864194,False,2.4090587096484684,0.017104643721555526,1.0171046437215556,True,0.007994111499833952,1.0079941114998339,True,4GeSbSe-1,Ge4Se4Sb4
0.007983272697530597,True,3.0937988670759338,-0.013270436491671091,False,9.688286429116564,0.02622822633903879,1.0262282263390388,False,0.06308187298985755,1.0630818729898575,False,1Ag2I2S3As4-1,S3As4Ag2I2
0.0007987379639258928,False,3.0865185618940387,-0.0002442585109201629,False,7.285157629898543,0.0,1.0,True,0.0,1.0,True,2PdTeS3-1,S6Pd2Te2
0.0013699426661050464,False,1.0065935782191164,-0.00043538996237028156,False,3.738756867604679,0.0,1.0,True,0.0,1.0,True,1Ag2Br2Se3P4-1,P4Se3Br2Ag2
0.0022507603423934683,False,2.8475928028408957,-0.0032559973719530717,False,4.503420235538508,0.0004367529685084478,0.9995632470314916,True,1.9177955077783322e-05,0.9999808220449222,True,2CuINC3H4-1,H8C6N2Cu2I2
2.8161374631637754e-05,False,1.0000153558118,-0.0001614389397575599,False,1.01984419503232,0.0,1.0,True,1.8045817346829532e-16,0.9999999999999998,True,2CH-1,H2C2
0.0017337018085035497,False,4.12670232965086,-0.013077221558623273,True,2.232786227723349,0.0002217276064231202,0.9997782723935769,True,9.856977464574913e-05,0.9999014302253543,True,2CGeSbH3S3-1,H6C2S6Ge2Sb2
0.00010051351840706148,False,11.46808286044777,-6.674941674231433e-05,True,5.11854810476681,0.0,1.0,True,1.27198724049136e-16,0.9999999999999999,True,4SiP2-1,Si4P8
0.009829946194184036,True,1.5200629002639143,-0.06905786620082928,True,2.9177764451337973,9.433476843086607e-05,0.9999056652315691,True,0.00044365586645909473,0.9995563441335409,True,1Cu2I2Se3Sb4-1,Cu2Se3Sb4I2
0.0023837373527265788,False,2.8509804626197854,-0.014617268791497225,False,3.5203854392331717,0.017039745668564858,1.017039745668565,True,0.23877655009254092,1.238776550092541,False,1CoITe-1,CoTeI
0.0011032006619293032,False,13.394224170809052,-0.002410748441558966,False,7.489495670745731,0.0,1.0,True,0.0459414703643243,1.0459414703643244,False,2HPAs2S6-1,H2P2S12As4
0.0017897998904631636,False,1.1561100105987858,-0.000282944107995035,False,1.6651849592886394,0.013073640459701896,1.0130736404597018,True,0.0,1.0,True,2AgITe2-1,Ag2Te4I2
0.0007083774643869944,True,1.802924066904881,-0.004836614924520785,False,3.589073265678419,0.0,1.0,True,0.04644390256214852,1.0464439025621486,False,2CuITe2-1,Cu2Te4I2
0.009590321843845005,True,140.91473334760434,-0.00011773950412471207,True,5.676985856733897,0.000603077429622443,0.9993969225703776,True,0.0,1.0,True,1AsITe-1,AsTeI
0.0003824179525622848,False,7.805332912658258,-0.1827634301602723,False,15.987327219844966,0.0,1.0,True,0.48716743819064157,0.5128325618093584,False,1Ag2I2Se3As4-1,As4Se3Ag2I2
7.769055986857823e-05,False,1.0574714106772913,-0.0007676683529711122,False,1.0504470085730722,0.0,1.0,True,1.990345357860092e-16,0.9999999999999998,True,2ISb-1,Sb2I2
0.005604184342570654,False,2.5503979658070954,-0.00012897718422394953,False,5.082610494359016,0.023222349486431457,1.0232223494864314,False,0.0,1.0,True,1Sb2Te3-1,Sb2Te3
0.0013453804014254877,True,1.6452577163849003,-0.0014274372190724413,False,1.4428883501657803,0.0,1.0,True,1.5176571971048704e-16,0.9999999999999999,True,2AuClSe2-1,Cl2Se4Au2
0.0003713244875701771,True,11.620767495065552,-6.220885784023426e-05,False,1.9775818361422164,1.569321942366502e-16,0.9999999999999999,True,0.0,1.0,True,2HP3S6-1,H2P6S12
0.00018030058318887983,False,1.0764693507655365,-0.00012019744646983491,False,5.153011298826073,1.1310264930152768e-16,0.9999999999999999,True,0.0,1.0,True,2NiTeS3-1,S6Ni2Te2
0.005846531968176343,False,1.7862300398561513,-0.007098610456412258,False,3.3983758188004587,0.06590792577769873,1.0659079257776987,False,0.015687622828794188,0.9843123771712058,True,1Cu2I2Se3As4-1,Cu2As4Se3I2
0.005240444586070818,False,163.45112148298267,-0.01943621668659073,False,5.637581426151991,0.3746524047824437,1.3746524047824438,False,0.0469900547228095,0.9530099452771905,False,1AuSbP2Se6-1,P2Se6SbAu
0.000632383395702047,False,37.88586773438095,-0.0005643445967688337,False,1.897398751158382,1.136692805391075e-16,1.0000000000000002,True,2.110556541318399e-16,0.9999999999999998,True,4AgITe-1,Ag4Te4I4
0.0008023311231375081,False,2.835396717615513,-0.0002854716280997735,False,3.7284937278830648,0.0,1.0,True,0.0,1.0,True,4P2S3-1,P8S12
0.006219210706115263,False,4.398185643746412,-0.0008165127918173601,False,1.7408549842439174,0.07524689655179126,0.9247531034482087,False,1.4616086294320428e-16,0.9999999999999999,True,2AuSe-1,Se2Au2
0.026365501198435868,False,2.063889131625831,-4.257475625605262e-05,True,2.0134008840425834,0.04468937319550157,1.0446893731955016,False,0.0,1.0,True,2As2Se3-1,As4Se6
0.0017723786271210693,True,1.156437614502405,-0.0004269542557652974,False,1.5556976349746838,0.0052176124506938424,0.9947823875493061,True,0.0,1.0,True,2AuBrTe2-1,Br2Te4Au2
0.02956896760762595,False,1.3120423162236083,-0.0034049135122471604,False,1.6240357491095114,0.0,1.0,True,0.08457724472999124,1.0845772447299913,False,1Br2Cu2Te3As4-1,Cu2As4Br2Te3
0.012106249207284401,False,6.118712550529006,-0.01566108130859334,False,13.041376457418488,0.005554217014148102,0.9944457829858518,True,0.01722243018519982,0.9827775698148001,True,4CuIS-1,S4Cu4I4
0.00028142418837596615,False,2.4400634115984277,-0.00039818672842628373,False,1.8864285233468312,0.0,1.0,True,1.1780105505127677e-16,0.9999999999999999,True,1STeGe2-1,SGe2Te
1.614858094057031e-05,False,1.0011907673805671,-4.0831554535964436e-06,False,1.000218277753168,0.0,1.0,True,1.9278609036100884e-16,1.0000000000000002,True,1WTe2-1,Te2W
0.00017577981262737044,True,37.98290548630009,-0.0018658334038611699,False,1.002006860447499,0.0,1.0,True,1.0433341812632555e-06,0.9999989566658187,True,1AsIS-1,SAsI
0.001129866818484485,False,1.0038694519234257,-0.002535227506155372,False,1.1100636109340303,0.0,1.0,True,0.005641374091376013,1.005641374091376,True,1CrTe2-2,CrTe2
0.006205402150261012,False,2.713615339112832,-0.003770222575602876,True,1.0553033993880896,0.05303141704533188,0.9469685829546681,False,0.000651196350060492,0.9993488036499395,True,1Tl2Se5-1,Se5Tl2
0.03308117260536398,False,5.1732322240121205,-0.0034831160259597093,True,3.0608886124354493,0.7101970164128688,1.7101970164128688,False,0.001285452501217582,0.9987145474987824,True,1Ag2Cl2Te3P4-1,P4Cl2Ag2Te3
0.02942227427641457,False,2.824902823289364,-0.024418557823451002,False,5.310360510223907,0.13051731746681378,1.1305173174668137,False,0.2006886420261867,0.7993113579738133,False,1AgBiAs2Se6-1,As2Se6AgBi
0.00011870653684400578,False,2.9859823187549264,-0.0001303087468999333,False,4.9080046013741745,1.3906960751214595e-16,0.9999999999999999,True,0.0,1.0,True,1RuBr2-1,Br2Ru
0.004462371936681692,False,9.600144119509686,-0.00030391260205133905,False,1.0033871324214712,0.028574454950983902,1.0285744549509839,False,0.0,1.0,True,1BiCuAs2Se6-1,CuAs2Se6Bi
0.022237427290792776,True,2.5448889173198856,-0.006849406334169852,False,1.5560162539181763,1.2428208332786204e-08,0.9999999875717916,True,5.096140923718329e-05,0.9999490385907628,True,4AuBrS-1,S4Br4Au4
0.003263431288676026,False,1.1237190939270838,-0.00043297985064423566,False,6.561276385336874,0.008161630874689036,1.008161630874689,True,0.0,1.0,True,2IPt-1,I2Pt2
0.0005424381396315769,False,1.6130208305868787,-0.0001521554515487763,False,1.103955938505624,1.1885003432962728e-16,0.9999999999999999,True,1.312237494552486e-16,0.9999999999999999,True,1CrW3Te8-1,CrTe8W3
0.0002803105445394731,False,2.0045641217259678,-0.0023696632682011372,False,3.0151365191904578,1.7734758660519325e-16,0.9999999999999998,True,0.0016321339127867618,1.0016321339127867,True,2AuI-1,I2Au2
0.0010881517474274197,False,1.7390015391975329,-0.0007189380181257103,False,1.0966698898625526,1.307092201685116e-16,1.0000000000000002,True,1.5179339116847912e-16,0.9999999999999999,True,1WCr3Te8-1,Cr3Te8W
0.0026064604963508577,True,1.2530703750279193,-0.0005500843788201206,False,2.719412819455419,0.005407394155600076,0.9945926058443999,True,0.0,1.0,True,2AuClS2-1,S4Cl2Au2
9.024448634489555e-07,False,1.0032402197350854,-0.0036219330931057817,True,2.246191532771702,1.4862051765311356e-16,1.0000000000000002,True,0.002365682395828602,0.9976343176041714,True,1PbAs2Te4-1,As2Te4Pb
0.0014658379770901633,False,1.0367924696681632,-0.001079232819567472,False,1.0733219170094765,0.0,1.0,True,1.8253539558542708e-16,1.0000000000000002,True,2CrWTe4-1,Cr2Te8W2
0.006261802671971624,False,1.1439622485806789,-0.0002438292289060429,False,2.270688574110133,0.019476942832980924,1.0194769428329808,True,0.0,1.0,True,4ReTe2-1,Te8Re4
0.0015740458815649227,False,4.9455477385937465,-0.0017664033245626267,False,15.512627341964013,1.3525771279385673e-06,0.999998647422872,True,1.4065786006278206e-08,0.999999985934214,True,2AuS-1,S2Au2
0.04328108309725585,False,3.1257530885800238,-0.00429962179068766,False,1.1813447637326635,1.6015080680930376e-05,0.9999839849193191,True,1.3535853656004959e-08,0.9999999864641463,True,4NiI2-1,Ni4I8
0.0011332036005942726,False,2.5280890086422514,-0.006995762570523506,False,1.4123805792147128,0.0,1.0,True,1.367251011741233e-08,0.9999999863274899,True,4AuISe-1,Se4I4Au4
0.0008296826823021168,False,1.0224949472476286,-0.0002942203157193924,True,1.0585438116185477,0.0,1.0,True,0.0,1.0,True,2TeTl-2,Te2Tl2
0.0014070347401697674,False,6.881732262756415,-0.0037748938121612867,False,34.8901330926139,1.528474187338788e-16,0.9999999999999999,True,0.11448327997369152,1.1144832799736915,False,4SAs2Se2-1,S4As8Se8
0.0015753457040984457,False,2.306229048075245,-0.0026986886895955997,False,2.421778717261306,0.005142224978905475,0.9948577750210945,True,0.003383857254029379,1.0033838572540295,True,1Cu2I2Se3P4-1,P4Cu2Se3I2
0.005777285136243485,False,2.567248545842924,-0.010227900945547527,True,1.8961793040437913,0.003517020536925358,0.9964829794630746,True,0.0040393060905768935,1.0040393060905768,True,2AgIS2-1,S4Ag2I2
0.00279372429170296,False,4.337030152315709,-0.0018428068508275503,False,5.215144869758328,0.05138417006157082,0.9486158299384292,False,0.018652660543095393,1.0186526605430954,True,2CuS-2,S2Cu2
0.001409222778176801,False,1.4250460493134807,-0.0008915946950716747,True,14.722346422252409,0.0,1.0,True,1.214661219857695e-16,0.9999999999999999,True,2AuSbS3-1,S6Sb2Au2
0.002449172555575078,False,33.01570655584308,-0.00350642043267732,False,11.449081893591703,0.000916398218075608,0.9990836017819243,True,0.00012562924999899957,0.999874370750001,True,4AgISe-1,Se4Ag4I4
0.00014729134758540276,False,7.6287504275454605,-0.00012178732494449067,True,1.3272640553139388,0.0,1.0,True,1.431459853062627e-16,1.0000000000000002,True,4SiAs2-1,Si4As8
0.00011330015636199116,False,1.0004862893256388,-0.0008999167840322492,False,1.0166329768050937,0.0,1.0,True,0.0,1.0,True,1AgAlP2Te6-1,AlP2AgTe6
0.0015531463626255874,False,1.1128898980922624,-0.11116467215194444,False,2.456226395069342,4.429628339196539e-06,0.9999955703716608,True,0.00011350972945557799,0.9998864902705444,True,4PSiTe-1,Si4P4Te4
0.00745767427994062,False,4.275569179335453,-5.2446579696584916e-05,False,2.9921109918691537,2.455597998033357e-15,0.9999999999999976,True,0.0,1.0,True,2NiTe2-1,Ni2Te4
0.1259088213849915,False,19.28414601104616,-0.00018166831801093433,False,1.3094784950371605,0.06678836559325504,0.9332116344067449,False,0.0,1.0,True,1AgSbAs2S6-1,S6As2AgSb
0.000996846738685937,False,88.34825981012354,-9.971545420734367e-05,False,9.311050832536866,2.0135340264834072e-16,0.9999999999999998,True,0.0,1.0,True,1AgSbAs2Se6-1,As2Se6AgSb
0.004992242538964217,False,1.3286518301045063,-0.009231265159499829,False,1.3237123821458103,5.883366639712852e-07,0.9999994116633361,True,4.6164991265111593e-07,0.9999995383500874,True,4AsSiTe-1,Si4As4Te4
1.5046769800033632e-05,False,7.777769197568537,-0.00024991049953653507,False,1.343161293212954,0.0,1.0,True,1.2752863852648553e-16,0.9999999999999999,True,1CuSbAs2Se6-1,CuAs2Se6Sb
6.279966494368024e-06,True,1.0215871385642945,-0.0008580724193364838,True,9.737682439834613,0.0,1.0,True,2.0879752992576147e-16,0.9999999999999998,True,1SeAs2Te2-1,As2SeTe2
0.000763359633167365,True,1.0504137596506904,-0.02716931163570275,True,2.833616997485898,0.0,1.0,True,0.14916931075520543,0.8508306892447945,False,2AuITe2-1,Te4I2Au2
0.008133532625356165,False,2.211082273813319,-0.004726276355806361,False,8.640937479949896,0.052712113742296465,1.0527121137422966,False,0.11308791363503398,1.113087913635034,False,1Cu2I2Te3As4-1,Cu2As4Te3I2
0.0016616330113886021,False,2.191447802207234,-0.0011373901540718647,False,2.095100603106671,1.900146150013145e-06,0.99999809985385,True,0.0,1.0,True,4SiTe2-1,Si4Te8
0.0039877921656446685,True,5.668202760816572,-0.0010733582468134446,False,2.737219737918623,0.04552374823086219,1.0455237482308621,False,1.563900447632699e-16,0.9999999999999999,True,4GeAs2-1,Ge4As8
1.843018715820992e-05,False,1.0211840652278112,-0.0006074324691605714,True,12.640308659379885,0.0,1.0,True,1.7259733908874732e-16,1.0000000000000002,True,1SAs2Te2-1,SAs2Te2
0.004245864387906715,False,1.2473780825288145,-8.799663556147495e-05,False,6.793500214198501,0.05518563987653327,1.0551856398765334,False,0.0,1.0,True,2HPTeS5-1,H2P2S10Te2
0.003370486846028579,True,1.4817601771094948,-0.0005143304559096388,False,2.7851489578191555,0.0418075613034294,0.9581924386965706,False,0.0,1.0,True,2AuBrS2-1,S4Br2Au2
0.0030648688597911225,False,7.107823045806681,-0.0010593882427938014,False,2.2305496503251816,1.3634671500301356e-16,1.0000000000000002,True,0.0,1.0,True,2CuSe-4,Cu2Se2
0.0007417259377482058,False,4.195321522878849,-0.0024989433878363303,True,2.423524711964037,1.2379487463164926e-16,1.0000000000000002,True,0.006458460058194556,1.0064584600581945,True,2GeTe-1,Ge2Te2
0.00028595812473738877,False,1.02720132108748,-5.294358865932303e-05,False,3.2486425070382117,0.0,1.0,True,0.0,1.0,True,2AsSnTe3-1,As2Sn2Te6
0.0013535984335638013,True,1.5436072456958352,-0.00042445792184901807,False,3.462458623761467,1.1603506333762019e-16,1.0000000000000002,True,0.0,1.0,True,2P2Se3-2,P4Se6
0.02224291803719736,True,1.0142006087101443,-0.012871152559677556,False,1.321887424326009,5.885082027485631e-08,0.9999999411491797,True,4.237659232843451e-06,0.9999957623407671,True,4AsGeTe-1,Ge4As4Te4
0.0022918604176021397,False,2.4750136259676387,-0.0031766374061090114,False,1.4900011791512715,2.994028484538803e-09,0.9999999970059715,True,7.795371364189396e-08,0.9999999220462864,True,1Tl2Te5-1,Te5Tl2
0.037652185143349004,False,2.82784330651246,-0.11089933936301494,False,1.6591517248431564,1.64617697694402e-05,0.9999835382302306,True,8.731633421565392e-06,0.9999912683665785,True,4AuI2-1,I8Au4
0.016669165001706492,True,1.5003636183686784,-0.0005930242942003152,True,1.1848703443639852,0.08256514907523652,1.0825651490752366,False,0.0,1.0,True,2Sb2Te3-1,Sb4Te6
0.005588022282059479,True,5.075399419090903,-0.007873842107905132,False,1.8746423290190362,0.05939926056211866,1.0593992605621187,False,0.022025771093375793,0.9779742289066242,False,4SnAs2-1,As8Sn4
8.772392271112501e-05,False,2.5005051497862874,-0.000524179038263919,False,1.0298913900539235,1.7623468347902007e-16,0.9999999999999998,True,0.0,1.0,True,1GeTe-1,GeTe
9.486711845581062e-06,True,1.0099346807043779,-0.007178285472088586,False,3.3229803193085203,1.358014347105101e-16,0.9999999999999999,True,0.08920383732270057,0.9107961626772995,False,1As2Te3-1,As2Te3
0.009847553036975147,False,14.273305834784018,-0.011741370898453948,False,1.1213842335151953,0.06140122773716905,0.938598772262831,False,3.6919837917355784e-06,0.9999963080162083,True,1WAg2Te4-1,Ag2Te4W
0.007362232966211451,False,1.3856771600154842,-0.015747805806602105,False,1.135962122820247,5.555025954477028e-05,0.9999444497404553,True,7.438199222585289e-06,0.9999925618007774,True,4GePTe-1,P4Ge4Te4
0.0025775500645842243,True,1.8514258496490066,-0.005625108285781121,False,1.6148228874169686,2.6795734609537356e-07,0.9999997320426539,True,6.5771450644429414e-09,0.999999993422855,True,4AuIS-1,S4I4Au4
0.00022858804464262838,False,2.2013875249904276,-0.0002966975517892561,False,1.4373075847474852,0.0,1.0,True,0.0,1.0,True,2OsTe2-1,Te4Os2
0.001964297655332604,False,10.483626178653502,-0.00459026015509921,True,8.52151345911876,0.02816051787971589,0.9718394821202841,False,0.18098448144459822,1.1809844814445982,False,4GeP2-1,P8Ge4
0.00604192479663169,False,1.273238995434975,-0.021042285864986243,False,1.2987993919056597,8.115210181567266e-06,0.9999918847898185,True,2.4340475776742992e-05,0.9999756595242233,True,4GeSbTe-1,Ge4Sb4Te4
0.010180370178999778,False,3.9631428449068973,-1.5911288936656108e-06,False,1.0013418499810736,0.023674500963613822,1.023674500963614,False,1.785507120777872e-16,1.0000000000000002,True,2As-1,As2
0.0019489571432071613,False,30.307320627364568,-2.6276807192388537e-07,False,1.0006028421263544,0.012342138496309104,0.987657861503691,True,0.0,1.0,True,2HSi-1,H2Si2
0.0045684958266086805,False,1.3306327313784265,-0.08990794366351576,True,3.058828552088622,0.036199039444916245,0.9638009605550838,False,0.13480990013456573,0.8651900998654343,False,2AuIS2-1,S4I2Au2
0.007725920850756402,False,1.227837283261968,-7.635663433398078e-05,False,1.0216580605235979,1.0908352050679109e-05,0.9999890916479494,True,0.0,1.0,True,1AgBiP2Te6-1,P2AgTe6Bi
0.0027152873417867853,False,2.4531187717665817,-0.017937770827103218,False,2.046843705341089,0.00016417731349337327,0.9998358226865066,True,5.610915808843925e-06,0.9999943890841911,True,4SbSiTe-1,Si4Sb4Te4
0.0018981068293249957,True,4.111257757826732,-0.0013020441369939067,False,1.7880673236242792,0.04042723669035648,1.0404272366903564,False,0.0,1.0,True,4SnSb2-1,Sn4Sb8
0.0002471150460999735,False,7.0903379212542585,-0.0004799644987964402,False,1.06945103922819,1.2726402605869476e-16,1.0000000000000002,True,0.0,1.0,True,2AgSe-1,Se2Ag2
0.0012257834428092953,False,1.0643309635782967,-3.8853469839420207e-05,False,3.215215312129217,1.223906420609523e-16,0.9999999999999999,True,1.891642266224831e-16,1.0000000000000002,True,2GePTe3-1,P2Ge2Te6
0.006878094276066505,False,2.308316739641754,-0.0029405649130183915,False,36.74594658276412,0.011859084459205523,1.0118590844592055,True,0.36907426506002156,1.3690742650600216,False,1RuI2-1,RuI2
0.004998533942882433,False,9.447855082187022,-0.00016750147207781685,True,62.24567824453426,0.009651536413237533,0.9903484635867624,True,2.1457761058689885e-16,0.9999999999999998,True,4P-1,P4
0.0005814773911803461,True,398.83535854780996,-0.00010806896024901241,False,1.0364269361230705,1.1412230862243508e-16,0.9999999999999999,True,1.3657871107828017e-16,0.9999999999999999,True,1AgSbP2Te6-1,P2AgSbTe6
2.688378658408111e-05,False,6.804871044525738,-3.6359435921002436e-05,False,4.214639622010323,1.565080036157656e-16,0.9999999999999999,True,1.2925376765109821e-16,0.9999999999999999,True,2P-1,P2
0.00284542214067698,False,5.767310365217023,-3.8625520394874054e-05,False,3.5954451443034054,0.005954366828607391,0.9940456331713926,True,0.0,1.0,True,4As-1,As4
0.005671945861710736,True,3.6591841298099417,-0.001009960023492224,True,1.6384769222392817,0.03273404768912509,0.9672659523108749,False,0.0,1.0,True,2As2Te3-1,As4Te6
0.000613233044681447,False,3.4320395734681175,-2.4726003554884963e-05,False,6.63782926245305,1.3065569591146606e-16,1.0000000000000002,True,0.0,1.0,True,2AsTe-1,As2Te2
0.002702367013254833,False,4.311029832544219,-0.004107988961836691,False,1.8465963833683958,0.00041682298629387986,0.9995831770137061,True,0.0,1.0,True,4GeSb2-1,Ge4Sb8
5.019082826683983e-05,False,8.754001612613274,-0.0015308826533476701,False,1.9464815299132634,0.0,1.0,True,0.0009654578135336828,0.9990345421864664,True,2AgTe-3,Ag2Te2
0.00024038194087674502,False,5.873785818781135,-0.00010757782348243986,False,26.897152794684683,2.25231149515839e-16,1.0000000000000002,True,0.0,1.0,True,2AgS-1,S2Ag2
0.0007115787622986975,False,7.342162011088105,-7.632193913564434e-05,False,1.049473193278038,0.0,1.0,True,0.0,1.0,True,2Sb-1,Sb2
1.6034445882253823e-06,False,1.0020470137513953,-1.4996446774753229e-05,False,1.0002543829197454,0.0,1.0,True,1.3967510060963938e-16,1.0000000000000002,True,2GeH-1,H2Ge2
0.0018939578148454146,False,6.463159664922013,-0.0008607805265951815,False,10.145402182513987,0.001206196634761004,0.998793803365239,True,0.0,1.0,True,2PSb-1,P2Sb2
