uid,comp_key,gap,gap_hse,gap_gw,E_pred,E_sd,mahalanobis,in_anchor_box
2ScF3-1,F3-Sc1,6.883936707053714,10.024799859577415,,12.914349,0.30708548,7.716396322282694,False
2FOY-1,F1-O1-Y1,5.17330748846039,6.726879214939499,,8.867465,0.2731067,3.0368908290441627,True
2FOSc-1,F1-O1-Sc1,4.619597570808152,6.9857666520924075,,8.957548,0.28589594,5.4550354830268555,True
2KTaF6-1,F6-K1-Ta1,6.0798439543383545,8.68143673805662,,11.238371,0.29819858,5.921112336971797,False
2ClFSr-1,Cl1-F1-Sr1,6.009449023016467,7.351129491723217,,9.7789955,0.2751458,3.8034018809395413,False
2AlFO-1,Al1-F1-O1,5.6726503874705285,7.451110094646179,,9.8071995,0.26752478,3.589100834634054,False
2CaClF-1,Ca1-Cl1-F1,6.020166734741515,7.586685082888464,,10.054306,0.28432006,3.658084023173061,False
2BaBrF-1,Ba1-Br1-F1,4.895385643690123,6.127944538887858,,8.135157,0.2615109,2.8047601062216843,True
2BrFSr-1,Br1-F1-Sr1,5.114279763875212,6.269510738711807,,8.34987,0.2678925,3.132383651638728,True
2BrCaF-1,Br1-Ca1-F1,5.169901371724956,6.384806224215836,,8.50274,0.27059406,3.1021741704622534,True
2ClOSc-1,Cl1-O1-Sc1,4.24337483139518,6.461398367364946,,8.290423,0.29580167,5.0111606425787105,True
2BrOY-1,Br1-O1-Y1,3.491502087094321,4.775862881068465,,6.2699113,0.26355374,1.8377870529623082,True
1TiF2-1,F2-Ti1,1.2877552866404853,2.0961952531252583,,2.7107415,0.27235973,0.7070510728197027,True
1SrP2F12-1,F12-P2-Sr1,6.876035946302497,9.426418483475762,,12.272048,0.30186397,5.698657609095041,False
2BaFI-1,Ba1-F1-I1,3.899982883636374,4.906596916370807,,6.533741,0.26811352,2.0682027439794837,True
2TiO2-1,O2-Ti1,2.8548578251823153,5.342124276048439,,6.6650186,0.30918407,7.041230054406915,True
2FISr-1,F1-I1-Sr1,4.219075560287093,5.170777689308794,,6.903817,0.27231744,2.5325599644272345,True
2CaGe2F6-1,Ca1-F6-Ge2,4.773241093701042,5.992006948733845,,7.965225,0.2770399,2.6983356576151394,True
2CaFI-1,Ca1-F1-I1,3.9588538364803476,5.208879312061292,,6.8581944,0.26908267,2.009407511288718,True
2FSSc-1,F1-S1-Sc1,1.6125027100387688,3.0265352582099236,,3.8033166,0.27904004,3.159589831719026,True
2BrOSc-1,Br1-O1-Sc1,3.210201931910875,5.237291553640096,,6.66519,0.289227,4.743871864625325,True
1BaSb2F12-1,Ba1-F12-Sb2,4.965795654255119,7.344033209756923,,9.44352,0.27584687,5.373892924510628,True
2IOY-1,I1-O1-Y1,1.8161562820185695,2.8342099673596675,,3.6648796,0.26543018,1.1944355897466388,True
2FScSe-1,F1-Sc1-Se1,0.8585338309430461,2.155764909054832,,2.632539,0.27524793,3.3377947205783567,True
1TeNb3F7-1,F7-Nb3-Te1,0.8119590420840308,1.7190866209091031,,2.1405709,0.26447794,1.6572391815419756,True
1SrAs2F12-1,As2-F12-Sr1,4.689493020935764,7.119181141262384,,9.13401,0.2898386,5.683789148001466,True
4IOSc-1,I1-O1-Sc1,1.7919605755595496,3.3501515984261054,,4.2196593,0.2769068,3.6644268038864913,True
2WF2O2-1,F2-O2-W1,2.359577213631714,3.972017419309762,,5.03027,0.27122438,3.4696680996922344,True
4FNZr-1,F1-N1-Zr1,1.9341101477564662,3.2933184290796476,,4.197706,0.26521432,2.6445547225291937,True
2FHfN-1,F1-Hf1-N1,2.3083867123026724,3.5497319843159034,,4.581996,0.25754613,1.8663122627190196,True
1HfW2O8-1,Hf1-O8-W2,3.6353707549177834,5.420085263094771,,6.9886866,0.27732903,3.5070441926208,True
1ZrW2O8-1,O8-W2-Zr1,3.4859994351622325,5.321061306270534,,6.8268886,0.2699172,3.7740592810664775,True
2FNZr-1,F1-N1-Zr1,2.342407261351414,3.5658195476597268,,4.614104,0.26697937,1.771732752884173,True
1CF2Sc2-1,C1-F2-Sc2,1.0195431544119735,2.0665830480106697,,2.6005275,0.2554564,2.049665937218605,True
1Ta2W2O11-1,O11-Ta2-W2,2.747678756802463,4.548981950507414,,5.7832885,0.27165812,4.044977892059998,True
1BaCl2-1,Ba1-Cl2,5.618229366763851,6.916304949670295,9.206941104853309,9.20578,0.27385375,3.457022980235868,True
1CF2Y2-1,C1-F2-Y2,1.117494683708705,1.966112852815507,,2.515216,0.2660017,1.0672666770930643,True
2ZrO3-1,O3-Zr1,3.5863286119644755,5.759643369732689,,7.33724,0.28734183,5.15580017970036,True
1HfMo2O8-1,Hf1-Mo2-O8,3.3107774098316867,5.133859705299372,,6.5858517,0.27286813,3.8089108755235532,True
1ZrMo2O8-1,Mo2-O8-Zr1,3.205209813605472,5.053658305514012,,6.4554586,0.2686086,3.972905680335704,True
2SbScO3-1,O3-Sb1-Sc1,3.3755316387584027,5.077438341403328,,6.5488367,0.2641696,3.2767840073390913,True
1SrCl2-1,Cl2-Sr1,5.738033298715962,7.047010997614251,9.501762974783915,9.373676,0.25761816,3.5660693900283005,True
1CdIn2F8-1,Cd1-F8-In2,3.9771953418927253,6.03510030018629,,7.741037,0.2817011,4.471603940296223,True
1Nb2W2O11-1,Nb2-O11-W2,2.3453287914097434,4.194993443316678,,5.287796,0.2790735,4.547506360453104,True
2HfO3-1,Hf1-O3,3.470314449142186,5.74718813882467,,7.2983527,0.28762606,5.676229742627251,True
2ClTaO2-1,Cl1-O2-Ta1,2.3669837293472207,4.040024234385061,,5.1128917,0.27070823,3.7360158964680292,True
1N2O2Zr3-1,N2-O2-Zr3,0.40056463904407136,0.6158245232797013,,0.8501323,0.268256,1.5376439120718535,True
1CaCl2-1,Ca1-Cl2,5.783509188690621,7.440699079502503,9.883013327683699,9.821249,0.27569917,3.511622514807361,True
1N2O2Hf3-1,Hf3-N2-O2,0.31978003696757185,0.5080412165142487,,0.70466626,0.26807532,1.6182408491673543,False
1ZnF2-1,F2-Zn1,4.505831697772569,7.04070118337718,,8.980882,0.295553,6.20405215650053,True
2AlClO-1,Al1-Cl1-O1,5.728716402441362,7.217401276258211,,9.549788,0.28033996,3.4242004454744417,True
2YCl3-1,Cl3-Y1,5.1126171768740125,6.725866120971198,,8.8431015,0.2709803,3.074768905747956,True
2BrTaO2-1,Br1-O2-Ta1,1.643527278789879,3.107046506666974,,3.906319,0.2825195,3.358642050170306,True
1CHf2O2-1,C1-Hf2-O2,0.9379540178304089,1.680981711677902,,2.1481566,0.25768995,0.8389531024654127,True
2FNTi-1,F1-N1-Ti1,0.7292660092798031,2.3281383848426733,,2.7809465,0.28212917,4.829250572870233,True
1CO2Zr2-1,C1-O2-Zr2,0.9504770541077572,1.7285235727897732,,2.214998,0.26602423,0.9605986901335958,True
1CdF2-1,Cd1-F2,3.806965817767722,5.854292806657696,,7.5024366,0.29197222,4.504920187945594,True
4VO2-1,O2-V1,0.3043577292641606,1.5521383552032275,,1.8055805,0.27506074,3.6945948525852614,True
2FGaO-1,F1-Ga1-O1,3.151661389349166,4.755211768183427,,6.133224,0.2785751,2.9710167134661774,True
2BrNbO2-1,Br1-Nb1-O2,2.006678932596866,3.4687266859580994,,4.3770986,0.27825594,3.053981256305197,True
2AlInO3-1,Al1-In1-O3,2.837893987307134,4.391966049821173,,5.637163,0.27657953,2.914985741123092,True
2AlSbO3-1,Al1-O3-Sb1,3.908596549887496,5.156947113710846,,6.793374,0.2755826,1.975612464777668,True
2BaClI-1,Ba1-Cl1-I1,3.6897872533206053,4.708602008763625,,6.2348924,0.26488248,1.8303343056889385,True
2ITaO2-1,I1-O2-Ta1,0.6144086118236249,1.75534131235199,,2.1402788,0.27489418,2.892278609106334,True
1ZrH2P2O6-1,H2-O6-P2-Zr1,4.2804850310600795,6.395484663595209,,8.225709,0.28471735,4.579695803565413,True
2TiO3-1,O3-Ti1,2.4606855227302034,4.995017646673862,,6.159427,0.31380385,7.560528744674697,True
2ScCl3-1,Cl3-Sc1,3.922367727302634,5.970209229380681,,7.652589,0.2760093,4.454299774997467,True
1BaClI-1,Ba1-Cl1-I1,4.103228532285671,5.10609650454491,,6.79707,0.269053,2.2959910533820684,True
2FPPbO3-1,F1-O3-P1-Pb1,3.728331588105496,5.1239244159641215,,6.6968575,0.27769318,2.157727631519813,True
1SrBr2Ca2S2-1,Br2-Ca2-S2-Sr1,3.106327546327981,4.244068025794117,,5.5634794,0.2700778,1.4106481847757364,True
2AlBrO-1,Al1-Br1-O1,4.142216045055263,5.396859842159907,,7.1189146,0.26650485,2.139608156648985,True
2AlAsO3-1,Al1-As1-O3,4.596195714384544,5.969293617398447,,7.8771033,0.26636097,2.521385612984108,True
1OSTi-1,O1-S1-Ti1,0.5609357010951475,1.7765150334479722,,2.1374638,0.26861703,3.279355075900325,True
1BiScCl2O2-1,Bi1-Cl2-O2-Sc1,2.3712461508176057,3.4597619396708565,,4.5045424,0.2704271,1.2154718127238948,True
1CaBr2-1,Br2-Ca1,4.862661452815692,6.286147049980412,8.458041586588111,8.298087,0.26473135,2.735535731782772,True
2INbO2-1,I1-Nb1-O2,1.1880844616578965,2.29497312387122,,2.8845086,0.2716375,2.1496808508268193,True
1OZrBr2-1,Br2-O1-Zr1,1.0475969077218084,2.245050461752524,,2.7950158,0.2732967,2.6983247336121794,True
1CO2Ti2-1,C1-O2-Ti2,0.32458147416536764,1.294976125272457,,1.5516206,0.25785002,2.4741449889319282,True
2ClSSc-1,Cl1-S1-Sc1,2.109342912083189,3.5279813621199927,,4.493037,0.26244393,2.7805343502513544,True
4CaTeO3-1,Ca1-O3-Te1,3.9690038257621505,5.347852682809339,,7.0108433,0.2677292,2.1876891503328735,True
1WO2-1,O2-W1,1.3403824808745433,2.0968675991813504,2.7062253623509047,2.7378504,0.26986724,0.42338167069509447,True
2BrSY-2,Br1-S1-Y1,3.07559643706817,4.218555790040501,,5.5399857,0.26761815,1.409669525363087,True
2CaF2O2H4-1,Ca1-F2-H4-O2,6.025253430227339,7.9662019138200115,,10.447125,0.2714585,4.0161813439486815,False
4SrTeO3-1,O3-Sr1-Te1,4.028316505485041,5.383995405926604,,7.080324,0.25958946,2.1720642348430443,True
2MgTeWO6-1,Mg1-O6-Te1-W1,3.463759485850571,4.86731332235294,,6.3411674,0.26019162,2.157006637255986,True
1WMo3O8-1,Mo3-O8-W1,0.9810333780402016,1.7306708570208325,,2.2113857,0.26377442,0.8129549542406157,True
2WZnO4-1,O4-W1-Zn1,3.3697384319349157,5.335343849999174,,6.7887516,0.28378814,4.38415621689312,True
1MoO2-1,Mo1-O2,0.9123966902883982,1.6514393423740092,2.3167587021309046,2.1165493,0.25306442,0.8544790764722133,True
2YBr3-1,Br3-Y1,4.086510250660241,5.477992205514946,,7.1760015,0.26748133,2.2567631336501677,True
1OScHf3N3Br4-1,Br4-Hf3-N3-O1-Sc1,2.6768318553495067,4.148427150011814,,5.3110294,0.2627128,2.6497660456568948,True
2MgMoTeO6-1,Mg1-Mo1-O6-Te1,3.167068031802471,4.611210101647563,,5.971892,0.26898262,2.3382380935860314,True
1ClBr3S4Sc4-1,Br3-Cl1-S4-Sc4,2.135526905711136,3.5620425650405876,,4.5452523,0.27333426,2.7968131712844087,True
2SrSb2O4-1,O4-Sb2-Sr1,3.237015535272806,4.358141008303635,,5.7355137,0.26093325,1.4465904082935153,True
2CaSb2O4-1,Ca1-O4-Sb2,3.003848169646221,4.082977674230119,,5.346189,0.28067067,1.2693472647934567,True
2ClScSe-1,Cl1-Sc1-Se1,1.4088730894940784,2.7016107379747263,,3.3995776,0.26873055,2.7869382033865677,True
2ClScBr2-1,Br2-Cl1-Sc1,3.0674273891359602,4.935391666345325,,6.2988014,0.27512133,4.136521992256322,True
1CrMo3O8-1,Cr1-Mo3-O8,0.6262153926157867,1.3512016747745197,,1.7128481,0.2553279,1.1464905899056845,True
4CaSeO3-1,Ca1-O3-Se1,4.533149751124865,6.044605616137622,,7.929637,0.27372962,2.650107554705143,True
2TlF3-1,F3-Tl1,3.0462705418099194,4.7400790573229,,6.0739374,0.26051727,3.3987126182222402,True
2BaSb2O4-1,Ba1-O4-Sb2,3.4138359437177903,4.562250290209893,,6.016085,0.25681493,1.5782763853216932,True
1MgCl2-1,Cl2-Mg1,5.94118234136039,7.294068617459455,9.598559353258569,9.688095,0.28696394,3.719783176738437,True
2ClNZr-1,Cl1-N1-Zr1,1.9229505723919929,3.0814082084546826,,3.9651146,0.2674416,1.7472609878366838,True
4BSbO3-1,B1-O3-Sb1,3.855674400677423,5.051091062800034,,6.6515317,0.2699463,1.9062166650454084,True
2PSbO4-1,O4-P1-Sb1,4.374086019050267,5.769998647690189,,7.601231,0.26738867,2.402820080643779,True
4BBiO3-1,B1-Bi1-O3,2.864869750225151,4.227155951656679,,5.486663,0.26953208,2.1156788762545586,True
2ClHfN-1,Cl1-Hf1-N1,2.3303561722892914,3.4459131562530994,,4.4800634,0.27221894,1.3331228211769215,True
2ClCs-1,Cl1-Cs1,4.459816516327901,5.654182203452806,,7.499554,0.2666945,2.4181564567041667,True
2BiPO4-1,Bi1-O4-P1,3.3318614319666335,4.96949337906136,,6.406996,0.2685854,3.035504663057423,True
2MoZnO4-1,Mo1-O4-Zn1,2.9151884501885874,4.852601609005363,,6.167982,0.27738035,4.536865651473889,True
2NbF2Se2-1,F2-Nb1-Se2,1.1185472637720553,1.8356440861598224,,2.3900466,0.2682787,0.5272646512709749,True
1PbSrS2O8-1,O8-Pb1-S2-Sr1,3.6745787566547063,5.262355922733788,,6.818801,0.26918146,2.7518087380951894,True
4BiFSrS2-1,Bi1-F1-S2-Sr1,0.8263264437254725,1.3812693790814285,,1.783017,0.26328456,0.5672338735620492,True
4BaBiFS2-1,Ba1-Bi1-F1-S2,1.3995060789219393,2.3544039097432305,,3.0205348,0.2564879,1.2549225872430845,True
4FSbSrS2-1,F1-S2-Sb1-Sr1,1.5263494412558347,2.0915079441113678,,2.7759995,0.26019037,0.6410924414622297,True
1BaI2-1,Ba1-I2,3.8728610404507675,4.873623187282922,,6.485404,0.27548856,2.048550316072057,True
1BaH2O2-1,Ba1-H2-O2,3.659238880380684,5.260634798908016,,6.8197293,0.26723385,2.8029342205115393,True
2AlHSO4-1,Al1-H1-O4-S1,5.128624687904397,6.800169884150914,,8.927894,0.27436656,3.1747665188267082,True
2BrIS2Sc2-1,Br1-I1-S2-Sc2,1.7259337404008561,3.0905505116630168,,3.9059503,0.26127294,2.837363635901329,True
4BaBiFSe2-1,Ba1-Bi1-F1-Se2,0.9029976565740716,1.6177922571557684,,2.0846138,0.25870883,0.7780447753438648,True
2ScBr3-1,Br3-Sc1,2.975465541659034,4.821896063894171,,6.1257977,0.2858573,4.09838261655433,True
1MgH2O2-1,H2-Mg1-O2,3.351730821000856,5.028010763049256,,6.475021,0.26554942,3.182857782369272,True
2FSi-1,F1-Si1,0.6661590555599868,1.491619565114505,2.3327620780818847,1.8673065,0.26363215,1.4828855533562446,True
2SrBi2O4-1,Bi2-O4-Sr1,2.704086347886675,4.03757326156073,,5.228568,0.25978172,2.061053622681743,True
4FSbSrSe2-1,F1-Sb1-Se2-Sr1,0.8777749632937417,1.2488087016857556,,1.6920023,0.25812668,1.0855225042858343,True
2CaBi2O4-1,Bi2-Ca1-O4,2.5678552853621,3.9229353860069196,,5.0433874,0.2733027,2.212491053919856,True
4FPSrS2-1,F1-P1-S2-Sr1,2.0696137339659257,2.936092485806293,,3.852587,0.25217724,0.5136343181141044,True
2BrScSe-1,Br1-Sc1-Se1,1.5101878081364393,2.819994712643887,,3.5525684,0.27772704,2.7735507409458853,True
2BaBi2O4-1,Ba1-Bi2-O4,2.868364226072928,4.145660051447962,,5.3952627,0.27472398,1.7939527822627883,True
2MgCl2-1,Cl2-Mg1,4.50389946664683,5.908026099104898,,7.7923703,0.25518703,2.4865629925651715,True
4BaFPS2-1,Ba1-F1-P1-S2,2.056031620230755,2.959987251455992,,3.8878026,0.25418785,0.6166487816349475,True
1SrI2-1,I2-Sr1,3.9838389498119176,5.007424493923699,,6.6683626,0.26024583,2.1310260181528284,True
2HSLi3O4-1,H1-Li3-O4-S1,4.475084748779595,5.693607965069441,,7.5392437,0.26928794,2.4175547140216653,True
2CKSF3O3-1,C1-F3-K1-O3-S1,5.904051683439757,7.673819026588019,,10.103326,0.265228,3.6943879688979666,False
2BrNZr-1,Br1-N1-Zr1,1.6180290775462298,2.7587314781907537,,3.5215595,0.2676895,1.9073638739298866,True
1ZnRe2O8-1,O8-Re2-Zn1,3.9662269407194954,5.699539845242606,,7.398313,0.26822227,3.2165384369589285,True
1ZrCl2-1,Cl2-Zr1,0.9805987984608411,1.5000278666185858,1.9926315565514572,1.9709666,0.26154158,0.5705236172329076,True
4AsFSrSe2-1,As1-F1-Se2-Sr1,1.355571902382975,1.9763555398207426,,2.5952454,0.26695302,0.27059882698351934,True
2BrHfN-1,Br1-Hf1-N1,2.063982761810762,3.2998013148662406,,4.2398596,0.26450723,1.9940594556017641,True
2ClPSnO3-1,Cl1-O3-P1-Sn1,4.08188617918623,5.166210715542963,,6.861889,0.27903768,2.1507676924076216,True
1CrO2-2,Cr1-O2,0.4157070981881432,1.1440773459972675,1.2304957578581073,1.429306,0.26653543,1.4113428061540652,True
1ZrK2H6O6-1,H6-K2-O6-Zr1,4.248265023806075,5.902046482910049,,7.685856,0.27844417,2.9299773919371033,True
1HfNa2H6O6-1,H6-Hf1-Na2-O6,4.113092933848167,5.786264659792344,,7.5225067,0.2624287,2.9918993412540993,True
2HTeLi3O4-1,H1-Li3-O4-Te1,4.036854149464261,5.347235093469902,,7.036024,0.26958984,2.1144890557152753,True
2ISSc-1,I1-S1-Sc1,1.6624544227876599,3.060068392106421,,3.8481932,0.27024013,3.041614477860122,True
2ZrCl2-1,Cl2-Zr1,0.5958053936543117,1.1605541943618207,,1.4836156,0.25722325,0.7725585474586273,True
2TeWZnO6-1,O6-Te1-W1-Zn1,3.4048179462946004,4.792243812755025,,6.2587996,0.26837528,2.107452543442444,True
1ZrNa2H6O6-1,H6-Na2-O6-Zr1,4.1787143214842954,5.84739266974978,,7.60173,0.26878285,2.9750523810128917,True
1CaI2-1,Ca1-I2,3.5370804094414625,4.81247148308007,6.919677265299226,6.30339,0.26884773,1.8324198222754138,True
1CdF2O2Pb2-1,Cd1-F2-O2-Pb2,2.8921873150383997,4.07369711111415,,5.309997,0.26768127,1.4727801903047342,True
4BaFPSe2-1,Ba1-F1-P1-Se2,1.7207063109501086,2.5467428505880676,,3.3256788,0.2701595,0.4116149863030131,True
4FPSrSe2-1,F1-P1-Se2-Sr1,1.6480449863077595,2.3970468307769286,,3.1259034,0.25397,0.13819408687559823,True
2GaInO3-1,Ga1-In1-O3,2.182524378630798,3.6648377168787616,,4.669661,0.28413355,3.013297679544345,True
2OTaBr2-1,Br2-O1-Ta1,0.8345128288909933,1.7004698061983388,,2.149354,0.25651926,1.4568314314999466,True
2HP3O6-1,H1-O6-P3,4.414783000473404,5.828959430655282,,7.670374,0.26681745,2.447348308027874,True
2AlHSeO4-1,Al1-H1-O4-Se1,4.475845727404332,6.063001669658007,,7.9215455,0.28095883,2.785148242036362,True
4AsLiO2-2,As1-Li1-O2,4.0521570883804365,5.391756674019026,,7.0989723,0.27235028,2.159757666139917,True
2WAs2O6-1,As2-O6-W1,1.8113097166569867,3.1376084354241884,,3.9779618,0.26374713,2.5925494867721284,True
2HPSb2O6-1,H1-O6-P1-Sb2,4.21688497042998,5.463422220959688,,7.2165112,0.2770606,2.1937315990280633,True
2MoSb2O6-1,Mo1-O6-Sb2,1.9132096777616483,3.217169463190662,,4.1000414,0.27117115,2.4105943895953694,True
2ClMoO2-1,Cl1-Mo1-O2,0.7096050928629332,1.7620718429607651,,2.1839683,0.26235056,2.400747489544778,True
2ClScTe-1,Cl1-Sc1-Te1,0.3988666628613984,1.4409396861254418,,1.7317332,0.26374328,2.6955111399669653,True
2HSeLi3O4-1,H1-Li3-O4-Se1,4.572113134494854,5.85623893684774,,7.741897,0.2676639,2.4815805242908144,True
2GaSbO3-1,Ga1-O3-Sb1,3.7587698701503376,4.973032755334708,,6.5447206,0.26571047,1.851748640818583,True
1SSeI2Sc2-1,I2-S1-Sc2-Se1,1.4488244562290538,2.7675497364290447,,3.4718878,0.27237013,2.869282972852672,True
2BLiH4O4-1,B1-H4-Li1-O4,4.879850630113147,6.616432628917067,,8.656338,0.27225524,3.2341809141455844,True
1HfS2-1,Hf1-S2,1.2211274004437893,2.1480176087306377,2.9379879773506685,2.75238,0.26537842,1.3042395225271641,True
1NbOScSeBr4-1,Br4-Nb1-O1-Sc1-Se1,2.0433954407335735,3.2415767190300304,,4.1662674,0.26330677,1.8406660710504532,True
1BrHfZr3Cl7-1,Br1-Cl7-Hf1-Zr3,0.6162549335721383,1.1803806191802333,,1.5293099,0.26115388,0.7516279850942149,True
1CCl2Y2-1,C1-Cl2-Y2,0.9606295040682515,1.7633177071617503,,2.2577996,0.2720832,1.048910591429445,True
1ZrS2-1,S2-Zr1,1.1591954974296987,2.1674626829675745,2.8850604558188024,2.7446387,0.2648871,1.7329562806591359,True
1CCl2Sc2-1,C1-Cl2-Sc2,0.8829734436116761,1.9068414588953282,,2.395452,0.2691846,2.089400148882356,True
2HLiO-1,H1-Li1-O1,3.935352440756461,5.6121973418083115,,7.2963986,0.27144432,3.022377143191793,True
4BaFSbTe2-1,Ba1-F1-Sb1-Te2,0.5118619584539493,0.8961809114146265,,1.1722801,0.27094063,0.9958575435722222,True
2ClNTi-1,Cl1-N1-Ti1,0.6197210363587831,2.0923398281946506,,2.4967723,0.28211567,4.368674759053511,True
1GeO2-1,Ge1-O2,3.641316492039854,5.355296396300146,7.022581804967274,6.9289308,0.26928276,3.2275416411669733,True
1MgLi2S2H4O8-1,H4-Li2-Mg1-O8-S2,4.729470308238289,6.020060696821162,,7.967951,0.26662937,2.6142931424241205,True
2BNaH4O4-1,B1-H4-Na1-O4,4.681447711520445,6.454110000858065,,8.396894,0.2806648,3.301858918174474,True
4NaSbO2-1,Na1-O2-Sb1,3.541237167463695,4.746921375691008,,6.238709,0.26760268,1.7163129487758142,True
2HSNa3O4-1,H1-Na3-O4-S1,3.856666176466328,5.084425041934689,,6.696223,0.26200494,1.9256794430753048,True
1SnO2-1,O2-Sn1,2.682843652111906,4.204344282699862,5.444250711973135,5.393253,0.27347568,2.8605239142783816,True
2HPPbO3-1,H1-O3-P1-Pb1,3.9166760883579976,5.2854384529445895,,6.9315934,0.2705526,2.149220686109679,True
2SrPb2Cl6-1,Cl6-Pb2-Sr1,2.9982859584821338,4.086767287032198,,5.3658004,0.26079422,1.280725041527526,True
2MoCl2O2-1,Cl2-Mo1-O2,2.3687396599565638,3.881438529047342,,4.964175,0.26810572,3.018229601158504,True
2SrCl2O2H4-1,Cl2-H4-O2-Sr1,5.5700525165625265,6.943333130338282,,9.2202635,0.27644467,3.3356470395012994,True
1HgF2-1,F2-Hg1,1.7281218969599035,3.4305103462807276,,4.2704062,0.28595707,4.376101427546318,True
2IScSe-1,I1-Sc1-Se1,1.3932262295252347,2.700974120683173,,3.3669903,0.2660814,2.8697465096276855,True
1MgNa2S2H4O8-1,H4-Mg1-Na2-O8-S2,4.454158090133488,5.737877923226915,,7.581874,0.2731485,2.3853615603801126,True
1HfCl2-1,Cl2-Hf1,0.9080015510264763,1.4708526062518574,2.0915107901850156,1.9283766,0.2604458,0.5074893247093888,True
1TiCl2-1,Cl2-Ti1,0.9025427349939996,1.39546825384936,1.6364286912586663,1.8537283,0.26807246,0.6523965077821696,True
2CaClH-1,Ca1-Cl1-H1,3.9244524368202764,5.233449755490089,,6.8824625,0.26333332,2.052852302935768,True
1MgBr2-1,Br2-Mg1,4.588106457672427,5.744420890628533,7.716273016369211,7.633888,0.26985255,2.5792439114514707,True
2ClGaO-1,Cl1-Ga1-O1,3.6737700855519333,4.957459341310971,,6.498235,0.2602286,1.8986635067727204,True
2HPAs2O6-1,As2-H1-O6-P1,4.555794861602395,5.999065135105331,,7.881642,0.26719847,2.559769573325566,True
2AlCl3-1,Al1-Cl3,5.487420265279271,6.980368311072746,,9.235608,0.2756331,3.2257217341628714,True
2ClKF4-1,Cl1-F4-K1,3.6559331154632657,5.658228882379254,,7.2579083,0.27351272,4.38980011327973,True
2AsFPbO3-1,As1-F1-O3-Pb1,3.3340263016133855,4.677023815794093,,6.09815,0.2656364,1.970444544910901,True
4AsBaFTe2-1,As1-Ba1-F1-Te2,0.7602461452750816,1.4090317370027226,,1.8100978,0.26277405,0.7466836441625401,True
2CHNaO3-1,C1-H1-Na1-O3,4.538559668425632,6.301388084470219,,8.213055,0.2750274,3.2657559382173003,True
2CdFSbO2-1,Cd1-F1-O2-Sb1,2.459348439006738,3.5130988612781677,,4.585096,0.25864938,1.079050535447279,True
1BrClZr-1,Br1-Cl1-Zr1,0.9119076767942745,1.3965369607312437,1.8777746550154282,1.8505167,0.25631797,0.6773074695435396,True
4AsFSrTe2-1,As1-F1-Sr1-Te2,0.441278237773866,1.0043783899456415,,1.2678436,0.26163885,0.9302073446136943,True
2SCl2Se2Zr2-1,Cl2-S1-Se2-Zr2,0.5935771599597244,1.3168055375442367,,1.6650882,0.26854533,1.1795086412904534,True
2MoCd2O4-1,Cd2-Mo1-O4,1.6493568916717254,2.7013937874506078,,3.4681442,0.26877767,1.4767921879298618,True
1BrClN2Ti2-1,Br1-Cl1-N2-Ti2,0.6169656138587993,2.117310439564794,,2.5228863,0.28402787,4.496320313089829,True
2BrClZr-1,Br1-Cl1-Zr1,0.5930606452728467,1.1468800166511859,,1.4839013,0.25915062,0.7649246648173673,True
2GeZnO3-1,Ge1-O3-Zn1,2.744861932687167,4.446110333053714,,5.671384,0.26936826,3.6057611702444152,True
2SrSn2Cl6-1,Cl6-Sn2-Sr1,3.5748079594392874,4.465665967662169,,5.958179,0.26947886,1.9322324235764492,True
1MgLi2Te2H4O8-1,H4-Li2-Mg1-O8-Te2,4.041405696108541,5.433844908974445,,7.1490493,0.2641977,2.2404821362525755,True
1SSeZr-1,S1-Se1-Zr1,0.61322945696514,1.5138100091280011,2.2055035897834347,1.8835205,0.26895753,1.8533405159258782,True
2GeHPO3-1,Ge1-H1-O3-P1,4.88281737807408,6.084393950689768,,8.091177,0.2724085,2.824818230286173,True
2YI3-1,I3-Y1,2.7557446070052514,3.8885893594089627,,5.06382,0.2624122,1.3227504672966592,True
1HfSSe-1,Hf1-S1-Se1,0.6835934496194418,1.5119153394149498,2.1754549854047704,1.8787454,0.2627513,1.4741798180969687,True
2FGaSe-1,F1-Ga1-Se1,2.8714498619417808,3.8138547006237697,,5.032062,0.26426503,1.104420507451892,True
2InSbO3-1,In1-O3-Sb1,3.123257888869942,4.247006353099858,,5.586314,0.2618173,1.3934161066443347,True
2BrScTe-1,Br1-Sc1-Te1,0.5521131879025425,1.6174038309542516,,1.9706168,0.26643756,2.6274295378126262,True
2AgPO3-1,Ag1-O3-P1,2.5681036512984927,4.204461043762787,,5.3658414,0.27879435,3.4334733320692297,True
1MgK2Te2H4O8-1,H4-K2-Mg1-O8-Te2,3.981864350000799,5.309856472301833,,6.981618,0.25834972,2.1083153558875187,True
2HfIN-1,Hf1-I1-N1,1.5846592854943027,2.663998865763487,,3.421911,0.25597927,1.655936668621125,True
2GaO-1,Ga1-O1,1.5563983376369386,2.471979283336589,3.8514748749556778,3.1920478,0.26821023,0.9328792916070102,True
4ReO2-1,O2-Re1,1.3039689530119523,2.097518784118744,,2.7150881,0.26818085,0.6242075352316734,True
2CaBr2O2H4-1,Br2-Ca1-H4-O2,4.905858156695395,6.093318049576215,,8.0984535,0.27092063,2.8654137601262777,True
1ClIMg-1,Cl1-I1-Mg1,2.8960879122276904,3.815038656989932,,5.0575576,0.26711544,1.144392492669497,True
1MgLi2Se2H4O8-1,H4-Li2-Mg1-O8-Se2,4.649365588323176,6.069699781154093,,7.9895134,0.27266514,2.5909667906207425,True
2BrNTi-1,Br1-N1-Ti1,0.6209742712588799,2.0842034440931814,,2.4839253,0.2854727,4.325141984677913,True
4BiNaO2-1,Bi1-Na1-O2,2.60157386572106,3.9474777496566107,,5.088924,0.25445232,2.1574142813475334,True
1MgK2Se2H4O8-1,H4-K2-Mg1-O8-Se2,4.372992655190652,5.701007147396597,,7.5136123,0.26272056,2.340544350821098,True
2FInS-1,F1-In1-S1,1.0123757664294888,1.8734049497201477,,2.3746965,0.2619154,1.2366649411100323,True
2ZrS2-2,S2-Zr1,1.1279807126114034,2.154200467057194,,2.7413917,0.2787403,1.8453485016152031,True
1GeLi2H6O6-1,Ge1-H6-Li2-O6,4.0833689527462935,5.821184641245672,,7.5551615,0.2702694,3.2123441619357322,True
1Br2Zr2S3-1,Br2-S3-Zr2,1.2069802097939142,2.215210830051155,,2.8032815,0.25544718,1.6847301214136399,True
1ClZr2Br5-1,Br5-Cl1-Zr2,0.37147609257029357,1.0532497256200233,,1.3125528,0.25496122,1.307524992974254,True
2CaF2S2H4-1,Ca1-F2-H4-S2,5.072243810787685,6.255315224700974,,8.3289585,0.26834798,3.0444744172079363,True
1HfZr3S8-1,Hf1-S8-Zr3,1.1535503527525826,2.1575132780424737,,2.7374232,0.26708418,1.719310367443744,True
1BiFS2O6-1,Bi1-F1-O6-S2,2.496423168068136,3.804722419858555,,4.9015274,0.26117733,2.051490220892849,True
2BrCaH-1,Br1-Ca1-H1,4.194451569662164,5.5311854491140044,,7.27325,0.26987284,2.234069810373046,True
1Br2Hf2S3-1,Br2-Hf2-S3,1.3784065961220147,2.338162606556412,,3.0001411,0.2736154,1.297109949851154,True
1ZrSe2-1,Se2-Zr1,0.33654977709111544,1.2023654809310316,1.69120135549301,1.45318,0.26869142,2.0295784506068713,True
1GeK2H6O6-1,Ge1-H6-K2-O6,4.23741760079378,5.958661668382421,,7.7458644,0.27822757,3.1405875987120324,True
1SnK2H6O6-1,H6-K2-O6-Sn1,4.058166360772304,5.746329727290842,,7.4638705,0.26897672,3.0457640002880284,True
2BrGaO-1,Br1-Ga1-O1,2.5145282051553473,3.600632706393195,,4.6896105,0.26211295,1.181185856071051,True
2HNaO-1,H1-Na1-O1,2.80219479300819,4.458174478957227,,5.708355,0.28514588,3.373063241110462,True
1GeNa2H6O6-1,Ge1-H6-Na2-O6,4.151594370692811,5.901295051257279,,7.666117,0.27253246,3.243872036907917,True
2HKO-1,H1-K1-O1,2.8670015007255554,4.500784143665869,,5.780509,0.27078763,3.2397786025630984,True
1OSW-1,O1-S1-W1,1.5025185854903196,2.2569736785857417,,2.9555917,0.264436,0.24484379127084785,True
1HfSe2-1,Hf1-Se2,0.42656152531348224,1.2194114526727233,1.7875725260027142,1.5010549,0.258977,1.636428810109403,True
2HPSeO5-1,H1-O5-P1-Se1,3.4627092608427925,5.224564938091029,,6.7211003,0.2657603,3.483855981435999,True
2ZrBr2-1,Br2-Zr1,0.591027974971079,1.1401510498029044,,1.4667498,0.2732191,0.7633310604735806,True
1ZrBr2-1,Br2-Zr1,0.8282377002964181,1.2763900993310338,1.7369705379957243,1.7005847,0.26914263,0.7903500187727303,True
1BrClHf-1,Br1-Cl1-Hf1,0.8323031957126256,1.3609333545677158,1.9263403681359859,1.7937682,0.2552282,0.5905597278270694,True
2FGaTe-1,F1-Ga1-Te1,2.0947848763049315,2.8272679077601817,,3.738731,0.26976612,0.6033574495769661,True
4BaClSbS2-1,Ba1-Cl1-S2-Sb1,2.0795739772359614,2.9668340414643346,,3.8909538,0.26123267,0.5674904016664052,True
1TiZr3S8-1,S8-Ti1-Zr3,0.9966615206633227,2.157184691309798,,2.6791308,0.27539325,2.582681587583615,True
4BaBiClS2-1,Ba1-Bi1-Cl1-S2,1.5401087578779302,2.600993623828929,,3.3123903,0.2776395,1.6104342188304839,True
1CBr2Sc2-1,Br2-C1-Sc2,0.6629659690758483,1.736451508083059,,2.1184695,0.2690024,2.543234163643236,True
1BrClTi-1,Br1-Cl1-Ti1,0.8297687415924109,1.2967061125103756,1.472509382204579,1.7106724,0.27076215,0.7324733421947647,True
2BrClHf-1,Br1-Cl1-Hf1,0.8176885815126105,1.412711495233081,,1.8243656,0.26470244,0.5836639339545839,True
2HInSO4-1,H1-In1-O4-S1,3.78164425391562,5.131645144129129,,6.721789,0.2758498,2.0656089773850024,True
2ZnAs2O4-1,As2-O4-Zn1,3.604868620916253,4.98745179942172,,6.5308566,0.26707435,2.1043256374532526,True
2MoHg2O4-1,Hg2-Mo1-O4,2.2784253741368343,3.406841086593979,,4.423609,0.2773102,1.4061405579453443,True
2SrI2O2H4-1,H4-I2-O2-Sr1,4.110724014752474,5.090552750892633,,6.786203,0.27605322,2.3489273323623387,True
4BaClSbSe2-1,Ba1-Cl1-Sb1-Se2,1.5839532578358306,2.3451339091009467,,3.0697722,0.2646682,0.20957237569129986,True
1BiFSe-1,Bi1-F1-Se1,1.2578832690108945,1.9813775400323808,,2.5709784,0.25473976,0.3842883705481026,True
4OSn-1,O1-Sn1,2.836070842324397,3.718731952407974,,4.935249,0.26039675,1.1268077647048906,True
2AsSbO3-1,As1-O3-Sb1,3.9740287717708873,5.103340051266794,,6.76106,0.26842132,2.008781830343868,True
1PdN2Zr3Br6-1,Br6-N2-Pd1-Zr3,1.621699288803693,3.115520768092681,,3.892581,0.2780564,3.5158454134689276,True
2CaI2O2H4-1,Ca1-H4-I2-O2,4.1914393729802715,5.179310079070534,,6.8924913,0.270941,2.4231941972965285,True
1BN-1,B1-N1,4.666851527655782,5.6754492898906905,7.116705582800181,7.584346,0.2789162,2.9171579776229577,True
4AlClS-1,Al1-Cl1-S1,4.6653677597500085,5.932379422356487,,7.8499703,0.2698377,2.5661912299955305,True
1ClIHf2Br4-1,Br4-Cl1-Hf2-I1,0.3868393029364807,1.1464483979901932,,1.4215544,0.2580062,1.5586887075736793,True
2AsHSb2O6-1,As1-H1-O6-Sb2,3.521549467926932,4.765162651187555,,6.26772,0.2648665,1.7660452813439815,True
2FInTe-1,F1-In1-Te1,1.8639145740603853,2.6468466032111078,,3.4880347,0.26323465,0.28505811989789354,True
2AsBiO3-1,As1-Bi1-O3,2.8347911837429356,4.092174437318143,,5.322776,0.26504713,1.7289559409429887,True
2IScTe-1,I1-Sc1-Te1,0.6322158933580662,1.751374137407335,,2.136175,0.27401534,2.777201257475855,True
2ZrS3-1,S3-Zr1,1.1818621131210456,2.202288934932432,,2.8033307,0.272641,1.7649134008857983,True
2BaHI-1,Ba1-H1-I1,3.2459388531231053,4.218619347645864,,5.594139,0.26007554,1.4360409848556468,True
2AsBiO4-1,As1-Bi1-O4,3.0700813514409258,4.599506980812205,,5.953478,0.2632741,2.703971002549178,True
1Al2Mg2S5-1,Al2-Mg2-S5,2.081215787876498,3.1239021299666794,,4.0477347,0.26893902,1.1423417059957657,True
2ClIZr-1,Cl1-I1-Zr1,0.47929543100742256,0.996723135284497,,1.3014765,0.26882032,0.8482264576939234,True
4AgF2-2,Ag1-F2,0.3248656156453178,1.6373186247040907,,1.9235028,0.2755644,3.958200706094062,True
1ClIZr-1,Cl1-I1-Zr1,0.8767597550288779,1.316612326368585,1.7441550357160858,1.743392,0.2674633,0.8236908986290283,True
1CdCl2O2Pb2-1,Cd1-Cl2-O2-Pb2,2.8687677451653126,3.927554850848648,,5.1519594,0.27133718,1.1749291569377511,True
1TiZrHf2Br8-1,Br8-Hf2-Ti1-Zr1,0.6237422848697998,1.1547088351767973,,1.515685,0.25759697,0.727954343049843,True
1CdCl2O2Sn2-1,Cd1-Cl2-O2-Sn2,2.7135268385019176,3.600097619586033,,4.7595253,0.27798408,0.9965309211285744,True
2HISr-1,H1-I1-Sr1,3.8266589530014574,4.8884189702856204,,6.4817634,0.2636471,1.9202686534264866,True
2HfZrSe4-1,Hf1-Se4-Zr1,0.8413855553191263,1.7148782567971728,,2.1728725,0.26749194,1.4809475612273257,True
2SbTlO3-1,O3-Sb1-Tl1,2.827946697884661,4.173212698013478,,5.3905563,0.25831342,2.0616829692976286,True
1BiFTe-1,Bi1-F1-Te1,0.5843387814369767,1.1786421645807315,,1.5164139,0.2592498,0.8276534932418478,True
1ClIGe2O3-1,Cl1-Ge2-I1-O3,0.9855856306948252,1.946191555362938,,2.471934,0.27288896,1.7007190959816494,True
1ZrHf3Se8-1,Hf3-Se8-Zr1,0.8440397800002202,1.691682481559349,,2.147414,0.26400644,1.369066234194596,True
1PbNa2H6O6-1,H6-Na2-O6-Pb1,2.9038722439096962,4.410436855787237,,5.6827354,0.27494466,2.682768008857802,True
2GeO-1,Ge1-O1,2.6858613965141025,3.6280943599473017,,4.7837734,0.25568503,0.9493370969745605,True
1BiHS2O6-1,Bi1-H1-O6-S2,2.4941600351867064,3.7837493566455893,,4.8763423,0.26459226,1.9740899078749135,True
4AsClSrSe2-1,As1-Cl1-Se2-Sr1,1.5885910086260624,2.371262041909036,,3.0986345,0.2581219,0.3021974703480694,True
1MgAl2S4-1,Al2-Mg1-S4,2.047671907886081,3.1430081116990625,,4.052403,0.2648703,1.38550425131533,True
2CoSbO3-1,Co1-O3-Sb1,0.9315882248510358,3.6425457212431938,,4.2503824,0.33562148,9.696715420016321,True
2Bi2O3-2,Bi2-O3,2.875695051378547,4.095494017699753,,5.34005,0.27112916,1.5936187555698125,True
2BiFHgO2-1,Bi1-F1-Hg1-O2,2.22095544472689,3.3436358164704263,,4.3325615,0.2712437,1.4089327326439407,True
2HInSeO4-1,H1-In1-O4-Se1,4.026935455039913,5.48658383213329,,7.1731744,0.27531996,2.3775358423516932,True
1MoOSe-1,Mo1-O1-Se1,0.752259767184515,1.5119756352825304,1.9785257367588631,1.9188346,0.27020147,1.1231086239367454,True
4AlClSe-1,Al1-Cl1-Se1,4.065730255297714,5.087424290874422,,6.756743,0.26638228,2.2219983344859955,True
2AlClSe-1,Al1-Cl1-Se1,3.7668697384292553,4.835362091214343,,6.3907547,0.2830959,1.8561132610811464,True
2BiCdClO2-1,Bi1-Cd1-Cl1-O2,2.8452191653800516,4.073203844831675,,5.304582,0.2754713,1.6242158224996934,True
1PbCl2-1,Cl2-Pb1,2.3665787899058444,3.4064969779805763,4.927990627901179,4.4520054,0.24759918,1.0413521614602894,True
1GeOBr2I2Zr2Se3-1,Br2-Ge1-I2-O1-Se3-Zr2,1.195296542397732,2.0875908883781777,,2.6728852,0.26765743,1.176329634556793,True
2HfBr2-1,Br2-Hf1,0.8402050974613258,1.3341300445482716,,1.7642196,0.2630585,0.65771301291986,True
1GeHfCl2S2-1,Cl2-Ge1-Hf1-S2,0.8357849385558107,1.5943214330266327,,2.032975,0.27604133,1.019381596133551,True
1ZnH2O2-1,H2-O2-Zn1,2.3331582592586857,4.267042625641457,,5.34408,0.28244492,4.937555477000243,True
1HfBr2-1,Br2-Hf1,0.7321311018396576,1.226479984244534,1.7592052825955982,1.608987,0.25761092,0.6905675981342317,True
4OPb-1,O1-Pb1,2.614160573133381,3.730795456774873,,4.8664465,0.26754418,1.2740301440148458,True
2CaHI-1,Ca1-H1-I1,3.6284093040565244,4.708604721714976,,6.220052,0.2691296,1.7208417187802227,True
1ONb3Br7-1,Br7-Nb3-O1,0.768685263681061,1.441231985649396,,1.8469074,0.26625475,0.8026695665619996,True
2HSbAs2O6-1,As2-H1-O6-Sb1,2.7653345885809544,4.010763906009757,,5.208403,0.26513153,1.7002886515228222,True
2CPPbH3O3-1,C1-H3-O3-P1-Pb1,3.8070726352093724,5.139247445953027,,6.7426305,0.26759654,2.0391548850179784,True
2BrCdSbO2-1,Br1-Cd1-O2-Sb1,2.364963474417981,3.5181705802756933,,4.557523,0.2582754,1.4704808620292404,True
1TiBr2-1,Br2-Ti1,0.7578801598060061,1.1656128489243553,1.4211583470202078,1.5517685,0.2694916,0.9180927278117074,True
2CPSnH3O3-1,C1-H3-O3-P1-Sn1,4.033968373245713,5.048899821284586,,6.7227325,0.26999003,2.198975167393253,True
2InCl3-1,Cl3-In1,3.7605209155339185,5.116437740520893,,6.700879,0.26521304,2.071759674144304,True
2PbCl2-2,Cl2-Pb1,2.7758948976057636,3.7358729398641866,,4.9317994,0.25847074,1.0224632058046887,True
1BiHTe2O6-1,Bi1-H1-O6-Te2,2.9788565011949393,4.22625362789387,,5.5018682,0.27011958,1.6769164488513304,True
1OSeW-1,O1-Se1-W1,1.244370246861024,2.00352522923235,2.445352571246664,2.5912814,0.2622884,0.5431078595796286,True
1CdBr2O2Pb2-1,Br2-Cd1-O2-Pb2,2.6464800310583785,3.6559589969446593,,4.8129745,0.26580155,0.9970539090238604,True
2AlBr3-1,Al1-Br3,3.896776653223594,5.0673323273882875,,6.698442,0.26699588,1.9321134837394043,True
4AlBrS-1,Al1-Br1-S1,3.9104690181744974,5.122594883045803,,6.750365,0.26060545,1.953183709292252,True
1CdCl2-1,Cd1-Cl2,3.8682847684144472,5.176434245379272,6.723265389571013,6.778228,0.27154008,2.0242719322206466,True
2BiBrCdO2-1,Bi1-Br1-Cd1-O2,2.4451567322328227,3.666577488036407,,4.745833,0.2635896,1.7142860375313445,True
1CdBr2O2Sn2-1,Br2-Cd1-O2-Sn2,2.4798090665274692,3.3175716063476473,,4.388376,0.2690598,0.8171842783349869,True
1ZnCl2-2,Cl2-Zn1,4.452870715551238,5.929177474335627,7.4390165867781155,7.781438,0.26839212,2.5563627351024185,True
2BrIZr-1,Br1-I1-Zr1,0.48382628667194005,0.9978402081445766,,1.2829031,0.25678408,0.8431587837524215,True
2FRhS-1,F1-Rh1-S1,0.9044821613545997,2.1751715677705876,,2.673821,0.26814654,3.1719508420801543,True
2SeZnH2O4-1,H2-O4-Se1-Zn1,4.4521794824085665,6.1586624096199,,8.026966,0.2662737,3.095085405204762,True
1WAu2O4-2,Au2-O4-W1,2.9615980000776276,4.436051439539341,,5.735957,0.25945494,2.525958233569688,True
1SSeTi-2,S1-Se1-Ti1,0.5053273464775114,1.3418207760400365,1.3330546514311035,1.6473333,0.26311597,1.714858844872915,True
2GaCl3-1,Cl3-Ga1,3.8295877184352465,5.192287288536328,,6.8041973,0.2652955,2.107333834350402,True
4AsBaClTe2-1,As1-Ba1-Cl1-Te2,0.9256540368076923,1.5769849082257203,,2.0458326,0.2682952,0.5606530342665575,True
4TeO2-1,O2-Te1,2.6674607144308053,3.812044681286415,,4.955189,0.2680967,1.3620121358200796,True
1BrIZr-1,Br1-I1-Zr1,0.7737126562498523,1.1744651143461948,1.589703087995478,1.5766923,0.26710325,0.9442027513106315,True
1MgI2-1,I2-Mg1,3.2728220824909773,4.200995867411706,5.743984333579279,5.5882277,0.2784912,1.5213471430752612,True
2HfTiSe4-1,Hf1-Se4-Ti1,0.6457717614969893,1.6102872819328535,,1.979647,0.27165335,2.0882157992960657,True
2ZrSe3-1,Se3-Zr1,0.4096178305363375,1.0308163591185968,,1.2999923,0.25870204,1.0864320157108405,True
2Al2S3-1,Al2-S3,3.133355288305654,4.163581932492452,,5.494372,0.27219453,1.312812486925749,True
2KNO3-1,K1-N1-O3,3.166400739179675,5.260665088156969,,6.6568494,0.2857498,5.066124705995648,True
2FRhSe-1,F1-Rh1-Se1,0.9701876095378101,2.223074154333951,,2.738421,0.26257312,3.025847377778773,True
1InSScSeI2-1,I2-In1-S1-Sc1-Se1,1.110920313220647,1.894293981231975,,2.4380934,0.25654846,0.7964556256424737,True
1GeHfBr2S2-1,Br2-Ge1-Hf1-S2,0.7278901126432598,1.4337761162410505,,1.8206491,0.26262164,0.9580641575909665,True
2CoHO2-1,Co1-H1-O2,0.3908513908942308,2.5963145090799253,,2.9556623,0.3241351,7.9098373151801535,True
1Ga2Mg2S5-1,Ga2-Mg2-S5,1.2285720143148229,2.245940271085945,,2.8488004,0.27242762,1.7045212060458867,True
1ClHfI-1,Cl1-Hf1-I1,0.8137845062752218,1.294527101181934,1.783094939480677,1.7071717,0.263575,0.6959791156778744,True
2AsTlO3-1,As1-O3-Tl1,2.854470708174674,4.437809362625437,,5.695667,0.26730362,3.0307039124599773,True
2BiCdIO2-1,Bi1-Cd1-I1-O2,1.597053172359356,2.5979437033064707,,3.3441772,0.26042378,1.2874175496807307,True
1IHf2Br3-1,Br3-Hf2-I1,0.7125624753192425,1.165242200091372,,1.5286292,0.25474158,0.7856266579466871,True
1Al2Mg2Se5-1,Al2-Mg2-Se5,1.1139074188874427,2.0242223028686857,,2.5835152,0.26764405,1.3420497509270204,True
1HgCl2O2Pb2-1,Cl2-Hg1-O2-Pb2,2.622896263186152,3.7612261898372834,,4.8985295,0.26283237,1.345632278416324,True
1INbSeZrBr2S2-1,Br2-I1-Nb1-S2-Se1-Zr1,1.2121030420888548,2.1424016569111957,,2.7320085,0.2671988,1.328765579107977,True
2FRhTe-1,F1-Rh1-Te1,0.9416880764959008,2.1147648284943856,,2.6048698,0.28623852,2.6948151561143323,True
1SeNb3Br7-1,Br7-Nb3-Se1,0.7596168104130627,1.4766633953519066,,1.8850421,0.2621816,0.9582749788286078,True
1ClITi-1,Cl1-I1-Ti1,0.7449766423218009,1.1874779541570317,1.3827336131074317,1.5630035,0.2657594,0.808774992784232,True
4AlBrSe-1,Al1-Br1-Se1,3.6390616735951182,4.724420712486041,,6.246449,0.2654435,1.7282608574086993,True
1TiSe2-2,Se2-Ti1,0.521635551462551,1.460434461323148,1.48052630070074,1.7991887,0.26443562,2.1179017357677403,True
2MgI2-1,I2-Mg1,2.6385354198822393,3.5933901553956313,,4.7425394,0.259721,0.922002017938916,True
2PScS3-1,P1-S3-Sc1,0.8266396352357432,1.7622864482076672,,2.2030911,0.26025304,1.763783283833698,True
1CdI2O2Pb2-1,Cd1-I2-O2-Pb2,2.1534344843843134,3.1041119460142443,,4.0435424,0.27811185,0.7631176915351672,True
1In2Mg2S5-1,In2-Mg2-S5,1.2976411735681783,2.2701813148939163,,2.890987,0.2645904,1.4334499252070876,True
1STa3Br7-1,Br7-S1-Ta3,0.8470532322221711,1.5103380807282525,,1.9362148,0.25785768,0.6829940703717666,True
1PbBr2-1,Br2-Pb1,2.0041395188281097,2.925616985757542,4.207391866800679,3.8182173,0.26165172,0.6863409179844062,True
1MgAl2Se4-1,Al2-Mg1-Se4,1.064331903932948,1.983518886245092,,2.5202048,0.2578946,1.4339714381405317,True
1FeZrBr6-1,Br6-Fe1-Zr1,0.8709788760179917,3.1640078313548248,,3.7212412,0.31116912,7.848052623951441,True
1CdI2O2Sn2-1,Cd1-I2-O2-Sn2,1.967518687902903,2.76431030917733,,3.6514096,0.27302864,0.36499613090753297,True
2PScS4-1,P1-S4-Sc1,1.8957639660890528,3.20043420329809,,4.070379,0.27252018,2.4273257614094046,True
2GeZrS4-1,Ge1-S4-Zr1,1.0883840418927995,1.953886085828569,,2.505622,0.25841057,1.1725270674719164,True
2AlClTe-1,Al1-Cl1-Te1,2.886182208315711,3.658641385059183,,4.8665657,0.26169845,1.4301902685152743,True
1HgBr2O2Pb2-1,Br2-Hg1-O2-Pb2,2.329302786741817,3.3570388340605763,,4.3735266,0.2806607,1.0044331617156095,True
4AlClTe-1,Al1-Cl1-Te1,2.984553077478413,3.7857189823796604,,5.0421877,0.27389255,1.4671102241388587,True
1SeTa3Br7-1,Br7-Se1-Ta3,0.7897556919151887,1.4519711167004132,,1.8611075,0.26475447,0.7478689617634552,True
2SiNb2S4-1,Nb2-S4-Si1,0.3431501923939342,0.5548318346733021,,0.7787943,0.26680666,1.538431809233426,False
2CaCl2S2H4-1,Ca1-Cl2-H4-S2,5.21930234443192,6.475373145626888,,8.609998,0.2628276,3.102038379734961,True
1MoS2-1,Mo1-S2,1.580389439677671,2.0874393506372604,2.5329069544399143,2.8046548,0.25951815,0.955637904904567,True
1MgGa2S4-1,Ga2-Mg1-S4,1.1281272595153888,2.150661140100558,,2.716539,0.26795062,1.8286233698807066,True
1WMo3S8-1,Mo3-S8-W1,1.5592570255978977,2.075739815233338,,2.7791903,0.2741231,0.8931173627254692,True
2ZrI2-1,I2-Zr1,0.4286812148478634,0.8891570087357981,,1.16479,0.26908222,0.8982782066552711,True
1InNbBr6-1,Br6-In1-Nb1,0.7921024092763109,1.4734968798725645,,1.8936036,0.26065025,0.8014186648456891,True
1BrHf2I5-1,Br1-Hf2-I5,0.3257029866354455,1.0232299780482594,,1.2797283,0.26424763,1.4139611073446592,True
2SrI2O4-1,I2-O4-Sr1,1.6400782436532657,2.967543168996497,,3.7668207,0.26754823,2.740680599207306,True
2NbBr2S2-1,Br2-Nb1-S2,1.5558612031429302,2.4646711927831264,,3.1817508,0.26529762,0.9024396929873733,True
1CdBr2-1,Br2-Cd1,3.069156177744195,4.158939328205569,5.484220227301568,5.4738417,0.27409032,1.3171388466995455,True
4ClGaS-1,Cl1-Ga1-S1,3.5116024882185815,4.7048457450401155,,6.1887302,0.2687819,1.6845843876930986,True
2ClGaS-1,Cl1-Ga1-S1,2.9203360445584,4.207422473202726,,5.4599705,0.26813838,1.8189734442023737,True
1Ga2Mg2Se5-1,Ga2-Mg2-Se5,0.4382395109190922,1.257447007077643,,1.5318856,0.264177,1.7249886451443852,True
4AlIS-1,Al1-I1-S1,2.7692207251097107,3.75675188204338,,4.9508657,0.27564678,1.0323457109163048,True
1MoW3S8-1,Mo1-S8-W3,1.5318072995695844,2.064416252054782,,2.7599535,0.2647567,0.7946039728334365,True
1BrHfI-1,Br1-Hf1-I1,0.7131275307937763,1.1570152795778919,1.61179456060003,1.5314053,0.26676545,0.8083514108560598,True
2AlS-1,Al1-S1,2.0852526605015633,2.8805952527360215,3.7742778524819744,3.7944977,0.26993316,0.4677547157077862,True
1ZrI2-1,I2-Zr1,0.6871043544938795,1.0382805144909861,1.4278630958851566,1.4082074,0.26673555,1.1048459250363378,True
1BrITi-1,Br1-I1-Ti1,0.6789626871347704,1.0371138577924013,1.1984760966647547,1.3896518,0.2606472,1.078397461510505,True
1WS2-1,S2-W1,1.5336240776237322,2.0549285900066074,2.53240643565734,2.7516012,0.2736727,0.8478498545111192,True
2FPt-1,F1-Pt1,0.8112961997298591,2.1650046211579683,,2.6325204,0.2714461,3.639882243662556,True
2InBr3-1,Br3-In1,2.7448821876954974,3.839900034232886,,5.024639,0.25880367,1.215718180279213,True
4ClGaSe-1,Cl1-Ga1-Se1,3.0108633840296095,3.9657467691944497,,5.2348404,0.26963976,1.225126310116334,True
2ClGaSe-1,Cl1-Ga1-Se1,2.6122284467336225,3.6250703732678575,,4.743812,0.26470256,0.9909796970148226,True
1In2Mg2Se5-1,In2-Mg2-Se5,0.6995989195144788,1.4993069093370734,,1.8850601,0.26458803,1.3407596539213318,True
2CaCl2O4-1,Ca1-Cl2-O4,2.8187533495237416,4.622807027438347,,5.8747435,0.27959168,4.010875799437369,True
2FRe3S4-1,F1-Re3-S4,1.6208014560942954,2.38428307743832,,3.1317587,0.26621395,0.1986060783415553,True
2FPPbS3-1,F1-P1-Pb1-S3,1.9958638863788343,2.9686731208560366,,3.8423276,0.26804745,0.8921841468849134,True
2SnZrSe4-1,Se4-Sn1-Zr1,0.8874289143975096,1.6364694218070674,,2.0996773,0.26902562,0.9218328398965375,True
2TaBr2S2-1,Br2-S2-Ta1,1.529382521681295,2.40446647504534,,3.1103952,0.2588745,0.7714877044726541,True
2HgNa2I4-1,Hg1-I4-Na2,1.9678008990907574,2.857287931831081,,3.7438753,0.261408,0.5776363221475994,True
2RhTaS4-1,Rh1-S4-Ta1,0.4634558347763451,1.2313158038820182,,1.5245687,0.26892918,1.4978140680617693,True
1MgIn2S4-1,In2-Mg1-S4,1.163320430691819,2.137263283108915,,2.7228594,0.27536774,1.5744813835102756,True
2PdSO3-1,O3-Pd1-S1,1.2527036848259332,2.850730285604798,,3.4998078,0.28433153,4.323521092279221,True
1ZnBr2-2,Br2-Zn1,3.352786197876543,4.5627699584791745,5.864009159372726,6.003966,0.26948822,1.638955593862617,True
2SrBr2S2H4-1,Br2-H4-S2-Sr1,4.689171936386504,5.813064558159799,,7.722959,0.26512933,2.7273345127380386,True
2IrTaS4-1,Ir1-S4-Ta1,0.49186228756312733,1.3313117824937648,,1.6453192,0.2596206,1.742433693671662,True
2PScSe3-1,P1-Sc1-Se3,0.6837961297052858,1.213794414403848,,1.5741366,0.26513794,0.6812891477118477,True
2IRbCl4-1,Cl4-I1-Rb1,2.4755302332657725,3.6038306957424178,,4.685644,0.26982757,1.3371451474768963,True
4ClInS-1,Cl1-In1-S1,2.588015658976871,3.5361006280009017,,4.663675,0.27177522,0.8840286642110456,True
2GeZrSe4-1,Ge1-Se4-Zr1,0.9990066163084519,1.7755468790011892,,2.2690861,0.2564904,0.8979060178357372,True
2SiNb2Se4-1,Nb2-Se4-Si1,0.44567190083492414,0.6356696483018796,,0.8904301,0.2663033,1.6457467178174998,True
2PZrS3-2,P1-S3-Zr1,0.7594799186176087,1.4976379791729115,,1.8924019,0.2589061,1.0340226775986603,True
4NbS3-2,Nb1-S3,0.3764244595338295,1.0297934514341036,,1.2868587,0.26147112,1.2142622691209513,True
2CaBr2S2H4-1,Br2-Ca1-H4-S2,4.708433539307828,5.883500821419386,,7.8240685,0.2772943,2.679190186310868,True
1BaH2Se2-1,Ba1-H2-Se2,3.2203818212643474,4.157950165867568,,5.5225787,0.26460359,1.4517337541431294,True
2BrTl-1,Br1-Tl1,3.059580194282935,3.922484337631459,,5.2106853,0.2764883,1.4065992835414824,True
4ClInSe-1,Cl1-In1-Se1,2.4871698161876514,3.3591975682760604,,4.429664,0.26710188,0.7918365016739609,True
2ClNb2S6-1,Cl1-Nb2-S6,0.39138725897240123,0.8648632192269328,,1.1119357,0.2676938,0.9182922124139312,True
2ClInS-1,Cl1-In1-S1,1.7973939126829739,2.6488589374999805,,3.4437776,0.2628937,0.48200023469777686,True
1HgI2O2Pb2-1,Hg1-I2-O2-Pb2,1.8205591087044581,2.7064747738196706,,3.511037,0.26278,0.6134734611579888,True
1MoSSe-1,Mo1-S1-Se1,1.4529826159750714,1.9489241378101805,2.3279280396394992,2.6186235,0.2577408,0.8936724031744522,True
2HfSnSe4-1,Hf1-Se4-Sn1,0.9462178695329146,1.613948633220376,,2.0841577,0.25546914,0.57794315230442,True
2NbBr2Se2-1,Br2-Nb1-Se2,1.0961364170632693,1.866026782652541,,2.4180331,0.27274358,0.7580625365439623,True
1FeAl2S4-2,Al2-Fe1-S4,0.6632481470093443,2.3600708821960295,,2.7936385,0.28860644,5.337753537876199,True
2ClInSe-1,Cl1-In1-Se1,2.1267745943842744,3.0755599145703867,,4.0197344,0.26014677,0.7600142639472459,True
2AlSiS3-1,Al1-S3-Si1,2.6699390942468115,3.6515650564743574,,4.802184,0.2557548,0.9667919266664364,True
2CdCl-1,Cd1-Cl1,1.6745004955026992,2.3096990217054163,,3.0596795,0.2587537,0.46989830129056803,True
2FIrSe-1,F1-Ir1-Se1,1.0683630112465146,2.17161220650661,,2.7235448,0.27630556,2.2523834740298265,True
2BiBr3-1,Bi1-Br3,1.9538192218054506,2.822489187011936,,3.6897316,0.26715022,0.5081834623099634,True
1MgGa2Se4-1,Ga2-Mg1-Se4,0.3286707358719714,1.1454765796938642,,1.3987267,0.2582123,1.8448564653269872,True
2BiHgIO2-1,Bi1-Hg1-I1-O2,1.6802089941833271,2.6594027870415053,,3.4328618,0.26197788,1.1206595003592639,True
4AlISe-1,Al1-I1-Se1,2.6987880399100095,3.6669218854688483,,4.825323,0.26791516,0.9714826929885063,True
2GeHfSe4-1,Ge1-Hf1-Se4,1.0715984948777768,1.7587855199366969,,2.274961,0.25726917,0.4843955411654272,True
2GaBr3-1,Br3-Ga1,2.593784613077281,3.64126290963298,,4.749785,0.2624531,1.0675157792770675,True
2MoCl3-3,Cl3-Mo1,0.5074732864204573,0.8150148111902887,,1.1208153,0.25994384,1.2291243461774677,True
2HLiS-1,H1-Li1-S1,3.968592387229113,5.027510333112323,,6.675671,0.26665074,2.065844440053402,True
2AlBrTe-1,Al1-Br1-Te1,2.7289853201995244,3.547164445214137,,4.706826,0.26179492,1.1277091855949957,True
4AlBrTe-1,Al1-Br1-Te1,2.8174574730706787,3.6289911631215808,,4.829006,0.26539466,1.2451568239802895,True
2MgPS3-1,Mg1-P1-S3,2.7957583759134126,3.9217833893563707,,5.1193643,0.26395068,1.306076611337157,True
1MgIn2Se4-1,In2-Mg1-Se4,0.5807938907042192,1.3763587663339154,,1.7237825,0.25242713,1.4643643341847787,True
2PtSO3-1,O3-Pt1-S1,1.4557544319653943,2.976118585189819,,3.6977131,0.26998174,3.783652779431086,True
2PdTeO3-1,O3-Pd1-Te1,0.3688921392146507,1.8002479254755812,,2.094435,0.28271422,4.440735375608771,True
1BrClIn2S2-1,Br1-Cl1-In2-S2,1.849335588001437,2.6848547267476546,,3.5150518,0.25477517,0.40750094104539125,True
2BrNb2S6-1,Br1-Nb2-S6,0.3690850951765303,0.8478889328719315,,1.0902215,0.26382717,0.9349415628983497,True
2CrWS4-1,Cr1-S4-W1,0.9410790659866133,1.4416861255033258,,1.9033864,0.2595887,0.6280608225788362,True
2SiTa2Se4-1,Se4-Si1-Ta2,0.37969743656496857,0.5445961407029907,,0.7739936,0.26973844,1.7217903253852533,False
2TaBr2Se2-1,Br2-Se2-Ta1,0.9898430417617159,1.7249880278682106,,2.225685,0.26430354,0.74750569487372,True
4BrGaSe-1,Br1-Ga1-Se1,2.647187721921296,3.624827790241632,,4.777804,0.2647429,0.9494389817876432,True
1BrCdI-1,Br1-Cd1-I1,2.17937938742626,3.052957679203253,,4.015186,0.26589248,0.5682533380445265,True
2BrGaSe-1,Br1-Ga1-Se1,2.0760186274454564,3.1091719689487283,,4.0323596,0.26156843,1.1050394030459723,True
1BrITl2-1,Br1-I1-Tl2,1.9459956738211255,2.5872539235568723,,3.4409823,0.26793846,0.7507219321779867,True
2NiSeO3-1,Ni1-O3-Se1,0.3099547405576737,2.5544194811235115,,2.8931484,0.31453708,8.165723302252237,True
2KTaI6-1,I6-K1-Ta1,0.9888897582750729,2.0533055907903375,,2.5679433,0.27078953,2.1590327864628325,True
1GaInBr2S2-1,Br2-Ga1-In1-S2,1.6394345493067113,2.73597116156384,,3.5103478,0.26682115,1.6878344225440847,True
2ClGaTe-1,Cl1-Ga1-Te1,2.1626809113806296,2.8932803171910066,,3.840591,0.2697171,0.6898754865803353,True
2ClNb2Se6-1,Cl1-Nb2-Se6,0.6245028982397751,1.0811610977219632,,1.4167101,0.25668052,0.8013346825077121,True
4ClGaTe-1,Cl1-Ga1-Te1,2.1718292563346586,2.889765738822965,,3.8337545,0.25463414,0.7399161976930883,True
2FRe3Se4-1,F1-Re3-Se4,1.2663897530908725,1.9573938092468,,2.5623963,0.26259527,0.26319506669431747,True
2ZrSe5-1,Se5-Zr1,0.3038960583511634,0.24306922007642706,,0.44905236,0.24884382,2.6091231617242343,False
2BrTa2S6-1,Br1-S6-Ta2,0.5384859461129983,0.9819986689607538,,1.2922347,0.26683658,0.8590791567829058,True
1SSeW-1,S1-Se1-W1,1.4016133079682724,1.9111655146654165,2.3137266925538102,2.5520542,0.27135146,0.7901368367481993,True
4BrInS-1,Br1-In1-S1,2.5713036341455715,3.5065535217132124,,4.6201653,0.27281058,0.863438514728187,True
1AlCdInS4-1,Al1-Cd1-In1-S4,0.9060311000738517,1.8772431361735278,,2.3526807,0.2690082,1.8325717386691265,True
1SSeIn3Br5-1,Br5-In3-S1-Se1,1.91857239395951,2.8981108634715675,,3.7547607,0.27453962,0.9595848449723271,True
1HfK2H6S6-1,H6-Hf1-K2-S6,3.0135486512122043,4.336349846488198,,5.6419625,0.26010603,1.9290962764125619,True
1ClISSeGa2-1,Cl1-Ga2-I1-S1-Se1,0.8914895149997271,1.776946088385527,,2.260562,0.2659371,1.4758268628712499,True
1AlISe-1,Al1-I1-Se1,1.4270022297000922,2.1861313349090983,,2.8347588,0.26339823,0.3411788115488964,True
2SrI2S2H4-1,H4-I2-S2-Sr1,4.041520765040355,4.990520994395423,,6.6641564,0.27422062,2.335643101070258,True
2WCl3-2,Cl3-W1,0.4871859274393734,0.8831297062391703,,1.1708446,0.27621323,0.9724280525835846,True
1CdCl2S2Sn2-1,Cd1-Cl2-S2-Sn2,2.0933357630706615,2.822002952314657,,3.7400854,0.26858762,0.6127886381206996,True
1MoSe2-1,Mo1-Se2,1.3214381859138422,1.804162297991274,2.1190653734421043,2.4133108,0.2549603,0.8510353924678082,True
4BrInSe-1,Br1-In1-Se1,2.2529477973465193,3.1458939507746773,,4.11959,0.26830253,0.6323417094598317,True
1ZrK2H6S6-1,H6-K2-S6-Zr1,2.6888475241355017,4.1178837969133735,,5.3012915,0.2677288,2.462946686804706,True
2BrInS-1,Br1-In1-S1,1.908160946441894,2.7286859979882396,,3.5852416,0.25854388,0.36670286262522894,True
2TlCl3-1,Cl3-Tl1,2.425105825520487,3.537125933173482,,4.6098285,0.25797766,1.2893428879364262,True
2ClInTe-1,Cl1-In1-Te1,1.857825697445413,2.6220360098161177,,3.4554708,0.26067457,0.2762280220462539,True
2NbI2S2-1,I2-Nb1-S2,1.4315294260329843,2.2841334567273632,,2.9591856,0.26302055,0.7589879450501632,True
2BrInSe-1,Br1-In1-Se1,1.736365035671096,2.703966959870497,,3.4951982,0.26493683,1.0255262602668354,True
2HTeLi3S4-1,H1-Li3-S4-Te1,2.0933661566123334,2.992020082294654,,3.92312,0.26881543,0.6007726071270286,True
1AgGeTaCl2S4-1,Ag1-Cl2-Ge1-S4-Ta1,1.225981670928006,2.2710940805171367,,2.870792,0.26640874,1.8326204030967679,True
2INb2S6-1,I1-Nb2-S6,0.31843324563788933,0.8161767729607581,,1.0400186,0.2554183,0.9837622148482493,True
2SZn-1,S1-Zn1,2.5570100290180697,3.7713145457679995,4.690599466589594,4.8893194,0.27696306,1.6417405923051793,True
2HfSe5-1,Hf1-Se5,0.33689237317134557,0.22854099427877506,,0.439487,0.25873443,2.829384566768113,False
1Al2S5-1,Al2-S5,2.2112436137820706,3.2678169545105558,,4.2391376,0.2651796,1.1430158572203595,True
2CaI2S2H4-1,Ca1-H4-I2-S2,3.9295223725738824,5.165829837533288,,6.804778,0.26852953,1.9801754386021773,True
2BrNb2Se6-1,Br1-Nb2-Se6,0.6165807418478244,1.065448218939299,,1.3907788,0.2633042,0.8194887272431172,True
2RhCl3-1,Cl3-Rh1,1.5902587402081827,3.190377958412307,,3.9665802,0.27639753,4.028554586996483,True
1WMo3Se8-1,Mo3-Se8-W1,1.2995954881424192,1.7850799016279364,,2.3945527,0.26821122,0.8233201392317512,True
2ClSi-1,Cl1-Si1,1.252826267848594,2.0291751134644516,,2.6137805,0.26675424,0.6060331412740694,True
4SeO2-1,O2-Se1,2.8223588589586908,3.9801777129186364,,5.192824,0.26744744,1.3996176844829176,True
1HfI2-1,Hf1-I2,0.6296996925211846,1.0219868950032727,1.4208379914842508,1.3468356,0.26752052,0.9622758785819977,True
2SrS3H4-1,H4-S3-Sr1,3.7206573779450567,4.800295050467954,,6.359375,0.2723481,1.8047336938352962,True
1CrS2-1,Cr1-S2,0.8774373305125489,1.3507827301479436,1.448305808830788,1.8001347,0.2598876,0.7120749926988678,True
4NaSbS2-1,Na1-S2-Sb1,1.529375255498007,2.1015151381476183,,2.7832723,0.2678493,0.6119267571124293,True
2PZrSe3-2,P1-Se3-Zr1,0.3935643010513048,1.0744800521370657,,1.3314043,0.27036807,1.2782482965991249,True
4LiSbS2-1,Li1-S2-Sb1,1.8547375431718325,2.746226472615874,,3.57664,0.25421795,0.6206872864281695,True
1TiI2-2,I2-Ti1,0.5962779713958644,0.828403365678688,1.0904123643856931,1.1607776,0.2666145,1.5327638204429526,True
1AgScP2S6-1,Ag1-P2-S6-Sc1,2.0167417085026202,3.453451687883375,,4.3952413,0.26758808,2.931566463023693,True
2NaTaI6-1,I6-Na1-Ta1,0.880558284221924,1.9308279247563758,,2.4048796,0.2638635,2.208949896988674,True
2GaS-1,Ga1-S1,2.320546162907923,3.1968982453053973,4.084380938505257,4.2052345,0.26010916,0.6553636132851328,True
1AlLiP2S6-1,Al1-Li1-P2-S6,2.8236292221981723,3.872884141474959,,5.0940814,0.27160233,1.1394869415323445,True
1HfNa2H6S6-1,H6-Hf1-Na2-S6,2.7834894809760087,4.097325825781562,,5.320633,0.26086238,1.9540195120974975,True
1BiClS-1,Bi1-Cl1-S1,1.0018770876103855,1.7449209583971834,2.5273674606070293,2.2401729,0.26179773,0.7629691915146779,True
2ITa2S6-1,I1-S6-Ta2,0.5019684852583857,0.9363167537405372,,1.2256522,0.27345905,0.8901426080439765,True
1ClISBr2Se3In4-1,Br2-Cl1-I1-In4-S1-Se3,1.427830013435222,2.2968593185509256,,2.9591043,0.2667448,0.8372192657545182,True
1MgH2S2-1,H2-Mg1-S2,3.5082613056712413,4.551663860536178,,6.02198,0.27674925,1.630598141013193,True
1Br2Se2Pb3-1,Br2-Pb3-Se2,0.8964090315994947,1.4516907179355618,,1.9004861,0.26457858,0.5220988461442468,True
2MoWSe4-1,Mo1-Se4-W1,1.2700363955622083,1.7490843965495402,,2.3423796,0.25898287,0.8319341132189478,True
2BrGaS-2,Br1-Ga1-S1,1.484856461530191,2.265188248059751,,2.9557776,0.26930046,0.3793310707599725,True
1HfLi2H6S6-1,H6-Hf1-Li2-S6,3.007636088807524,4.32886756014566,,5.635696,0.26584774,1.9245800714994004,True
4KPS2-1,K1-P1-S2,2.4942574268820716,3.4624580676001897,,4.5347753,0.2668993,0.8622997870514255,True
2AlGeS3-1,Al1-Ge1-S3,2.013512767069466,2.9087188943732754,,3.7925737,0.2564268,0.5910805741347739,True
4AsKS2-1,As1-K1-S2,2.471594478955983,3.4068854398178696,,4.4735603,0.26828837,0.8018743375502251,True
2AlInSe3-1,Al1-In1-Se3,1.6854298688779983,2.424051085207037,,3.184241,0.26912647,0.13523511889594525,True
2CaS3H4-1,Ca1-H4-S3,3.5913167655945384,4.911137453507253,,6.4395514,0.26877314,1.9445809026190368,True
2HfPSe3-2,Hf1-P1-Se3,0.46878609292802387,1.0985418646990048,,1.3984838,0.26291957,1.039147202837033,True
2PdSeO3-1,O3-Pd1-Se1,1.1204491205322613,2.6630472818870015,,3.2555406,0.27845237,4.194875539369666,True
2LiTaI6-1,I6-Li1-Ta1,0.9074890672388376,1.9616256886117869,,2.4498525,0.2696266,2.197832817884384,True
1SSeBi2Cl2-1,Bi2-Cl2-S1-Se1,0.8256818854512202,1.5151782309476975,,1.9567646,0.2599948,0.7865116108294883,True
1AlNaP2S6-1,Al1-Na1-P2-S6,2.9518015097718013,3.964560037279047,,5.2150927,0.26431677,1.172198809724014,True
1CrMo3Se8-1,Cr1-Mo3-Se8,0.9514912305870031,1.4321898061184544,,1.8900721,0.27289423,0.6928474342433,True
1BrISCd2-1,Br1-Cd2-I1-S1,0.9070373719965149,1.7154116662169758,,2.164373,0.26007062,1.1340582160835126,True
2HSeLi3S4-1,H1-Li3-S4-Se1,2.12415941006304,3.064553682384706,,4.027423,0.25661016,0.7315849194412032,True
2BrTa2Se6-1,Br1-Se6-Ta2,0.6598260691661251,1.0690869354017454,,1.4377295,0.27109984,0.9106416641476843,True
2TaI2S2-1,I2-S2-Ta1,1.428954845291042,2.2571629233926913,,2.915275,0.26949048,0.6506727695345771,True
2AlI3-1,Al1-I3,2.0932138543655316,2.9553118392141995,,3.8837981,0.25824055,0.5121630606678351,True
2ClRe3S4-1,Cl1-Re3-S4,1.5414575912922723,2.3208127521433997,,3.015922,0.26547843,0.32410115930266986,True
2LiNbI6-1,I6-Li1-Nb1,0.5836571955558623,1.6863106696270647,,2.057327,0.28071907,2.756664486577199,True
2ClRhS-1,Cl1-Rh1-S1,1.0633875594029067,2.2699064183552333,,2.8286154,0.27565667,2.7236580271700936,True
2HLi3S5-1,H1-Li3-S5,2.2541295465211215,3.300236732555306,,4.284839,0.26802933,1.087841036541799,True
1MoW3Se8-1,Mo1-Se8-W3,1.257610391250017,1.7486238144791284,,2.3355002,0.27127478,0.7711429417470301,True
4OS2Sb2-1,O1-S2-Sb2,1.8792476453553875,2.7289556239146453,,3.5683982,0.25660646,0.45235314345251654,True
2INb2Se6-1,I1-Nb2-Se6,0.5774591999250656,1.0329495229682935,,1.3629881,0.26971978,0.8222212056067919,True
2SrP2S6-1,P2-S6-Sr1,2.3436179789516984,3.3984086808882394,,4.419938,0.26308635,1.0976434506163966,True
1CdGa2S4-1,Cd1-Ga2-S4,0.49615799463642807,1.453210072124169,,1.7773637,0.26802865,2.223812402633363,True
2PbI2-2,I2-Pb1,1.7009208365068074,2.385416548972113,,3.138851,0.26504174,0.29113781792409915,True
1GeSZnBr2-1,Br2-Ge1-S1-Zn1,1.7795685195077966,2.5240682210883243,,3.3343947,0.26584023,0.2165018371432408,True
4LiPS2-1,Li1-P1-S2,1.5197583811979927,2.2896558714310693,,2.981695,0.25476047,0.2996743972818369,True
1ZnI2-1,I2-Zn1,2.4314249851976726,3.41893639614533,5.192995689965805,4.490334,0.26664764,0.8854435460069073,True
2SeZn-1,Se1-Zn1,1.6214941234238558,2.6335309052897666,,3.3727043,0.26357454,1.3176956226085872,True
4AsLiS2-1,As1-Li1-S2,1.2504697042311885,1.8733839578027418,,2.4606102,0.2592848,0.25566593581222646,True
4BrCd-1,Br1-Cd1,1.2814103914734805,1.7708280847682307,,2.3612034,0.26390743,0.7935454720022259,True
2BrGaTe-1,Br1-Ga1-Te1,1.935985652423077,2.736761330594329,,3.6057708,0.2728132,0.34594176994382453,True
1Al2Mg2Te5-1,Al2-Mg2-Te5,0.49239223959095557,1.2094631206443367,,1.5140135,0.27532515,1.2796752360278052,True
1AuInCl2S2-1,Au1-Cl2-In1-S2,1.7931620393607313,2.584399174383482,,3.37791,0.2621639,0.2708446351402494,True
2NbI2Se2-1,I2-Nb1-Se2,1.059883402729577,1.8099932434132604,,2.3341198,0.25908333,0.7215332247928626,True
2BrZn-1,Br1-Zn1,2.3717724951912045,3.2336547727754317,,4.269086,0.25952008,0.6936041004309044,True
2ITl-1,I1-Tl1,2.399076530149377,3.135808643754661,,4.1615453,0.25563443,0.9541231343690817,True
2GaSe-1,Ga1-Se1,1.7646068281960714,2.5056893830580482,3.444993082038482,3.294832,0.26131815,0.2051924920686911,True
1HgBr2Pb2S2-1,Br2-Hg1-Pb2-S2,1.9616663588287802,2.8173725634391085,,3.6838183,0.2759536,0.46775858318487074,True
1BiClTe-1,Bi1-Cl1-Te1,0.5994997788078491,1.1982747632781856,1.7362965604386607,1.5331975,0.26048928,0.81917704085985,True
4GaIS-1,Ga1-I1-S1,2.0062173836610118,2.9700116017006484,,3.8698952,0.2538754,0.8509812354081321,True
4BrInTe-1,Br1-In1-Te1,2.0243073268428367,2.7638785081338555,,3.6538064,0.25602385,0.5003869257918306,True
1WSe2-1,Se2-W1,1.237876337239032,1.7304371317062133,2.1039151217748224,2.2933536,0.26971212,0.7522759430144839,True
2HNaSe-1,H1-Na1-Se1,3.0222382524261073,3.957786098431063,,5.2355695,0.26572457,1.2522984450300785,True
2InSiS3-1,In1-S3-Si1,1.8483956840924938,2.6593518957573234,,3.4881635,0.26611862,0.33122202731777617,True
4Ga2Se3-1,Ga2-Se3,1.7756146845922323,2.6207544828355007,,3.431445,0.2646329,0.46539515475859144,True
2BrInTe-1,Br1-In1-Te1,1.6762535074479046,2.4734836242855884,,3.2262025,0.2654454,0.31276416180460814,True
1CdGaInS4-1,Cd1-Ga1-In1-S4,0.41158694158055686,1.3399645179244253,,1.6252573,0.2759442,2.199300211332706,True
2AlSSi-1,Al1-S1-Si1,1.0942050141120374,1.7193662750874226,,2.2573736,0.25589433,0.3459922151754706,True
2PtSeO3-1,O3-Pt1-Se1,1.3045295362966947,2.731538681470915,,3.3868315,0.2742405,3.4955545036747466,True
1GaInS2-1,Ga1-In1-S2,1.7685096599763703,2.569631613134444,,3.3575242,0.2693745,0.30007898486115353,True
1FeAl2Se4-1,Al2-Fe1-Se4,0.7391602266235082,2.338463534705112,,2.7832382,0.27368838,4.8214361316732814,True
1SnZnCl2I4-1,Cl2-I4-Sn1-Zn1,1.1006329203367469,1.8880223841901533,,2.433345,0.26221326,0.8249142513238179,True
1BiBrSe-1,Bi1-Br1-Se1,0.7328424385465011,1.362729346708878,2.010009582277624,1.7614357,0.25147936,0.7329577635015128,True
1CdIn2S4-1,Cd1-In2-S4,0.5972054309183816,1.4998828760693768,,1.8540764,0.27672824,1.8803501030334806,True
2TeCu2O6-1,Cu2-O6-Te1,0.4493560519131208,1.7382340385564632,,2.07127,0.28707987,3.7222117457305792,True
2BrRe3S4-1,Br1-Re3-S4,1.4293134956695637,2.2705119050355984,,2.9358892,0.26709878,0.709294939883325,True
1NiRuTa2Se6-1,Ni1-Ru1-Se6-Ta2,0.33792535765927767,1.2041955533079016,,1.460444,0.2598995,2.0298022839254233,True
2CdClCuS-1,Cd1-Cl1-Cu1-S1,0.8763850328910539,2.5843332531681935,,3.09165,0.28772283,5.180331589753932,True
2BrCdS-1,Br1-Cd1-S1,1.8735052049165573,2.7931332346677435,,3.6332102,0.26290685,0.7287299496955915,True
2In2S3-1,In2-S3,1.7397353703707297,2.5810346258066135,,3.367489,0.26255926,0.46627184321529747,True
2AsMgS3-1,As1-Mg1-S3,2.028637284959104,3.081356548577702,,3.9793456,0.27966547,1.212415487624275,True
2ITa2Se6-1,I1-Se6-Ta2,0.6348146902975635,1.0141649438919043,,1.3559319,0.27685592,1.002397668472171,True
4GaISe-1,Ga1-I1-Se1,1.9315492601884396,2.8213438522660823,,3.6860406,0.26395524,0.5867560446431701,True
2AlITe-1,Al1-I1-Te1,2.0925552109123378,2.9375516544998863,,3.852878,0.2643729,0.48474068686756494,True
2AgFSe2-1,Ag1-F1-Se2,1.4218863857706259,2.4424658102927683,,3.119495,0.2609763,1.5332455762384805,True
1CrSSe-1,Cr1-S1-Se1,0.7819913782257938,1.2406753060584685,1.2944246506512027,1.643326,0.27086124,0.7596966333024551,True
2BrGa-1,Br1-Ga1,2.484330772142875,3.270753997662524,,4.343464,0.26686218,0.9197344576721641,True
1SiS2-2,S2-Si1,1.3827338811558196,2.2164711320578667,3.2456801296655087,2.8640668,0.2653422,0.7213686993845011,True
4IInSe-1,I1-In1-Se1,1.7631420900976598,2.602302865643178,,3.3915958,0.27099922,0.4463439667143615,True
4PPtS-1,P1-Pt1-S1,1.7016784154504723,2.6539357763419984,,3.440524,0.26422134,0.9821986791121883,True
1In2Mg2Te5-1,In2-Mg2-Te5,0.3577178951448795,0.9955644768491358,,1.2499735,0.2782012,1.1920396906126256,True
1STa3I7-1,I7-S1-Ta3,0.6843661842824087,1.2954708439890104,,1.6632444,0.25865445,0.7485448240626833,True
1CrW3Se8-1,Cr1-Se8-W3,0.8822161838626622,1.332864213876784,,1.7711498,0.26752687,0.7868954649694537,True
2InS-1,In1-S1,1.6751470544013318,2.4308252492074818,3.148554795535873,3.1970177,0.26151302,0.15934871419150234,True
2IInS-1,I1-In1-S1,0.9688580670633953,1.8275272360789643,,2.3264148,0.26909858,1.2749210675173235,True
1InLiI4O12-1,I4-In1-Li1-O12,2.7879634005989082,4.1355978269718445,,5.3532987,0.27446884,2.085221844342023,True
2AlGeSe3-1,Al1-Ge1-Se3,1.6452203032099417,2.408309085650762,,3.1398387,0.26015583,0.18755684560903974,True
2IInSe-1,I1-In1-Se1,1.0465863549797736,1.8579605543492916,,2.3942482,0.2728044,0.9867965130823525,True
1CH2Sc2-1,C1-H2-Sc2,1.0104986116339991,2.008994817721328,,2.5425775,0.26740247,1.842389393624325,True
1MgAl2Te4-1,Al2-Mg1-Te4,0.43889220215192337,1.1602463556905618,,1.4594045,0.2521005,1.3588827771954592,True
1InLiP2S6-1,In1-Li1-P2-S6,2.2933780374639143,3.2885208694275843,,4.297696,0.2721059,0.8986111921556432,True
1SnI2-1,I2-Sn1,1.8366183797033782,2.490076345989749,3.3117158184424627,3.2975981,0.2518856,0.5742452949380042,True
1ClSbSe-1,Cl1-Sb1-Se1,1.171640360017976,1.8037234936115578,2.403756881811299,2.356012,0.27512464,0.2834366514883689,True
4AuBrFS-1,Au1-Br1-F1-S1,0.8740828042799209,1.4377994618571788,,1.8694599,0.26620144,0.5290070089073899,True
2TaI2Se2-1,I2-Se2-Ta1,0.9925409732946011,1.7082072671435493,,2.200691,0.26762953,0.6734846788713551,True
1STa2Te2-1,S1-Ta2-Te2,0.3877696719431398,0.15114038269795738,,0.37658218,0.24699539,3.4181121473570495,False
2CdS-1,Cd1-S1,1.785819903757046,2.6959230246938475,,3.4957767,0.25069302,0.7363639698018725,True
1GaRhIr2Br4S4-1,Br4-Ga1-Ir2-Rh1-S4,0.3373182047686314,1.1372989636058726,,1.3907776,0.27685046,1.7696442719288523,True
4AgClHO-1,Ag1-Cl1-H1-O1,0.32913402819952253,0.9858254907052331,,1.2327404,0.2703918,1.2805957649346578,True
1GaLiP2S6-1,Ga1-Li1-P2-S6,2.0454524658997015,2.9968239098509786,,3.90576,0.26193747,0.7879428356858854,True
1InNaP2S6-1,In1-Na1-P2-S6,2.3838723861629925,3.385814365235935,,4.4261436,0.2629047,0.9190400547386013,True
2AlPSeS2-1,Al1-P1-S2-Se1,2.235648001100131,3.1640471319017207,,4.148117,0.26518467,0.699650067914406,True
2Ga2Se3-1,Ga2-Se3,0.9871094395455948,1.5449991646784929,,2.030653,0.26121196,0.47489437276233015,True
2CrWSe4-1,Cr1-Se4-W1,0.7586214390355313,1.2034381235611697,,1.5864098,0.26089802,0.8011497544452771,True
1AgGaCl2Br4-1,Ag1-Br4-Cl2-Ga1,0.44379311422008794,1.1448886184668714,,1.438865,0.26823595,1.283777967464578,True
2IRe3S4-1,I1-Re3-S4,1.0342831174769054,1.9145585031924088,,2.4438813,0.26558638,1.2958710199872492,True
2BrRhS-2,Br1-Rh1-S1,1.0039134320418577,2.135486147220739,,2.6616402,0.2652874,2.445029925169783,True
1FeHfI6-1,Fe1-Hf1-I6,0.781064254526903,2.7948742152896866,,3.2917852,0.2996241,6.6622041973363295,True
2CdSe-1,Cd1-Se1,1.4023876086837297,2.197360631023562,,2.8406484,0.26379344,0.5269739674480156,True
2NbPS3-2,Nb1-P1-S3,0.5075061274121873,0.6794503933553222,,0.9644278,0.2675448,1.739341354649855,True
2BrRhSe-1,Br1-Rh1-Se1,1.0230572583694282,2.1396173896965265,,2.6727307,0.27610844,2.3580923904951367,True
2AlAsS3-1,Al1-As1-S3,1.1391058561151084,1.7830918383858538,,2.32269,0.2581866,0.3153630156126158,True
2SiNb2Te4-1,Nb2-Si1-Te4,0.520697793063507,0.7215778115067428,,1.0145309,0.26756555,1.6288523409363616,True
1CdGeSSeBr2-1,Br2-Cd1-Ge1-S1-Se1,0.6168031846832229,1.5437706816285686,,1.9128964,0.25342602,1.9604642885236507,True
1GeZnBr2Se2-1,Br2-Ge1-Se2-Zn1,0.8041089114344091,1.5005396054273563,,1.9207201,0.2613418,0.8348517012436969,True
4In2S3-1,In2-S3,1.7026398585177533,2.6904523671334313,,3.475903,0.26639652,1.1422153731279505,True
2TlBr3-1,Br3-Tl1,1.661320161832176,2.546267704643963,,3.2911537,0.2536148,0.7088613365466141,True
4In2Se3-1,In2-Se3,1.2786096760872128,2.0807654521184116,,2.702577,0.2622749,0.6893090015067618,True
2InI3-1,I3-In1,1.597185543773032,2.3956467296920856,,3.1319401,0.26195377,0.3668845501629857,True
2BrRhTe-1,Br1-Rh1-Te1,0.9843803668289848,1.964644675594796,,2.4868019,0.26180947,1.788936333189364,True
2AsMgSe3-1,As1-Mg1-Se3,1.3118038403691124,2.1352667445888964,,2.7492478,0.2658683,0.7480611357813596,True
1GaNaP2S6-1,Ga1-Na1-P2-S6,2.17032144756053,3.0891157390855146,,4.047315,0.25859636,0.6645890165318917,True
1ClIGa2-1,Cl1-Ga2-I1,1.8399429695558773,2.4356303554958343,,3.2410614,0.26713508,0.8222373242514264,True
2PbSe-1,Pb1-Se1,0.7889027582023045,1.3115478090383061,1.622846364219939,1.7208565,0.2598497,0.6206691471628413,True
2BrCdCuS-1,Br1-Cd1-Cu1-S1,0.9438581467310061,2.57315913661742,,3.1092713,0.28163153,4.757963074906401,True
1BiBrTe-1,Bi1-Br1-Te1,0.5910806856682358,1.1593582897846306,1.690406747707645,1.4988794,0.25792354,0.7813175855089259,True
3RuSCl2-1,Cl2-Ru1-S1,0.4520412889200398,1.130697515433051,,1.4095889,0.2536468,1.200849716443104,True
2InSiSe3-1,In1-Se3-Si1,1.4104461757693803,2.114108521333537,,2.7567878,0.26653484,0.12933002613913513,True
2AlSeSi-1,Al1-Se1-Si1,1.580655292295068,2.186929358289026,,2.8964217,0.26731917,0.5039648588214946,True
2ClIrS-1,Cl1-Ir1-S1,0.3545294852530483,1.2006225090242713,,1.4549088,0.26439562,1.929653849780531,True
2ClRe3Se4-1,Cl1-Re3-Se4,1.1939512580803924,1.8953368220018683,,2.4709191,0.25779754,0.38223622885885583,True
1ISSnAs2Ge2Se2Cl5-1,As2-Cl5-Ge2-I1-S1-Se2-Sn1,0.6680600917466171,1.1976032351321564,,1.5568013,0.26414064,0.6932135085872828,True
2BiI3-1,Bi1-I3,1.3769780431671466,2.1057735713800456,,2.7455108,0.2519146,0.26528147566582105,True
1AlLiP2Se6-1,Al1-Li1-P2-Se6,2.035986041233147,2.919466530896653,,3.832069,0.27413034,0.553194726335369,True
2AlGeSe-1,Al1-Ge1-Se1,0.6169232512993936,1.2398741619353495,,1.5857286,0.26925075,0.8500912281608202,True
1SnK2H6S6-1,H6-K2-S6-Sn1,2.6258476725915703,3.6978936694184785,,4.8374863,0.27248204,1.138266701440774,True
4AgBrHO-1,Ag1-Br1-H1-O1,0.3388333892345461,0.9379807331075813,,1.1802194,0.26099485,1.1148799290445366,True
2ClNb2Te6-1,Cl1-Nb2-Te6,0.7494611436541878,1.1815434790767034,,1.5756334,0.25743333,0.839385595908911,True
1HgI2Pb2S2-1,Hg1-I2-Pb2-S2,1.8102562063848406,2.6326448427486913,,3.4372249,0.27840108,0.3676371667727862,True
1MoCu2S4-1,Cu2-Mo1-S4,1.1697355401094536,2.616577346776044,,3.226778,0.2748184,3.7122405537486682,True
1CrSe2-1,Cr1-Se2,0.6852428509563413,1.1284344191608056,1.1650582430938503,1.4948181,0.26903248,0.8146782931449386,True
2BKH4S4-1,B1-H4-K1-S4,4.058411656510726,5.160871484354146,,6.8513036,0.27094644,2.108548741555866,True
2FRe3Te4-1,F1-Re3-Te4,0.4983851890786246,1.0046604401674153,,1.3139744,0.25323623,0.8298240598942866,True
1TeCd2I2-1,Cd2-I2-Te1,1.9062345027845957,2.6586813453801432,,3.502411,0.26471746,0.3374959908699951,True
2HKTe-1,H1-K1-Te1,2.63690401380311,3.4002637298102867,,4.518064,0.26389158,1.15976412522496,True
2AgBrCdSe-1,Ag1-Br1-Cd1-Se1,1.0800538025399025,2.1021067504099915,,2.64601,0.2614999,1.8755220216722028,True
1ClSbTe-1,Cl1-Sb1-Te1,1.254939467921311,1.8660784955727059,2.3824329746395554,2.4647171,0.26189315,0.28710750981893457,True
2GaIS-3,Ga1-I1-S1,0.8326559821565127,1.4874114779600416,,1.9178127,0.2571729,0.6772324163509501,True
1TeTa3I7-1,I7-Ta3-Te1,0.6433218083009111,1.2234316694925294,,1.5903398,0.25708228,0.742543775783971,True
2CdClCuTe-1,Cd1-Cl1-Cu1-Te1,1.1241120234624815,2.4581685182090456,,3.0491304,0.27050605,3.242771312773978,True
4KSeS2-1,K1-S2-Se1,1.369038811318322,1.8815831254218365,,2.505475,0.26244932,0.7517530121753581,True
1AlNaAs2S6-1,Al1-As2-Na1-S6,1.645481198070581,2.510402898168281,,3.2470248,0.26178673,0.6304077775869292,True
2TlPt2S3-1,Pt2-S3-Tl1,1.2532971875202457,2.0736135055545284,,2.6828606,0.2553496,0.7962619957689397,True
4PPdS-1,P1-Pd1-S1,1.1949967879016565,2.0904344386127454,,2.6754658,0.25587812,1.1906358641380528,True
2BrRe3Se4-1,Br1-Re3-Se4,1.1292020504050453,1.8564865736208702,,2.4072092,0.26791608,0.5518565561542356,True
2ClCu-1,Cl1-Cu1,2.6120268581214994,4.390686636296947,,5.5577393,0.28104302,4.035737266911565,True
4IInTe-1,I1-In1-Te1,1.7319850334131117,2.4441028506312663,,3.207522,0.26434016,0.23037526751910842,True
2BrNb2Te6-1,Br1-Nb2-Te6,0.7359241589183978,1.1802599894886463,,1.5497526,0.2584533,0.8043842126972691,True
2BNaH4S4-1,B1-H4-Na1-S4,4.088254362827465,5.210285694207171,,6.9155746,0.27126536,2.1203764631076103,True
4Al2Te3-1,Al2-Te3,1.7746302939702097,2.440983415141196,,3.2341847,0.26443583,0.44990960798305857,True
2IInTe-1,I1-In1-Te1,1.291234780646195,2.05350796967683,,2.6605291,0.26482403,0.5030591534086574,True
2INaS2H4-1,H4-I1-Na1-S2,3.615322746721427,4.591014749165568,,6.1001215,0.26499462,1.8125686841705475,True
2GeInS3-1,Ge1-In1-S3,1.6407185663376307,2.42868339584788,,3.1818788,0.25706744,0.29198328853882205,True
2GaITe-1,Ga1-I1-Te1,1.3688303580775152,2.157254774456625,,2.7949722,0.2655387,0.5324482338061709,True
1BrSbSe-1,Br1-Sb1-Se1,1.069465069253044,1.6485916687612352,2.1635891881232383,2.1587238,0.2637248,0.4041051849977784,True
1BiISe-1,Bi1-I1-Se1,0.6072788818072934,1.2156722279898025,1.7717954952529873,1.5468136,0.2590472,0.8293332870014417,True
1SnNa2H6S6-1,H6-Na2-S6-Sn1,2.5873916862412782,3.652350109816746,,4.7772245,0.26766595,1.1148458377712187,True
2AgCl-1,Ag1-Cl1,2.5206577081547525,3.807020670981328,,4.9271483,0.26508173,1.9480177645489878,True
2BrHg-1,Br1-Hg1,1.5219565887362576,2.2368706866724466,,2.9343274,0.2710079,0.0466984764164984,True
1BrClGe2Se2-1,Br1-Cl1-Ge2-Se2,1.718929828554199,2.696981068145859,,3.4786417,0.26335183,1.085617951192107,True
1AgAlP2S6-1,Ag1-Al1-P2-S6,1.9332454299803021,3.1320799879793046,,4.0227013,0.2574705,1.9211140304002976,True
1MgLi2Te2H4S8-1,H4-Li2-Mg1-S8-Te2,2.0832640946048677,3.0193481408497442,,3.9438584,0.26312214,0.7224453607852656,True
1PtNa2H6S6-1,H6-Na2-Pt1-S6,2.2727461787593874,3.38613003055115,,4.3847613,0.26941994,1.3471698723588696,True
1MgNa2Te2H4S8-1,H4-Mg1-Na2-S8-Te2,2.339417318067751,3.343877873561728,,4.3708525,0.26758748,0.9263642609065706,True
2SiTa2Te4-1,Si1-Ta2-Te4,0.43875865490640154,0.6549494639347402,,0.9202719,0.26724803,1.543773458704159,True
2InPt2S3-1,In1-Pt2-S3,1.529826824831379,2.3055716077522384,,3.0225706,0.27391955,0.31755307531545574,True
1PbBi2S4-1,Bi2-Pb1-S4,0.494269022778723,1.0393557707915289,,1.3397001,0.2714351,0.8530243554231322,True
2TlPt2Te3-1,Pt2-Te3-Tl1,0.6629242046937938,1.010539666986528,,1.343131,0.26324826,1.1129276370063228,True
1PtSnS4-1,Pt1-S4-Sn1,1.3021127776804606,2.1217787641584476,,2.7529304,0.25632274,0.741386576010512,True
2GaSSi-1,Ga1-S1-Si1,1.1397196939240843,1.808148076837551,,2.3446703,0.26103073,0.35405599385554143,True
1STeW-1,S1-Te1-W1,1.1410821601608523,1.6806245984453092,2.0650371304797037,2.2205956,0.2681053,0.5174886062898657,True
2GeInSe3-1,Ge1-In1-Se3,1.2020008390288388,1.8792541001415217,,2.4406614,0.26292542,0.3028324968836236,True
2ClTa2Te6-1,Cl1-Ta2-Te6,0.705909056838762,1.136079355650012,,1.5246909,0.26822716,0.8470814398843374,True
1CdInTlS4-1,Cd1-In1-S4-Tl1,0.32368069063619354,1.1272968709948814,,1.3821408,0.2700455,1.7997745796755837,True
2CdPS3-1,Cd1-P1-S3,1.88666479741874,2.9206658452523673,,3.789815,0.2646679,1.2172537995196462,True
1STeI2In2-1,I2-In2-S1-Te1,0.8331602774149631,1.5563774742479246,,1.9877479,0.25909814,0.8916768119706836,True
1BrSSb-1,Br1-S1-Sb1,1.2173211380215396,1.837586151949067,2.419301910035136,2.4071934,0.2640998,0.2712538969970049,True
2SSn-1,S1-Sn1,1.4140275314202837,1.9865449305244196,2.5028473533179536,2.6486852,0.26668793,0.51498751636232,True
2PZnS3-1,P1-S3-Zn1,2.0860131779540954,3.1968733014089756,,4.1405916,0.26460597,1.4303283128761541,True
1PtSe2-1,Pt1-Se2,1.1666545013209406,1.6358330263444107,2.380966208275626,2.1811292,0.2646849,0.8124771533727626,True
2IRhTe-2,I1-Rh1-Te1,0.8975965044189791,1.4318302925595947,,1.8750716,0.26288757,0.5529749727637796,True
1STeIn2-1,In2-S1-Te1,0.6074729488260813,1.1412458909933512,,1.483226,0.27590752,0.7418103704424228,True
1BiIS-1,Bi1-I1-S1,0.7774808004290814,1.4739739789524404,2.0419783102380995,1.8893403,0.26936552,0.8670825966204172,True
1CoNaP2S6-1,Co1-Na1-P2-S6,0.6163385328324371,1.8514312559572472,,2.2341678,0.2706617,3.3078921325594157,True
2InPt2Te3-1,In1-Pt2-Te3,0.6663322032590409,0.9804370206869413,,1.3301617,0.26744375,1.2369766227385939,True
1GeBi2Se2I4-1,Bi2-Ge1-I4-Se2,0.7631067730803465,1.4192116987062606,,1.8264414,0.27438328,0.7626279328721426,True
1CdHIS-1,Cd1-H1-I1-S1,1.9841986188967229,2.851281329000785,,3.7224903,0.26383817,0.5024468378155983,True
2GaGeS3-1,Ga1-Ge1-S3,1.5509701068453277,2.3305902849977724,,3.047494,0.25397944,0.31741244299914967,True
1PbK2H6S6-1,H6-K2-Pb1-S6,1.5902352456007143,2.4663348177604147,,3.2030857,0.26652274,0.7243786048980627,True
2AsSiS3-1,As1-S3-Si1,2.1813705769676472,3.0346323189472146,,4.0053287,0.26963148,0.5459551938465974,True
1GaIrI2S2-1,Ga1-I2-Ir1-S2,0.4367461355903945,1.1795770182656442,,1.4760364,0.25689963,1.4376952354113146,True
1S3Pt4Se5-1,Pt4-S3-Se5,1.3082214309907259,1.8291127300956855,,2.444451,0.2613484,0.6719718458908125,True
2ClPSnS3-1,Cl1-P1-S3-Sn1,2.3929615287213517,3.3116884214817084,,4.3479095,0.2681992,0.738752654977551,True
4RhSe2-1,Rh1-Se2,0.5825120467774565,1.04627650186108,,1.3695195,0.26283303,0.8067901568817925,True
2Al2Te3-1,Al2-Te3,1.0048680639385525,1.5288647188213829,,2.0084977,0.25415966,0.5559730363608374,True
1MgK2Se2H4S8-1,H4-K2-Mg1-S8-Se2,1.9573059548038638,2.9664469122272736,,3.8637583,0.2573908,1.0651078240324894,True
2GeTa2Te4-1,Ge1-Ta2-Te4,0.3106876294829981,0.44665216904646,,0.66545737,0.26821882,1.8117446371725823,False
2IIn-2,I1-In1,0.9878311967561447,1.3346357133035869,,1.8026747,0.27171767,1.2381634033605056,True
4ReSe2-1,Re1-Se2,1.1153457374213598,1.6209443017397733,,2.1523447,0.2695147,0.6392007625926,True
2RuS2-1,Ru1-S2,0.7254675520557208,1.5833182530472873,,1.9866439,0.26446065,1.5470229385332157,True
1SnS2-1,S2-Sn1,1.5874637779702907,2.3606727440800466,3.150114472189574,3.092289,0.26697552,0.26064908458375485,True
2IRhSe-1,I1-Rh1-Se1,0.8867906139124284,1.7248430777278154,,2.1916223,0.2692479,1.280270720868405,True
2AgCdISe-1,Ag1-Cd1-I1-Se1,1.2588363750983782,2.213757168414705,,2.8231075,0.2714023,1.3922497409222134,True
1SSeSn2-1,S1-Se1-Sn2,1.0637806373268932,1.5223319364301158,,2.0396905,0.25995445,0.8073946185561884,True
4AsPtS-1,As1-Pt1-S1,1.3127735645194836,2.0613638503333185,,2.6828227,0.25910804,0.420990177131621,True
1HgI2S2Sn2-1,Hg1-I2-S2-Sn2,1.837215364015716,2.588551630800689,,3.405551,0.2676813,0.26671480743765025,True
2BrIrS-1,Br1-Ir1-S1,0.3437975247414944,1.1784961189423457,,1.4268107,0.25998393,1.8971058496834572,True
2INb2Te6-1,I1-Nb2-Te6,0.6727312679481621,1.1345740612385513,,1.503832,0.2708311,0.7745216626927421,True
2IRe3Se4-1,I1-Re3-Se4,0.9043409620315894,1.6666468253210334,,2.1239946,0.2683188,0.9527242365509284,True
2GaI3-1,Ga1-I3,1.1525031155826637,1.8843814183655474,,2.4490807,0.25843707,0.5414478738623454,True
2ClIrSe-2,Cl1-Ir1-Se1,1.187309808676266,2.2350163474245495,,2.8371718,0.26713476,1.882643092620585,True
1MgK2H4S10-1,H4-K2-Mg1-S10,2.059231319537952,3.111496232823838,,4.0395193,0.25716585,1.1939023693796977,True
2BrCdCuTe-1,Br1-Cd1-Cu1-Te1,1.102360448942051,2.4657963731023167,,3.0385685,0.27816525,3.397222057349182,True
2GaSeSi-1,Ga1-Se1-Si1,1.4117458278560373,2.0771230589568357,,2.7194133,0.2663119,0.1197867203791369,True
1PtS2-1,Pt1-S2,1.6882571662127972,2.4879613629987514,2.9450723931526674,3.2607195,0.26110497,0.317447102013712,True
2GaGeSe-1,Ga1-Ge1-Se1,0.38959671729157974,0.9213873211009427,,1.1746852,0.26585862,0.9430997074611333,True
1GaLiP2Se6-1,Ga1-Li1-P2-Se6,1.4162916951918083,2.1881205612556256,,2.8480446,0.26394176,0.4089816537447262,True
1SnBr2S2-1,Br2-S2-Sn1,0.8287728520994069,1.4896127126043974,,1.9262545,0.26970333,0.6979296466481494,True
1PtTe2-1,Pt1-Te2,0.30257441273799957,0.5994879239060904,1.242498167927923,0.8035855,0.27222478,1.2596353431228604,True
1InAu3Br4O4-1,Au3-Br4-In1-O4,0.47515234062329137,1.554590589204282,,1.8712891,0.27144268,2.773012359779164,True
1SBi2Se2-1,Bi2-S1-Se2,0.35367786504819687,0.857388389909446,,1.0981723,0.2635895,0.9548412173964984,True
2SeSn-1,Se1-Sn1,0.9225352561217924,1.3454340184755553,1.6285283424022705,1.7772273,0.27149323,0.8973667995689082,True
1AlNaAs2Se6-1,Al1-As2-Na1-Se6,1.045976140157817,1.7495813872978423,,2.2647796,0.2508305,0.5676559868616012,True
4NiPS-1,Ni1-P1-S1,0.8739118110064008,2.172333819910784,,2.643548,0.26832432,3.327702832802206,True
2IRhS-2,I1-Rh1-S1,0.770883960261759,1.6647392381663382,,2.0836594,0.26269937,1.646638811929069,True
1PdNa2H6S6-1,H6-Na2-Pd1-S6,1.715362472361294,2.7104992077960595,,3.504932,0.26930487,1.1655535402114918,True
4PSSi-1,P1-S1-Si1,2.2518409787920772,3.1619899736802513,,4.1494584,0.26249227,0.6623283120394994,True
2HNaTe-1,H1-Na1-Te1,2.70271072704629,3.4919662774622786,,4.6422286,0.27210298,1.167162118840437,True
2CdCuISe-1,Cd1-Cu1-I1-Se1,1.0358807083687367,2.4976413147832592,,3.059543,0.2757159,3.9080404437043255,True
1AsClSe-1,As1-Cl1-Se1,1.3734395298352309,2.0599710588294755,2.5605841943435292,2.6924334,0.2578482,0.1283263608286694,True
4RhS2-1,Rh1-S2,0.5969907483399968,1.4017233689639377,,1.7485738,0.26484716,1.4811945357904719,True
2TeZn-1,Te1-Zn1,0.5445857993032709,1.2938448405431962,,1.6316696,0.27202612,1.3319124645501055,True
1IInAu3Br3O4-1,Au3-Br3-I1-In1-O4,0.7381335258682906,1.6304493924886865,,2.0527947,0.27379426,1.6770240831168224,True
2BrTa2Te6-1,Br1-Ta2-Te6,0.6703194062973454,1.092606029630063,,1.4541172,0.26466972,0.8725439258989176,True
2AlTe-1,Al1-Te1,1.747981739998822,2.363037678002049,3.0157179013765862,3.1403906,0.2620381,0.6375132043070207,True
2TlPd2Se3-1,Pd2-Se3-Tl1,0.8340199526730525,1.3161563226436228,,1.7440726,0.27480417,0.6892524400726,True
2TlNi2S3-1,Ni2-S3-Tl1,0.8435089393836244,1.4623723255925347,,1.8883146,0.25962824,0.5881178493140196,True
1MgNa2Se2H4S8-1,H4-Mg1-Na2-S8-Se2,2.1043363389413523,3.1225122840383808,,4.0492635,0.25878042,1.0308412065926544,True
2SbI3-1,I3-Sb1,1.8256443291130335,2.484213990533749,,3.288692,0.2579014,0.5407270877576617,True
1PdSSePt3Cl6-1,Cl6-Pd1-Pt3-S1-Se1,0.529605812752679,1.3291393087462278,,1.6533985,0.2657673,1.5402730191177072,True
2IZn-1,I1-Zn1,2.0909403890928577,2.8824641367128265,,3.8167284,0.26134342,0.4768998967697603,True
2GaTe-1,Ga1-Te1,1.2966556208609772,1.861535360406339,2.617097678288353,2.4522834,0.26316267,0.47445954842096844,True
2CdTe-1,Cd1-Te1,0.632554622704864,1.3305995781073516,,1.693468,0.25195536,1.04652727743921,True
1BiITe-1,Bi1-I1-Te1,0.4124843673462051,0.9287877152560153,1.4190201880971092,1.1967198,0.26612884,0.9081533204274264,True
2TeAu2O6-1,Au2-O6-Te1,1.0799961790598305,2.4670722646105396,,3.0349245,0.28315642,3.5261919303728555,True
2GeInS-1,Ge1-In1-S1,0.41395658543462055,0.9140306467778256,,1.1839149,0.25884047,0.8997545202023046,True
2GaGeSe3-1,Ga1-Ge1-Se3,1.0088053801737051,1.6290581911186721,,2.1336038,0.2571878,0.4208210076688828,True
1MgNa2H4S10-1,H4-Mg1-Na2-S10,2.2965340905916287,3.35722336083286,,4.375155,0.2629074,1.1310392764778154,True
2ClIrTe-2,Cl1-Ir1-Te1,1.0961527187002016,2.0497440263204902,,2.6027386,0.27719215,1.552898788658775,True
1Bi2S3-1,Bi2-S3,0.46999257714183007,1.0414042520490965,,1.3405052,0.26481736,0.9126238484756224,True
1BrCoSe-1,Br1-Co1-Se1,0.9041746158316216,2.1531790590415563,,2.653556,0.28225362,3.0745177177223897,True
1GeI2-1,Ge1-I2,1.9539583637002689,2.6677781234157325,3.3475638538983996,3.5165696,0.26055324,0.4913208751186225,True
1CoLiP2Se6-1,Co1-Li1-P2-Se6,0.8325315366712176,2.003765085054899,,2.4733298,0.2728465,2.798276540675157,True
1PbNa2H6S6-1,H6-Na2-Pb1-S6,1.4978879585119995,2.3746857826783088,,3.0750017,0.27370688,0.807405520504768,True
1GePbSSe-1,Ge1-Pb1-S1-Se1,0.8462604316880202,1.3025120576094005,,1.7260057,0.26409113,0.765186598181337,True
2GeInSe-1,Ge1-In1-Se1,0.5529620024674604,1.0046510361139145,,1.315616,0.26126227,0.8392375631714617,True
4HgI2-1,Hg1-I2,1.6639636631658328,2.489792444664536,,3.2536852,0.26183185,0.4429749230267091,True
2TlPd2Te3-1,Pd2-Te3-Tl1,0.37683746773999083,0.5669848305769047,,0.78324395,0.26167846,1.625029177045395,False
2AgClHgSe-1,Ag1-Cl1-Hg1-Se1,1.3481294007517737,2.3616345568501713,,3.0044148,0.2594823,1.5705157845488305,True
1HgI2-1,Hg1-I2,1.540469691446846,2.3970432404775206,,3.1217725,0.27002376,0.6773000842048392,True
4ClCuSe-1,Cl1-Cu1-Se1,0.8722946063729644,1.4543936402235333,,1.8869892,0.2610346,0.5262116679050831,True
2InTe-1,In1-Te1,1.2326469781332072,1.8116609058408257,2.3619934395706057,2.379531,0.27035725,0.3936481280706735,True
2InSSi-1,In1-S1-Si1,1.5172016464741669,2.2054296241545233,,2.9013996,0.2637633,0.0710065842701222,True
1P2Pd3S8-1,P2-Pd3-S8,1.7502109295603692,2.8755854989989182,,3.6994135,0.26346767,1.728613888777436,True
2PtN2O6-1,N2-O6-Pt1,2.205815510636989,3.863710559282271,,4.9019794,0.27900928,3.7871166175369897,True
1SnSe2-1,Se2-Sn1,0.762167625766442,1.3334170782580537,1.9121600644033614,1.7209572,0.26634693,0.6188466462624005,True
1PbSb2Se4-1,Pb1-Sb2-Se4,0.42364938641059924,0.8705241956222818,,1.1400162,0.26571313,0.9133616861520315,True
1InNaAs2S6-1,As2-In1-Na1-S6,1.9142750154789567,2.836027869118116,,3.7022188,0.258233,0.7186563776409498,True
2PbTe-1,Pb1-Te1,0.4453871101083335,0.8778946428416765,1.246060092501092,1.1578311,0.27192393,0.9190856308575491,True
1CuInP2S6-1,Cu1-In1-P2-S6,1.5456294664936259,2.8275554527626485,,3.5634565,0.268403,2.614869565862041,True
2PdSeCl2-1,Cl2-Pd1-Se1,0.6399454119739834,1.4453987072402925,,1.8275203,0.2753568,1.433549271749775,True
1P2Pt3S8-1,P2-Pt3-S8,1.8878920300978197,3.117670808133811,,3.977074,0.27264002,2.094505313149341,True
2PtS2-1,Pt1-S2,1.8020945091692493,2.7867348921721726,,3.6063216,0.26881787,1.0550531634755784,True
2AgCdITe-1,Ag1-Cd1-I1-Te1,1.193274500433549,2.046804961470954,,2.6216795,0.26844326,1.0067646118718157,True
1InLiAs2S6-1,As2-In1-Li1-S6,2.0196087947568824,3.005543415515432,,3.908254,0.2650551,0.9355746395336983,True
2RuSe2-1,Ru1-Se2,0.778794279676339,1.5952369559102693,,2.019238,0.2622955,1.3154311329400346,True
4AsPdS-1,As1-Pd1-S1,0.8877018987290852,1.5013790224627739,,1.9533533,0.26976523,0.5340904950666931,True
1GaInTe2-1,Ga1-In1-Te2,0.9659759369647866,1.531791264501281,,2.0134463,0.25904608,0.4713619086766803,True
2AgClHgTe-1,Ag1-Cl1-Hg1-Te1,1.4241481799272595,2.2718935846964388,,2.9516237,0.2663836,0.7440226504429721,True
2InPd2Se3-1,In1-Pd2-Se3,0.8343558851248343,1.2901525310079367,,1.7105002,0.2708165,0.7662795435151114,True
4ClCuTe-1,Cl1-Cu1-Te1,0.940268552389556,1.33881279277489,,1.7859364,0.26680738,0.999637067913929,True
2AgBr-1,Ag1-Br1,1.7238042684096084,2.9623770335906077,,3.7601452,0.2764772,2.2648319185613173,True
2CPPbH3S3-1,C1-H3-P1-Pb1-S3,2.1103825246664645,3.0787872938462484,,4.010321,0.25939772,0.8341817286311196,True
1IRhSe-1,I1-Rh1-Se1,0.5448386251380836,1.4253816188724806,,1.7611802,0.263123,1.8482300323161156,True
2HPPbS3-1,H1-P1-Pb1-S3,1.8840635217492214,2.8172753255170426,,3.6694732,0.26063126,0.7806056997636132,True
1SeSn-1,Se1-Sn1,2.176639794741175,2.7880554455028292,3.6645807157786874,3.7396736,0.2688589,1.1396954803172308,True
2ClCuHgTe-1,Cl1-Cu1-Hg1-Te1,0.8971151284524264,2.057683625142096,,2.5653481,0.27627236,2.684106131075975,True
2TaI2Te2-1,I2-Ta1-Te2,0.5693235817685427,1.1771790597720446,,1.5193596,0.26685804,0.8710154193025051,True
4Ga2Te3-1,Ga2-Te3,0.8989633251344895,1.4801089601158561,,1.938385,0.2758169,0.5044059686993768,True
1CoNaP2Se6-1,Co1-Na1-P2-Se6,0.5250983255491581,1.7174907164231756,,2.068931,0.2800964,3.2146399526236253,True
2AgClHgS-1,Ag1-Cl1-Hg1-S1,1.3875803466090595,2.526026955574869,,3.2130141,0.2664119,2.102578845263104,True
2InPd2Te3-1,In1-Pd2-Te3,0.3913408846437627,0.5796132732787855,,0.7994733,0.26482642,1.6360268479655473,False
1AgInP2S6-1,Ag1-In1-P2-S6,1.317293751322512,2.3653077633070336,,3.0108964,0.2744005,1.7569658665741137,True
4AsPdSe-1,As1-Pd1-Se1,0.7389742513553128,1.28253200766925,,1.6587698,0.2589959,0.6356284403121211,True
2ITa2Te6-1,I1-Ta2-Te6,0.6145555461846623,1.023930002402552,,1.3469214,0.2630484,0.9144140252961769,True
1Al2Te5-1,Al2-Te5,1.2165587137891372,1.8036115254956533,,2.3659294,0.262095,0.3626015119226427,True
1SeTeW-1,Se1-Te1-W1,1.036539017610635,1.493412056792512,1.8003597541082819,1.9835658,0.27305713,0.8033434634713683,True
2InSeSi-1,In1-Se1-Si1,1.5093583239452333,2.1488946292569793,,2.8348346,0.26739722,0.28648114165295213,True
1AsClTe-1,As1-Cl1-Te1,1.478712991878009,2.1466220932423274,2.59602796221676,2.8228538,0.26028535,0.13378036550000563,True
1AgCuBr2-1,Ag1-Br2-Cu1,2.313580834989929,3.7993428901398616,,4.838536,0.26537573,2.9360011645760573,True
2TlNi2Se3-1,Ni2-Se3-Tl1,0.539882190068822,0.8194421873249507,,1.1097046,0.27020776,1.3336293655176905,True
4AuClTe-1,Au1-Cl1-Te1,1.35979158919169,1.924032985202794,,2.546882,0.25552377,0.5141246916838049,True
2InPS3-1,In1-P1-S3,0.8393070008090084,1.3949282191850638,,1.8166806,0.2595132,0.5578292997618678,True
4CoS2-1,Co1-S2,0.32232127129325283,0.6180926219744749,,0.82630354,0.27375063,1.2614234609127601,True
1AgAlP2Se6-1,Ag1-Al1-P2-Se6,1.366218787774382,2.3391806005332203,,2.9874566,0.2809089,1.3688266330895755,True
2CdPSe3-1,Cd1-P1-Se3,1.2709515819191428,2.1498145200972845,,2.755558,0.2571437,1.0378343614164496,True
4BBiS3-1,B1-Bi1-S3,1.4860194049111737,2.3775242445118394,,3.0640273,0.27232373,0.8853190358801677,True
2IrNiS4-1,Ir1-Ni1-S4,0.5936498493865043,1.3634353575825007,,1.7187061,0.26202965,1.3499655296990896,True
2RhI3-1,I3-Rh1,0.9910661198756803,1.9654730555692967,,2.4773235,0.2706154,1.7559194888098453,True
1ISbSe-1,I1-Sb1-Se1,1.0117900268465283,1.52915290375479,1.993559096344906,2.0145743,0.2603972,0.5765881410813106,True
1AuInSI2-1,Au1-I2-In1-S1,0.9903712031545555,1.6476457485321978,,2.1329556,0.26171243,0.4999694265577808,True
1SnSb2Se4-1,Sb2-Se4-Sn1,0.36798581403608277,0.6938854521204731,,0.93652475,0.26546913,1.17214332650083,True
1AgGaP2S6-1,Ag1-Ga1-P2-S6,1.2700389818079163,2.284638792566074,,2.906361,0.2618124,1.6511051361462719,True
2PtSe2-1,Pt1-Se2,1.4413985524309434,2.2970478969934147,,2.9709468,0.26262802,0.7634062446427253,True
2BrIrSe-2,Br1-Ir1-Se1,1.0779765952954512,2.0672166425998064,,2.6226423,0.2669606,1.730818225703863,True
2CdCuITe-1,Cd1-Cu1-I1-Te1,1.1505276956169432,2.486283566158969,,3.0796022,0.26378486,3.2251048787683767,True
1InNaAs2Se6-1,As2-In1-Na1-Se6,1.3357582604905085,2.120837075683529,,2.7528906,0.2674654,0.5527926665131906,True
4NiPSe-1,Ni1-P1-Se1,0.6281202137411279,2.0206359517639365,,2.4321516,0.28500828,3.999961025876021,True
2ClCuSe2-1,Cl1-Cu1-Se2,0.8286570989467634,2.423749984631837,,2.9037492,0.2848557,4.714465912113385,True
2BrCuHgS-1,Br1-Cu1-Hg1-S1,0.7754348877252495,2.1005085742390315,,2.5536337,0.27345413,3.547076776923696,True
2AgBrHgSe-1,Ag1-Br1-Hg1-Se1,1.2841450129522198,2.2663964402787933,,2.8834577,0.26276484,1.490705798005103,True
1MoTe2-1,Mo1-Te2,0.9318333397619183,1.369604108877922,1.5626285814924223,1.809861,0.262162,0.8434887582385008,True
2OsS2-1,Os1-S2,0.5297053819122167,1.386851546785019,,1.716918,0.27168044,1.7698428684194376,True
2FeSe2-1,Fe1-Se2,0.5751873401731686,1.0534182339230824,,1.3736261,0.26564357,0.7915691604940577,True
2PZnSe3-1,P1-Se3-Zn1,1.3067535729365023,2.2222795514037874,,2.8471606,0.2739356,1.1665216123945585,True
2ClCuO2-1,Cl1-Cu1-O2,0.45221571877344147,1.287081708956813,,1.6035157,0.25808385,1.7705100400051947,True
2AuCdITe-1,Au1-Cd1-I1-Te1,0.8242496877768843,1.5012204984817976,,1.929435,0.2575808,0.7494724938158005,True
1P2Ni3S8-1,Ni3-P2-S8,1.0526151468865659,2.890326983748691,,3.4872682,0.30493104,5.602938913737061,True
1AsBrSe-1,As1-Br1-Se1,1.227943332540165,1.8391525816641887,2.273741430126045,2.3988297,0.26241073,0.2893025619444173,True
2PdS2-1,Pd1-S2,1.1198988050409382,2.014844453906189,,2.5860286,0.2524768,1.2677454676987117,True
1GaInP2Se2S4-1,Ga1-In1-P2-S4-Se2,0.9552410690122621,1.5655912059838155,,2.0439603,0.26973057,0.4641590745809463,True
2HgI-1,Hg1-I1,1.2769058661650141,1.9182972566585224,,2.51523,0.26132092,0.20974517798652387,True
2AgBrHgTe-1,Ag1-Br1-Hg1-Te1,1.3934330314301921,2.257306180199584,,2.9122887,0.2586278,0.8470898690600758,True
1BiCuP2S6-1,Bi1-Cu1-P2-S6,1.4172357002831433,2.5884897333285988,,3.2842352,0.2703844,2.2248930719119886,True
2InNi2Se3-1,In1-Ni2-Se3,0.5650295078071692,0.7733051873790839,,1.0770375,0.2613614,1.616079461891065,True
1BrCoTe-1,Br1-Co1-Te1,0.8956203130119996,1.810399510321689,,2.2923315,0.26303568,1.5975884691448285,True
2In2Te3-2,In2-Te3,0.602469020220888,0.9953879553846734,,1.332466,0.27320248,0.9616959354191549,True
2AlGeTe-1,Al1-Ge1-Te1,0.8685000816317137,1.3679514372602402,,1.8047525,0.26300725,0.6384622774093058,True
2BrCu-1,Br1-Cu1,1.5220541658489855,3.4233528965141344,3.253356328474494,4.1871195,0.29044104,5.463926736659973,True
2ClCuTe2-1,Cl1-Cu1-Te2,0.8533488049947926,2.30784937019766,,2.787927,0.27561265,4.0533410038340545,True
1ISSb-1,I1-S1-Sb1,1.219102971949605,1.7824491412878976,2.2601299379992303,2.3536158,0.26047865,0.4489098983770595,True
4SSbSi-1,S1-Sb1-Si1,2.1675811135843412,2.9219604113912303,,3.8586075,0.26786727,0.630172172764706,True
2AgBrHgS-1,Ag1-Br1-Hg1-S1,1.3185987225770042,2.3630801659654845,,3.0000308,0.26809624,1.739654034806915,True
4PSeSi-1,P1-Se1-Si1,1.9917034149755939,2.8292523187866996,,3.7103088,0.2736018,0.4281738052677607,True
2CsC2H3S3-1,C2-Cs1-H3-S3,2.242718604444428,3.34523519111655,,4.3522425,0.271206,1.31565785807961,True
2AsSiSe3-1,As1-Se3-Si1,1.7895804607863586,2.5383872849346956,,3.34587,0.25976434,0.22245368539409965,True
2PtTe2-1,Pt1-Te2,1.309126196492565,2.0008763803936542,,2.6068249,0.26337186,0.21458609871688689,True
4AsPdTe-1,As1-Pd1-Te1,0.4953777326684943,0.9672526925928375,,1.2624425,0.2599047,0.8460861905486742,True
1CrSeTe-1,Cr1-Se1-Te1,0.5721776504310976,0.9940276939248328,0.9737017937003845,1.303508,0.26922327,0.8911538680964232,True
2AlSiTe3-1,Al1-Si1-Te3,1.1145255929465998,1.6725993338562848,,2.213723,0.2649799,0.4507597147060194,True
1SHg2I2-1,Hg2-I2-S1,2.2644401258700695,3.2029629867257303,,4.205548,0.25713658,0.7306049875763593,True
1CoLiAs2Se6-1,As2-Co1-Li1-Se6,0.3333974936103181,1.1750807641093295,,1.4323308,0.26259688,1.936934328144286,True
4AsSeSi-1,As1-Se1-Si1,2.1088612218201845,2.9013319531983117,,3.8222206,0.26309758,0.4937773588958237,True
1NiPd3Se8-1,Ni1-Pd3-Se8,0.3817485618761258,0.7018304824077519,,0.9531696,0.26717466,1.1871624753175716,True
2NiS2-1,Ni1-S2,0.8238762701691387,2.230675184120318,,2.7102597,0.27340665,3.8669022731273444,True
1PdSe2-1,Pd1-Se2,0.5579655400006607,0.9063029400623621,1.614912444190729,1.2162559,0.2606788,1.0983980485683342,True
1AuClPdSe-1,Au1-Cl1-Pd1-Se1,0.7435883542054098,1.6230554511946034,,2.0300217,0.26642033,1.6166864553714406,True
2CGePH3S3-1,C1-Ge1-H3-P1-S3,2.58555775143767,3.49922210928515,,4.6014066,0.26119497,0.8664610762192857,True
2ZnP2S4-1,P2-S4-Zn1,1.8912682109411008,2.7587971275437226,,3.6117384,0.25396353,0.5140461240460382,True
2ZnAs2S4-1,As2-S4-Zn1,1.6528324137865231,2.4571297442921143,,3.2113767,0.2577593,0.3556035725285017,True
1SeS3I4Pt4-1,I4-Pt4-S3-Se1,0.641326354927014,1.45507179445049,,1.8263302,0.27217463,1.4648757741074734,True
2AgI-1,Ag1-I1,1.7684724011775892,2.7818495819334284,,3.5846488,0.26801562,1.207871468157219,True
1Cl2Cu2S3As4-1,As4-Cl2-Cu2-S3,1.1980332681248513,2.9096378885927794,,3.528088,0.28449252,4.892195956311988,True
2PdTe2-1,Pd1-Te2,1.2118995568262174,1.7430097553511747,,2.320379,0.25870314,0.5747474444059422,True
1SeAu2O4-1,Au2-O4-Se1,0.8429826625774828,1.9251307149539496,,2.3855333,0.26483434,2.390051615176234,True
4AsNiS-1,As1-Ni1-S1,0.5125329630926605,1.5072975516923708,,1.8432518,0.26855448,2.366146885499012,True
4AuClSe-1,Au1-Cl1-Se1,1.4526473131980033,2.230071145721691,,2.912869,0.26583645,0.3973142531406675,True
2ClRe3Te4-1,Cl1-Re3-Te4,0.4610290287014789,0.9614616915427596,,1.244948,0.26957804,0.8602229980514546,True
1WMo3Te8-1,Mo3-Te8-W1,0.8995266338741364,1.3263473006179833,,1.766034,0.27171206,0.8759939782369217,True
1CoNaAs2Se6-1,As2-Co1-Na1-Se6,0.3432015281341201,1.2951913610160526,,1.5569456,0.26662698,2.3758505040951845,True
2GaGeTe-1,Ga1-Ge1-Te1,0.6744023696359973,1.1648649293876177,,1.5237877,0.2565806,0.7230870859140793,True
1NiS2-1,Ni1-S2,0.5833718087914519,1.0023652177257185,1.8677373886993,1.3255905,0.2749258,0.8952012457866224,True
4AuBrTe-1,Au1-Br1-Te1,1.2927953226184088,1.8600621262859165,,2.448689,0.25705358,0.4624918347712139,True
2AlGeTe3-1,Al1-Ge1-Te3,0.943295303776253,1.4760326840501885,,1.9470681,0.27852604,0.5414167507728043,True
1ISbTe-1,I1-Sb1-Te1,0.8377316323764736,1.3216126528129446,1.6763317600369703,1.7435619,0.2546324,0.684065295653735,True
4BrCuTe-1,Br1-Cu1-Te1,0.7421518601777404,1.1351238759538962,,1.5014832,0.26508766,0.9665508707533625,True
1AgGaP2S2Se4-1,Ag1-Ga1-P2-S2-Se4,0.9233490691874697,1.8013555608280858,,2.2881808,0.25737336,1.408432352797012,True
2AgClTe2-1,Ag1-Cl1-Te2,1.2913679087724856,2.0981654539162493,,2.72513,0.26134124,0.6959507650318848,True
1BrSbTe-2,Br1-Sb1-Te1,1.3189487249002596,1.81940948592927,2.252901762420853,2.4287822,0.25823653,0.7699239626130219,True
1CuSbP2S6-1,Cu1-P2-S6-Sb1,1.6717311153634684,2.6391843036065037,,3.4096484,0.27205944,1.0740826973811477,True
1Ga2Te5-1,Ga2-Te5,0.8596502695152948,1.3892047673289007,,1.8281369,0.2715128,0.5766569831871089,True
1CrMo3Te8-1,Cr1-Mo3-Te8,0.6445550150371089,1.104671749703559,,1.4599676,0.26877362,0.7874300255867394,True
1P2Pd3Se8-1,P2-Pd3-Se8,1.4627085681073888,2.386111924897065,,3.071011,0.26187798,1.0522529643053926,True
2GePS3-1,Ge1-P1-S3,1.405653654643614,2.095555602456283,,2.7327921,0.2638745,0.09912159440035596,True
1AuBiP2S6-1,Au1-Bi1-P2-S6,1.4405100483714541,2.2148288947992856,,2.8791885,0.2661678,0.3954174745667843,True
1AuCuBr2-1,Au1-Br2-Cu1,2.084207499066893,3.532973836507794,,4.4896994,0.26915255,2.93487945572381,True
4AgClSe-1,Ag1-Cl1-Se1,0.8370859332137099,1.2787344843650068,,1.7097329,0.26530227,0.8122725793174832,True
2AgClSe2-1,Ag1-Cl1-Se2,1.3397932950734837,2.4205370092561282,,3.0694854,0.2700227,1.8844225181082785,True
2AuCl-1,Au1-Cl1,2.1183000783422936,3.1612302627032687,,4.104271,0.25968993,1.1259680954906495,True
2AgHgISe-1,Ag1-Hg1-I1-Se1,1.0337857581891479,1.8798226165389909,,2.4007242,0.25014013,1.148481128119876,True
2BiSbSe3-1,Bi1-Sb1-Se3,0.9371498021713993,1.4741871956087702,,1.9513054,0.25517988,0.5336909338626263,True
2TeZnN2H4-1,H4-N2-Te1-Zn1,1.8223394354446762,2.5674305200241774,,3.3819354,0.26628548,0.2594585416017178,True
1AgInP2Se6-1,Ag1-In1-P2-Se6,0.8630466948580029,1.7071298338532443,,2.1571374,0.26152548,1.3325340410476896,True
1MgB2H8-1,B2-H8-Mg1,6.082173090564821,7.486423969633201,,9.949182,0.27602318,3.804601432461307,False
1AgAlAs2Se6-1,Ag1-Al1-As2-Se6,0.7642393004571084,1.5766849945499355,,1.9770294,0.27716434,1.3161618018962764,True
1MoAu2Se4-1,Au2-Mo1-Se4,0.5924480559950571,1.2469096988896795,,1.5709671,0.25286475,0.9601959085651595,True
1In2Te5-1,In2-Te5,1.0802648388894958,1.649022598282655,,2.1658309,0.25995302,0.4239971298038252,True
2Sb2S3-1,S3-Sb2,1.8818752901901012,2.6351589383866165,,3.45868,0.27029946,0.31023450500501465,True
1CuInP2Se6-1,Cu1-In1-P2-Se6,0.9080369106453623,2.0509062009064927,,2.5537803,0.26740605,2.5935586737814984,True
2BrPt-1,Br1-Pt1,1.1766232670448549,1.6626060029958838,,2.219218,0.26703244,0.7462778902269739,True
2IIrS-2,I1-Ir1-S1,0.8630524620870568,1.7487636015906938,,2.207709,0.26597258,1.5086356092081883,True
1GeS-1,Ge1-S1,2.449635146788082,3.230953137127927,4.183167490164307,4.2852054,0.264972,0.8918294102783522,True
4AsGeS-1,As1-Ge1-S1,2.041267962191791,2.844452481078299,,3.7435787,0.26915208,0.4242032876919039,True
1GeS2-2,Ge1-S2,0.7290217340043323,1.4046715687206248,2.265981066506524,1.8125648,0.28023735,0.8594042390816398,True
1PbTe-1,Pb1-Te1,0.9298516213187835,1.5002534549900912,2.0589840664315044,1.9595885,0.25175714,0.4871671192971218,True
2AuBrHgTe-1,Au1-Br1-Hg1-Te1,0.5383264184898424,1.1383456627166244,,1.4537082,0.26641038,0.8897192424086054,True
1SSeGe2-1,Ge2-S1-Se1,1.2620405552323812,1.7656388868621145,,2.3424172,0.2683722,0.7187818164614237,True
2CuHgIS-1,Cu1-Hg1-I1-S1,0.7736436596522793,2.0384914077602776,,2.492817,0.2680387,3.278260092855556,True
2AgHgITe-1,Ag1-Hg1-I1-Te1,1.1271309577711333,1.9225707187604173,,2.4801142,0.26988664,0.8284773550600627,True
2CuHgISe-1,Cu1-Hg1-I1-Se1,0.7711959613056245,1.9633438194435877,,2.4076085,0.2738377,2.9551880896069562,True
2RuTe2-1,Ru1-Te2,0.6417526977208197,1.0714100934225907,,1.4075822,0.26179358,0.8569633077076741,True
1AgGaP2Se6-1,Ag1-Ga1-P2-Se6,0.9098135444974016,1.6935745501713457,,2.1557891,0.26037204,1.0310020200788779,True
2PdI2-1,I2-Pd1,0.5953535329697772,1.4717084709995498,,1.8131961,0.26812068,1.7728897033613786,True
2GaSiTe-1,Ga1-Si1-Te1,1.2679032134506618,1.8450202110370566,,2.4476876,0.26508355,0.41153204239326446,True
2SnTe-1,Sn1-Te1,0.6027654706041641,0.8974141157497812,1.0087943046814047,1.212365,0.26475772,1.2930339524063246,True
2InSiTe3-1,In1-Si1-Te3,0.6822323400707515,1.1829997044326444,,1.5460987,0.26033828,0.7054175272417437,True
2BrCuO2-1,Br1-Cu1-O2,0.43385827235305596,1.211869543922731,,1.4963626,0.2610129,1.5712611024552217,True
2AgHgIS-1,Ag1-Hg1-I1-S1,1.0995649957021891,2.008856000898704,,2.5571737,0.26338902,1.3527478331609806,True
2BiPS3-1,Bi1-P1-S3,0.6552901557904474,1.3158753485885393,,1.6745572,0.26470485,0.9029466278871362,True
2IIrTe-2,I1-Ir1-Te1,0.955561667701941,1.6712175117969268,,2.1591885,0.25579223,0.7178835913426922,True
2IIrSe-2,I1-Ir1-Se1,1.0099132569575775,1.8569340808634704,,2.3573751,0.26635003,1.1792961655069463,True
2BrRe3Te4-1,Br1-Re3-Te4,0.43513580310486955,0.9444846601575727,,1.2036608,0.26403326,0.8841812858437307,True
2AsI3-1,As1-I3,1.9113700539032834,2.625028652121637,,3.4825673,0.26529393,0.44069149701842497,True
2BrCuTe2-1,Br1-Cu1-Te2,0.8727809729858376,2.2990977805411936,,2.8024294,0.28132626,3.906605269631853,True
1PbSe2-1,Pb1-Se2,1.0269945857088418,1.8474635635266052,,2.3683913,0.27293968,1.047290779084195,True
4AgBrTe-1,Ag1-Br1-Te1,0.8831812142536837,1.2559292845741115,,1.6963105,0.27313542,1.0807557270287134,True
2CuSbS2-1,Cu1-S2-Sb1,0.3568729081799229,1.4106829856262537,,1.692177,0.26532793,2.7925527545616364,True
2ClCuI2-1,Cl1-Cu1-I2,0.3097514097944507,1.072980954820629,,1.3219433,0.27272844,1.6642225459442983,True
2MoWTe4-1,Mo1-Te4-W1,0.8615516026811869,1.27869337420857,,1.7034707,0.27332997,0.9025405294018398,True
2AsIrTe3-1,As1-Ir1-Te3,0.33573312750007744,0.3363334298969496,,0.53934026,0.25692588,2.366942507767802,False
1Br2Cu2S3P4-1,Br2-Cu2-P4-S3,1.231095429574518,2.985459269934271,,3.6241791,0.2842412,5.0565666157288645,True
2GeSe-1,Ge1-Se1,1.1211421895230416,1.559182098831073,1.8614327914429276,2.0802553,0.26661438,0.9207876746976513,True
4HgSe-1,Hg1-Se1,0.36562526184133715,0.9369855214442866,,1.1688024,0.2541304,1.0262928116397219,True
2CPbSbH3S3-1,C1-H3-Pb1-S3-Sb1,1.9728221839159144,2.889498903161849,,3.7545073,0.26262945,0.6769703520839712,True
1Ag2Cl2Se3As4-1,Ag2-As4-Cl2-Se3,1.6661253790195336,2.8444698138667315,,3.6263254,0.2746652,2.038379413528196,True
4AsSeSn-1,As1-Se1-Sn1,1.538860356179708,2.2438943045375854,,2.9556253,0.26000762,0.02072426455679498,True
2AgIBr2-1,Ag1-Br2-I1,1.0935188287529574,2.062597146787903,,2.610522,0.2780448,1.6246737457551996,True
1AgCuI2-1,Ag1-Cu1-I2,1.9112024477217102,3.3746337509330635,,4.2738256,0.27930963,3.1354377305499566,True
2SeTl-2,Se1-Tl1,0.4940468520376098,0.8911210271784331,1.3217043767413377,1.1799748,0.26481834,0.9680926158626502,True
1AuSbP2S6-1,Au1-P2-S6-Sb1,1.6826592278360653,2.3709986571537973,,3.1216092,0.2599611,0.25455320462209313,True
1PdS2-2,Pd1-S2,1.1709399864419376,1.6808733331839538,2.440632536986956,2.2260296,0.25972196,0.6435861237813832,True
4GePS-1,Ge1-P1-S1,1.9742075387441593,2.788536243669777,,3.664213,0.2686409,0.3826824166941277,True
2GeInTe3-1,Ge1-In1-Te3,0.6497497342737777,1.1485980169953516,,1.5052811,0.26010248,0.7260639018853701,True
2AgBrTe2-1,Ag1-Br1-Te2,1.2138987267842964,2.0545213050581035,,2.6437302,0.27255517,0.9278466531545809,True
1TeSb2Se2-1,Sb2-Se2-Te1,0.5731126992658179,1.0217028243827775,,1.3164945,0.2567466,0.8359553220426144,True
1AgBiP2Se6-1,Ag1-Bi1-P2-Se6,1.1007591302681417,1.9791375218532878,,2.5309215,0.26382282,1.2153897509470655,True
1GeSe-1,Ge1-Se1,2.2175112051577077,2.9145192404726146,3.7198919865320663,3.86117,0.26053938,0.8644250577547273,True
2CrMoTe4-1,Cr1-Mo1-Te4,0.556302422135827,0.9798002763340935,,1.293214,0.26658818,0.8917698587819113,True
4AgClS-1,Ag1-Cl1-S1,0.6617222546288,1.1637932418049344,,1.5172751,0.27882138,0.7156577827485926,True
1PbS2-1,Pb1-S2,1.3895312952283998,2.2988751579189426,,2.9399662,0.2545706,1.05725481865861,True
2CuHgITe-1,Cu1-Hg1-I1-Te1,0.9240939595389137,2.0776507711343872,,2.5717826,0.2640238,2.62504591000349,True
2AsCSnH3S3-1,As1-C1-H3-S3-Sn1,1.8814688112708102,2.7238834924274373,,3.5579016,0.26309475,0.42728965647429706,True
1SeSb2Te2-1,Sb2-Se1-Te2,0.3996818925608663,0.7761599050563233,,1.0223043,0.26583093,1.0397982533922114,True
4AuBrSe-1,Au1-Br1-Se1,1.2393687437957452,1.9905352925332283,,2.582591,0.26848018,0.5158584723622737,True
4SbSeSi-1,Sb1-Se1-Si1,1.8836739517451508,2.5860284666075968,,3.426802,0.26143834,0.44450427227947986,True
2Cl2Cu2S3-1,Cl2-Cu2-S3,0.3422313029642732,0.7036963818633803,,0.92548627,0.27160618,1.0891893896678755,True
4AuClS-1,Au1-Cl1-S1,1.4135517821657162,2.3503317211699293,,3.0361407,0.27356526,1.159137102462681,True
4GeSSb-1,Ge1-S1-Sb1,1.7516925796707516,2.4761841002550518,,3.258949,0.26020095,0.22019743582996076,True
2CSbSnH3S3-1,C1-H3-S3-Sb1-Sn1,1.6272004143655208,2.425663486911052,,3.1773186,0.25291225,0.3460441728728309,True
2AgClNC3H4-1,Ag1-C3-Cl1-H4-N1,1.6714294040610178,3.277918757301032,,4.0941277,0.26927555,3.9871263795024894,True
2OsSe2-1,Os1-Se2,0.5672753644166775,1.389307349052195,,1.7369405,0.26789787,1.5846174434300768,True
1Ag2Cl2Se3P4-1,Ag2-Cl2-P4-Se3,1.7315627724624827,2.986898251217999,,3.8015168,0.26105082,2.3347664937445987,True
2HInTeS4-1,H1-In1-S4-Te1,1.960252854032619,2.8997426802469164,,3.7869768,0.2666499,0.7714637581533307,True
4PtI2-1,I2-Pt1,1.2248896505889335,2.212097415686374,,2.8104296,0.27083966,1.5719303715108657,True
1SnSb2Te4-1,Sb2-Sn1-Te4,0.38682038923318696,0.6379718801417368,,0.87650007,0.27360553,1.4068110826256184,True
1Ag2Br2Se3As4-1,Ag2-As4-Br2-Se3,1.4369915307748982,2.5718068478317675,,3.2503827,0.2724867,2.0405249922742787,True
2CuI-1,Cu1-I1,1.786890780618711,3.359049485087538,,4.218061,0.27536312,3.73234053197454,True
1IOsPtBr5-1,Br5-I1-Os1-Pt1,0.319215570085706,0.8517973736291278,,1.0756856,0.26416755,1.0151541868417917,True
1AsISe-1,As1-I1-Se1,1.151118389274023,1.6849279007105276,2.0296108495293725,2.2290633,0.2730737,0.5415525431747608,True
4AuITe-1,Au1-I1-Te1,1.0711838555476998,1.671611246063363,,2.1875336,0.26946858,0.37219427175391895,True
2AuBr-1,Au1-Br1,1.9853378853136583,2.926366984452862,,3.814531,0.26661524,0.7678544476656018,True
1SnTe-1,Sn1-Te1,1.5823012023247234,2.0888037019408907,2.7243217762132463,2.7982197,0.2683563,0.9599095212928193,True
4HgTe-1,Hg1-Te1,0.37259408390261617,0.8990030425799269,,1.1497314,0.25524607,0.9544690532606355,True
1MoW3Te8-1,Mo1-Te8-W3,0.804370300292508,1.219551685297682,,1.626457,0.270481,0.8985641936666741,True
2AuClTe2-1,Au1-Cl1-Te2,0.9809880662166872,1.5893993826182515,,2.0612888,0.25628024,0.43946834274762325,True
2IRe3Te4-1,I1-Re3-Te4,0.37548648906293547,0.8938718800707557,,1.146901,0.2713449,0.944482348495858,True
2IrI3-1,I3-Ir1,1.3583279291195096,2.44952720392535,,3.1132748,0.25727096,1.914538894761232,True
2PdI2O6-1,I2-O6-Pd1,1.0340324929072118,2.7319895435749584,,3.3213396,0.27938938,4.984044917968343,True
1As2Pd3Se8-1,As2-Pd3-Se8,0.845212853922142,1.6011001769643713,,2.0507123,0.26160982,0.9980615230512072,True
2PtTeS3-1,Pt1-S3-Te1,0.7235853278647089,1.7309728435120988,,2.1321404,0.26225138,2.188293002870021,True
4GePSe-1,Ge1-P1-Se1,1.674946275612423,2.432913902108366,,3.1900737,0.27339047,0.16590315851857831,True
1Ag2I2S3Sb4-1,Ag2-I2-S3-Sb4,1.348754147696162,2.166631736009151,,2.810696,0.26434687,0.6846905451137615,True
1MoCr3Te8-1,Cr3-Mo1-Te8,0.46685327591123404,0.8929783349262663,,1.1878053,0.26862532,0.9190314454976516,True
1CSiH2-1,C1-H2-Si1,3.7813909449306236,4.870741622325641,6.354739183620055,6.4565043,0.26514867,1.8549206719503422,True
1Br2Cu2Se3P4-1,Br2-Cu2-P4-Se3,0.9604227490230404,2.556187498198589,,3.0969954,0.27244234,4.5896211786756735,True
1P2Ni3Se8-1,Ni3-P2-Se8,0.6999412689683178,1.9758756136377245,,2.3858135,0.2839256,3.4035564256193993,True
1CuSbP2Se6-1,Cu1-P2-Sb1-Se6,1.0493088977583427,1.9122821994821986,,2.4348073,0.2649531,1.2043086671241048,True
2CuISe2-1,Cu1-I1-Se2,0.7907959436364227,2.0992287120099764,,2.5533972,0.27534002,3.456645655781218,True
2P2S3-1,P2-S3,2.2610064878933915,3.271936278262573,,4.263564,0.26521918,0.9563816944156114,True
2InSiTe-1,In1-Si1-Te1,0.4175190736790868,1.0371262754199784,,1.3169199,0.25927213,1.0731742590121107,True
4GeSbSe-1,Ge1-Sb1-Se1,1.4880641569333903,2.16465758173826,,2.847981,0.26500466,0.10151767992815554,True
2PdTeS3-1,Pd1-S3-Te1,1.0062005290495644,1.8177466141329617,,2.3176289,0.2648273,1.033428001076991,True
1Ag2Br2Se3P4-1,Ag2-Br2-P4-Se3,1.4494991017956202,2.6505878043294935,,3.3475947,0.26817527,2.3316425111247936,True
2CuINC3H4-1,C3-Cu1-H4-I1-N1,0.8376043421494925,2.502060151685307,,2.9956193,0.28953958,5.020387265394932,True
2CH-1,C1-H1,3.4601107430494684,4.4211110950264505,6.415813274418973,5.8623896,0.26226008,1.6700439906166822,True
2CGeSbH3S3-1,C1-Ge1-H3-S3-Sb1,1.5491041964007457,2.385795717636774,,3.1053348,0.26400855,0.579138305195865,True
4SiP2-1,P2-Si1,1.5391928642475277,2.2984799664287636,,2.999268,0.26139477,0.234529661887423,True
1Cu2I2Se3Sb4-1,Cu2-I2-Sb4-Se3,0.884392802918291,2.312530909053016,,2.7962196,0.27100042,3.903378380869242,True
2AgITe2-1,Ag1-I1-Te2,1.0247329626486337,1.889084971843067,,2.4098132,0.2601891,1.2373346077703353,True
1AsITe-1,As1-I1-Te1,0.9824210262587282,1.5024923748158407,1.794577516976123,1.97071,0.2692623,0.5685433746746501,True
2ISb-1,I1-Sb1,0.5861573162815679,0.621055847490019,,0.9223471,0.26732254,2.353759613039687,True
2AuClSe2-1,Au1-Cl1-Se2,1.0875262491670328,1.7372909313259313,,2.2575603,0.26810637,0.37595855061229405,True
2HP3S6-1,H1-P3-S6,2.240931086462242,3.205281091660997,,4.1909513,0.2558004,0.8023688233565828,True
2NiTeS3-1,Ni1-S3-Te1,0.6097035785955847,1.566844270911516,,1.9285905,0.2699074,2.096796943942517,True
4AgITe-1,Ag1-I1-Te1,0.7266584732914136,1.0980326409860481,,1.4836588,0.26543716,1.0400341942429738,True
4P2S3-1,P2-S3,1.8324815325912311,2.6437347252727013,,3.4626043,0.27200693,0.3305355985162893,True
2AuBrTe2-1,Au1-Br1-Te2,1.0133511652494473,1.6212554024368824,,2.1312487,0.27031776,0.4114196802169665,True
4CuIS-1,Cu1-I1-S1,0.5680674722639694,1.157982310604249,,1.4929905,0.26622388,0.8376408483125555,True
1STeGe2-1,Ge2-S1-Te1,0.8900295310095286,1.2159057469559504,,1.6398873,0.26657084,1.2761364203431307,True
1WTe2-1,Te2-W1,0.7271129177540188,1.1408641561156432,1.3766233686731302,1.5203365,0.24862722,0.8962026724361117,True
1AsIS-1,As1-I1-S1,1.3364716297789239,1.9500066154135134,2.355958357641004,2.573786,0.25800362,0.2923527630253729,True
1CrTe2-2,Cr1-Te2,0.453283297446625,0.8687082803736172,0.8119657799799282,1.1341031,0.26203355,0.9432388623829868,True
1RuBr2-1,Br2-Ru1,1.0452996636176537,2.541624949676126,2.403057819504702,3.1019614,0.27334103,4.056051061868255,True
4AuBrS-1,Au1-Br1-S1,1.1204874194410186,2.000438592220704,,2.5651824,0.25054622,1.201056728931871,True
2IPt-1,I1-Pt1,0.3551299065345279,0.4039141514267164,,0.62366545,0.26214534,2.1762943728171407,False
1CrW3Te8-1,Cr1-Te8-W3,0.5428116456721616,0.9367921249634837,,1.2486961,0.27286515,0.9656960626348003,True
2AuI-1,Au1-I1,1.8080290134811015,2.5854584993526384,,3.4000392,0.273781,0.24723613426863816,True
1WCr3Te8-1,Cr3-Te8-W1,0.4428158811667401,0.841141239095355,,1.0976869,0.2558059,0.9800655598106733,True
2AuClS2-1,Au1-Cl1-S2,1.1927481831430087,1.9134862007311644,,2.4858148,0.27119496,0.45163316809308957,True
1PbAs2Te4-1,As2-Pb1-Te4,0.4768069328696509,0.8469828410310721,,1.1355723,0.2756023,1.0383971789651667,True
2CrWTe4-1,Cr1-Te4-W1,0.4968781333091822,0.8763845111557365,,1.1511886,0.26708797,1.0108109419772442,True
4ReTe2-1,Re1-Te2,0.8173624642986473,1.330936662758488,,1.7563546,0.2638726,0.6219867263708094,True
2AuS-1,Au1-S1,1.2163392281134509,2.010075119298491,,2.5965106,0.25641766,0.7211181203087198,True
4NiI2-1,I2-Ni1,0.632930609144942,1.9052419661450903,,2.3029244,0.2711366,3.45658782388902,True
4AuISe-1,Au1-I1-Se1,0.8495735239159794,1.4838577579427352,,1.9219434,0.2653001,0.609948722328222,True
2TeTl-2,Te1-Tl1,0.33947302943856683,0.6814480253702913,,0.8975259,0.27021638,1.1350030148642996,True
1Cu2I2Se3P4-1,Cu2-I2-P4-Se3,0.8787788649622343,2.301543206722109,,2.794633,0.28312132,3.8846027013208384,True
2AgIS2-1,Ag1-I1-S2,1.1881447905227633,2.2234483007862336,,2.807984,0.26679763,1.8257778230042108,True
2AuSbS3-1,Au1-S3-Sb1,1.2261957312987586,2.045926817373653,,2.6361287,0.25690144,0.8229587734358101,True
4AgISe-1,Ag1-I1-Se1,0.6051030848310353,1.0307436153249947,,1.3585163,0.26702392,0.8743572526142029,True
4SiAs2-1,As2-Si1,1.4221972449029598,2.0225370004709764,,2.6697936,0.2650825,0.3959831239326937,True
1AgAlP2Te6-1,Ag1-Al1-P2-Te6,0.5008887028421838,1.0646870790154581,,1.3552436,0.26295733,0.8684276001712042,True
4PSiTe-1,P1-Si1-Te1,1.5242590421659248,2.2393462805564806,,2.9277458,0.27017742,0.045569059698229164,True
2NiTe2-1,Ni1-Te2,0.9207980008049976,1.7029218107151665,,2.1709023,0.27223715,1.0116093465993914,True
1AgSbAs2Se6-1,Ag1-As2-Sb1-Se6,0.596745000387668,1.1803003251095965,,1.5267509,0.2569059,0.7962438385735335,True
4AsSiTe-1,As1-Si1-Te1,1.5735714171716275,2.2605103521864875,,2.9756174,0.26621673,0.1342849159773993,True
1CuSbAs2Se6-1,As2-Cu1-Sb1-Se6,0.5094599466545398,1.2573446799567836,,1.5902606,0.2585396,1.368924656842614,True
1SeAs2Te2-1,As2-Se1-Te2,0.5833960168587964,0.993165203293169,,1.3130625,0.27287528,0.9180959544667938,True
4SiTe2-1,Si1-Te2,1.2927574698482611,1.9402450516955878,,2.5542192,0.26535687,0.19312199330328433,True
1SAs2Te2-1,As2-S1-Te2,0.7094001430215612,1.148785320800186,,1.5301791,0.25965446,0.8209996291355943,True
2CuSe-4,Cu1-Se1,0.44711084243526233,1.1163487227355335,,1.3961858,0.26380637,1.1774304507959645,True
2GeTe-1,Ge1-Te1,0.815331286945854,1.1031650847689054,1.2859977313054745,1.5172668,0.27771908,1.3989541068287252,True
2AsSnTe3-1,As1-Sn1-Te3,0.45476845761786766,0.7215064951030894,,0.9996481,0.2713373,1.3628877958231644,True
2P2Se3-2,P2-Se3,1.793948344850465,2.699968277561336,,3.5096633,0.2707593,0.7137270073322549,True
4AsGeTe-1,As1-Ge1-Te1,1.2222078804486949,1.870914617316259,,2.434045,0.2568004,0.2417987187505003,True
1Tl2Te5-1,Te5-Tl2,0.6043036567309898,1.10249887144928,,1.4303265,0.2660493,0.7548063694140948,True
4AuI2-1,Au1-I2,0.3576897296903292,0.8802399537531622,,1.1211026,0.25832233,0.965374574892329,True
1GeTe-1,Ge1-Te1,1.473578448873159,1.9941093585389857,2.6470294749866463,2.6599746,0.25359952,0.79890008903471,True
4GePTe-1,Ge1-P1-Te1,1.2028561443555579,1.8345939432527831,,2.396666,0.2688807,0.2621257461095054,True
4AuIS-1,Au1-I1-S1,0.6629425143177854,1.3433997204993804,,1.7084144,0.26797828,0.9533898051270238,True
2OsTe2-1,Os1-Te2,0.7132964037368489,1.3789607924123017,,1.7650509,0.26982528,0.8485451158072211,True
4GeSbTe-1,Ge1-Sb1-Te1,1.047369322720849,1.6363886955936953,,2.1390176,0.26801968,0.39834773873765406,True
2HSi-1,H1-Si1,2.171198903815278,2.8615552106577553,3.8333651720593527,3.7880216,0.26871005,0.8319133057747735,True
1AgBiP2Te6-1,Ag1-Bi1-P2-Te6,0.40087752913751284,1.0749202369596413,,1.3455037,0.25566325,1.247759479063503,True
4SbSiTe-1,Sb1-Si1-Te1,1.3598264660983483,1.9658621640638632,,2.596917,0.2783014,0.3329798898137061,True
2AgSe-1,Ag1-Se1,0.7502400189894041,1.1786742925781897,,1.5641091,0.26456693,0.8505815336543374,True
2GePTe3-1,Ge1-P1-Te3,0.8185057591742342,1.2494238068688381,,1.6759022,0.2613676,0.8464118330153424,True
4P-1,P1,0.9025676593547001,1.5111873683643162,2.0250918795203465,1.9531492,0.28089276,0.5134526323143962,True
1AgSbP2Te6-1,Ag1-P2-Sb1-Te6,0.47535869473964754,1.1226009579773746,,1.4199538,0.26402706,1.0788326880123689,True
2P-1,P1,1.9290582540934849,2.7339604246771136,,3.600115,0.26534837,0.3465368415942855,True
4As-1,As1,0.8347269690251125,1.3237041292011327,1.796637983908826,1.7371138,0.26412126,0.6712055516093144,True
2AsTe-1,As1-Te1,0.9338499007824226,1.496138577144052,,1.9610829,0.2584336,0.49296208025381766,True
4GeSb2-1,Ge1-Sb2,0.9419590161864018,1.3329595064349289,,1.7866625,0.27498522,1.0308618417903768,True
2AgTe-3,Ag1-Te1,0.4772290620231727,0.7557647052840255,,1.0331198,0.2781963,1.3250951852519928,True
2AgS-1,Ag1-S1,0.9615159891823399,1.5571749165959718,,2.0332196,0.27241322,0.4534413551905075,True
2Sb-1,Sb1,0.9829007803851126,1.4062542364491943,,1.8747252,0.26567495,0.9167650683406654,True
2GeH-1,Ge1-H1,0.9200963558790143,1.4883506343670962,2.35348848688352,1.9488041,0.25904667,0.495172760305786,True
2PSb-1,P1-Sb1,0.8040688541077516,1.3790834903109825,,1.78734,0.27222034,0.5831179196815676,True
